escenario,operacion,t_rel_s,latencia_ms,servicio_ms,espera_cola_ms,estado,bytes,error
oficina x245,resumen de video,0.01,121.89,54.45,67.44,200,13773,
oficina x245,eventos recientes,0.012,119.91,34.63,85.27,200,14691,
oficina x245,resumen de video,0.056,74.82,33.92,40.9,200,13773,
oficina x245,eventos recientes,0.062,70.51,34.4,36.11,200,14691,
oficina x245,panel en vivo,0.062,63.84,27.92,35.93,200,42,
oficina x245,panel en vivo,0.063,63.44,28.12,35.32,200,42,
oficina x245,estado del sistema,0.067,64.64,32.83,31.81,200,318,
oficina x245,buscar contacto,0.067,59.54,27.59,31.95,200,840,
oficina x245,eventos recientes,0.079,53.84,32.75,21.09,200,14691,
oficina x245,panel en vivo,0.112,28.12,19.66,8.46,200,42,
oficina x245,resumen de video,0.112,35.92,27.12,8.8,200,13773,
oficina x245,eventos recientes,0.12,27.09,23.81,3.28,200,14691,
oficina x245,panel en vivo,0.124,13.89,8.11,5.78,200,42,
oficina x245,resumen de video,0.125,23.92,18.6,5.32,200,13773,
oficina x245,panel en vivo,0.125,20.44,14.91,5.53,200,42,
oficina x245,resumen de video,0.128,15.76,11.29,4.47,200,13773,
oficina x245,panel en vivo,0.141,8.97,6.85,2.12,200,42,
oficina x245,resumen de video,0.143,681.0,519.1,161.9,200,13773,
oficina x245,resumen de video,0.144,16.89,13.45,3.44,200,13773,
oficina x245,estado del sistema,0.144,510.04,309.11,200.92,200,318,
oficina x245,panel en vivo,0.149,466.65,270.44,196.21,200,42,
oficina x245,panel en vivo,0.155,460.64,269.67,190.97,200,42,
oficina x245,panel en vivo,0.156,6.82,2.14,4.68,200,42,
oficina x245,panel en vivo,0.159,442.09,298.75,143.34,200,42,
oficina x245,panel en vivo,0.16,441.78,258.97,182.81,200,42,
oficina x245,resumen de video,0.164,8.2,7.65,0.55,200,13773,
oficina x245,eventos recientes,0.166,182.47,90.29,92.18,200,14691,
oficina x245,panel en vivo,0.167,7.31,7.08,0.23,200,42,
oficina x245,resumen de video,0.167,13.26,12.46,0.81,200,13773,
oficina x245,eventos recientes,0.168,486.63,308.14,178.5,200,14691,
oficina x245,panel en vivo,0.169,10.58,6.79,3.79,200,42,
oficina x245,estado del sistema,0.17,187.81,74.89,112.92,200,318,
oficina x245,panel en vivo,0.17,177.42,63.95,113.47,200,42,
oficina x245,panel en vivo,0.173,426.6,255.87,170.73,200,42,
oficina x245,estado del sistema,0.174,479.99,307.48,172.51,200,318,
oficina x245,panel en vivo,0.175,424.71,251.46,173.24,200,42,
oficina x245,estado del sistema,0.176,445.78,272.87,172.91,200,318,
oficina x245,eventos recientes,0.181,158.23,54.73,103.5,200,14691,
oficina x245,resumen de video,0.182,174.81,71.53,103.28,200,13773,
oficina x245,panel en vivo,0.188,412.49,251.32,161.18,200,42,
oficina x245,resumen de video,0.19,15.83,6.11,9.72,200,13773,
oficina x245,eventos recientes,0.191,167.81,73.46,94.35,200,14691,
oficina x245,panel en vivo,0.193,12.24,4.48,7.77,200,42,
oficina x245,panel en vivo,0.195,421.63,268.98,152.65,200,42,
oficina x245,resumen de video,0.196,553.0,399.82,153.18,200,13773,
oficina x245,resumen de video,0.197,658.96,505.73,153.23,200,13773,
oficina x245,panel en vivo,0.197,452.12,301.22,150.9,200,42,
oficina x245,eventos recientes,0.199,456.25,302.85,153.39,200,14691,
oficina x245,eventos recientes,0.204,448.31,301.65,146.66,200,14691,
oficina x245,resumen de video,0.205,601.26,454.05,147.21,200,13773,
oficina x245,panel en vivo,0.209,391.72,250.26,141.46,200,42,
oficina x245,eventos recientes,0.209,452.43,308.81,143.63,200,14691,
oficina x245,eventos recientes,0.21,128.88,53.37,75.51,200,14691,
oficina x245,eventos recientes,0.217,495.95,359.42,136.53,200,14691,
oficina x245,panel en vivo,0.217,121.94,53.31,68.63,200,42,
oficina x245,eventos recientes,0.223,491.09,360.56,130.53,200,14691,
oficina x245,resumen de video,0.23,4.38,3.78,0.6,200,13773,
oficina x245,panel en vivo,0.233,423.0,301.88,121.12,200,42,
oficina x245,resumen de video,0.237,4.76,3.68,1.08,200,13773,
oficina x245,eventos recientes,0.237,546.07,429.02,117.04,200,14691,
oficina x245,eventos recientes,0.237,119.4,69.65,49.75,200,14691,
oficina x245,eventos recientes,0.238,118.53,69.51,49.02,200,14691,
oficina x245,panel en vivo,0.241,107.51,60.46,47.05,200,42,
oficina x245,eventos recientes,0.244,368.95,262.59,106.36,200,14691,
oficina x245,eventos recientes,0.245,425.72,315.91,109.8,200,14691,
oficina x245,resumen de video,0.245,8.22,5.33,2.89,200,13773,
oficina x245,estado del sistema,0.245,5.97,3.09,2.89,200,318,
oficina x245,eventos recientes,0.253,360.58,262.51,98.07,200,14691,
oficina x245,panel en vivo,0.254,2.48,2.23,0.25,200,42,
oficina x245,resumen de video,0.254,429.74,332.62,97.12,200,13773,
oficina x245,panel en vivo,0.256,399.41,295.59,103.82,200,42,
oficina x245,panel en vivo,0.258,399.1,297.04,102.07,200,42,
oficina x245,panel en vivo,0.264,349.61,257.17,92.45,200,42,
oficina x245,eventos recientes,0.266,346.83,256.12,90.72,200,14691,
oficina x245,estado del sistema,0.269,88.64,69.06,19.58,200,318,
oficina x245,eventos recientes,0.27,86.52,67.68,18.84,200,14691,
oficina x245,panel en vivo,0.27,386.48,295.6,90.88,200,42,
oficina x245,panel en vivo,0.27,3.7,2.33,1.37,200,42,
oficina x245,estado del sistema,0.272,453.65,364.96,88.69,200,318,
oficina x245,eventos recientes,0.275,419.33,333.41,85.91,200,14691,
oficina x245,eventos recientes,0.279,382.76,305.34,77.41,200,14691,
oficina x245,panel en vivo,0.28,12.88,8.64,4.23,200,42,
oficina x245,eventos recientes,0.28,11.8,7.92,3.88,200,14691,
oficina x245,panel en vivo,0.286,366.32,295.4,70.92,200,42,
oficina x245,panel en vivo,0.295,43.67,34.62,9.06,200,42,
oficina x245,eventos recientes,0.295,3.15,2.65,0.5,200,14691,
oficina x245,panel en vivo,0.296,52.26,44.06,8.2,200,42,
oficina x245,panel en vivo,0.298,358.81,295.36,63.45,200,42,
oficina x245,panel en vivo,0.298,358.37,294.7,63.67,200,42,
oficina x245,panel en vivo,0.299,40.77,34.49,6.27,200,42,
oficina x245,resumen de video,0.299,515.82,457.93,57.89,200,13773,
oficina x245,eventos recientes,0.302,55.12,51.53,3.59,200,14691,
oficina x245,panel en vivo,0.303,36.99,33.2,3.79,200,42,
oficina x245,eventos recientes,0.303,7.65,6.9,0.75,200,14691,
oficina x245,panel en vivo,0.304,353.55,295.5,58.05,200,42,
oficina x245,panel en vivo,0.307,3.7,3.14,0.56,200,42,
oficina x245,eventos recientes,0.311,372.81,325.82,46.99,200,14691,
oficina x245,eventos recientes,0.312,47.2,44.49,2.71,200,14691,
oficina x245,panel en vivo,0.313,24.64,19.74,4.89,200,42,
oficina x245,panel en vivo,0.316,306.25,263.99,42.26,200,42,
oficina x245,eventos recientes,0.316,452.21,405.44,46.77,200,14691,
oficina x245,resumen de video,0.318,504.93,464.5,40.43,200,13773,
oficina x245,eventos recientes,0.319,437.67,394.08,43.59,200,14691,
oficina x245,panel en vivo,0.321,17.03,15.98,1.05,200,42,
oficina x245,resumen de video,0.321,627.12,585.4,41.73,200,13773,
oficina x245,resumen de video,0.322,540.34,498.97,41.37,200,13773,
oficina x245,resumen de video,0.322,535.76,490.25,45.51,200,13773,
oficina x245,eventos recientes,0.329,368.28,328.86,39.42,200,14691,
oficina x245,panel en vivo,0.33,331.96,303.84,28.12,200,42,
oficina x245,eventos recientes,0.335,361.52,327.61,33.9,200,14691,
oficina x245,resumen de video,0.341,562.67,535.07,27.61,200,13773,
oficina x245,resumen de video,0.344,391.01,375.75,15.26,200,13773,
oficina x245,panel en vivo,0.349,9.6,7.08,2.52,200,42,
oficina x245,resumen de video,0.35,15.43,13.23,2.2,200,13773,
oficina x245,resumen de video,0.351,15.66,14.06,1.59,200,13773,
oficina x245,panel en vivo,0.353,15.91,9.53,6.38,200,42,
oficina x245,eventos recientes,0.353,14.18,13.39,0.79,200,14691,
oficina x245,eventos recientes,0.354,325.54,319.89,5.65,200,14691,
oficina x245,panel en vivo,0.357,308.95,306.35,2.59,200,42,
oficina x245,panel en vivo,0.358,308.02,302.44,5.58,200,42,
oficina x245,panel en vivo,0.36,300.93,291.42,9.51,200,42,
oficina x245,buscar contacto,0.363,65.86,64.75,1.11,200,465,
oficina x245,eventos recientes,0.365,7.74,7.34,0.4,200,14691,
oficina x245,eventos recientes,0.369,9.72,6.04,3.67,200,14691,
oficina x245,resumen de video,0.369,388.23,367.79,20.44,200,13773,
oficina x245,resumen de video,0.37,615.3,615.27,0.03,200,13773,
oficina x245,panel en vivo,0.37,290.73,266.02,24.7,200,42,
oficina x245,estado del sistema,0.372,309.16,290.8,18.36,200,318,
oficina x245,panel en vivo,0.373,9.22,8.69,0.53,200,42,
oficina x245,estado del sistema,0.373,308.19,290.94,17.25,200,318,
oficina x245,estado del sistema,0.374,325.18,303.7,21.48,200,318,
oficina x245,panel en vivo,0.378,302.54,289.16,13.38,200,42,
oficina x245,panel en vivo,0.382,280.6,261.93,18.67,200,42,
oficina x245,panel en vivo,0.382,298.12,284.77,13.35,200,42,
oficina x245,panel en vivo,0.386,296.53,285.78,10.75,200,42,
oficina x245,panel en vivo,0.386,296.8,285.93,10.87,200,42,
oficina x245,estado del sistema,0.388,3.12,2.7,0.42,200,318,
oficina x245,panel en vivo,0.39,4.24,3.45,0.79,200,42,
oficina x245,resumen de video,0.392,9.49,8.28,1.21,200,13773,
oficina x245,panel en vivo,0.394,3.87,3.25,0.61,200,42,
oficina x245,panel en vivo,0.394,8.48,2.88,5.59,200,42,
oficina x245,panel en vivo,0.404,8.19,7.76,0.43,200,42,
oficina x245,panel en vivo,0.406,3.96,2.07,1.88,200,42,
oficina x245,resumen de video,0.412,308.85,308.66,0.2,200,13773,
oficina x245,panel en vivo,0.412,13.75,13.49,0.26,200,42,
oficina x245,eventos recientes,0.412,211.27,210.78,0.49,200,14691,
oficina x245,panel en vivo,0.413,180.76,180.6,0.16,200,42,
oficina x245,estado del sistema,0.418,212.75,212.09,0.66,200,318,
oficina x245,panel en vivo,0.419,244.37,236.93,7.44,200,42,
oficina x245,resumen de video,0.421,303.02,302.16,0.86,200,13773,
oficina x245,panel en vivo,0.422,246.44,241.37,5.07,200,42,
oficina x245,panel en vivo,0.423,221.75,220.89,0.86,200,42,
oficina x245,panel en vivo,0.425,252.93,250.46,2.46,200,42,
oficina x245,panel en vivo,0.426,229.46,227.66,1.8,200,42,
oficina x245,panel en vivo,0.439,213.81,212.94,0.88,200,42,
oficina x245,estado del sistema,0.442,258.45,257.33,1.13,200,318,
oficina x245,panel en vivo,0.443,214.09,210.29,3.8,200,42,
oficina x245,quien es quien,0.446,6.85,4.99,1.87,200,3475,
oficina x245,panel en vivo,0.447,209.67,208.79,0.88,200,42,
oficina x245,panel en vivo,0.447,212.73,211.11,1.61,200,42,
oficina x245,estado del sistema,0.452,270.3,268.86,1.44,200,318,
oficina x245,estado del sistema,0.455,253.88,253.56,0.33,200,318,
oficina x245,eventos recientes,0.456,285.02,284.63,0.39,200,14691,
oficina x245,resumen de video,0.46,490.78,490.24,0.54,200,13773,
oficina x245,estado del sistema,0.46,325.99,311.22,14.77,200,318,
oficina x245,resumen de video,0.466,428.11,427.36,0.75,200,13773,
oficina x245,resumen de video,0.467,479.24,477.51,1.73,200,13773,
oficina x245,eventos recientes,0.469,245.31,242.18,3.13,200,14691,
oficina x245,eventos recientes,0.471,271.1,264.44,6.66,200,14691,
oficina x245,resumen de video,0.473,432.83,432.63,0.21,200,13773,
oficina x245,panel en vivo,0.477,232.26,229.05,3.21,200,42,
oficina x245,contactos recientes,0.478,6.98,5.85,1.13,200,1557,
oficina x245,panel en vivo,0.481,175.91,175.68,0.23,200,42,
oficina x245,eventos recientes,0.484,218.71,215.31,3.41,200,14691,
oficina x245,panel en vivo,0.485,217.59,214.99,2.6,200,42,
oficina x245,panel en vivo,0.49,217.23,216.91,0.32,200,42,
oficina x245,panel en vivo,0.49,216.12,215.69,0.42,200,42,
oficina x245,eventos recientes,0.494,233.86,232.76,1.1,200,14691,
oficina x245,panel en vivo,0.495,212.46,211.68,0.78,200,42,
oficina x245,eventos recientes,0.495,266.92,265.8,1.12,200,14691,
oficina x245,estado del sistema,0.496,217.86,217.56,0.3,200,318,
oficina x245,panel en vivo,0.497,208.07,206.18,1.89,200,42,
oficina x245,panel en vivo,0.498,162.27,161.41,0.85,200,42,
oficina x245,panel en vivo,0.5,205.63,205.2,0.43,200,42,
oficina x245,resumen de video,0.504,332.78,332.07,0.71,200,13773,
oficina x245,panel en vivo,0.505,210.01,208.26,1.75,200,42,
oficina x245,panel en vivo,0.506,154.01,153.82,0.18,200,42,
oficina x245,estado del sistema,0.506,208.16,207.72,0.44,200,318,
oficina x245,panel en vivo,0.507,202.31,201.89,0.42,200,42,
oficina x245,estado del sistema,0.507,235.42,234.56,0.86,200,318,
oficina x245,estado del sistema,0.507,206.22,205.01,1.21,200,318,
oficina x245,panel en vivo,0.509,211.4,208.03,3.37,200,42,
oficina x245,resumen de video,0.511,380.14,378.71,1.43,200,13773,
oficina x245,eventos recientes,0.513,227.93,227.64,0.29,200,14691,
oficina x245,panel en vivo,0.514,206.61,205.97,0.64,200,42,
oficina x245,estado del sistema,0.515,199.59,199.38,0.21,200,318,
oficina x245,resumen de video,0.516,293.13,292.98,0.15,200,13773,
oficina x245,eventos recientes,0.519,202.58,200.52,2.06,200,14691,
oficina x245,estado del sistema,0.52,262.8,262.37,0.43,200,318,
oficina x245,panel en vivo,0.52,191.04,190.47,0.57,200,42,
oficina x245,panel en vivo,0.52,138.09,135.42,2.68,200,42,
oficina x245,eventos recientes,0.521,191.88,190.04,1.83,200,14691,
oficina x245,panel en vivo,0.529,194.07,193.43,0.64,200,42,
oficina x245,panel en vivo,0.529,139.12,138.93,0.19,200,42,
oficina x245,resumen de video,0.533,356.07,355.44,0.63,200,13773,
oficina x245,panel en vivo,0.533,132.95,132.29,0.66,200,42,
oficina x245,eventos recientes,0.536,219.92,219.28,0.64,200,14691,
oficina x245,panel en vivo,0.536,190.63,187.63,3.0,200,42,
oficina x245,eventos recientes,0.537,204.86,204.14,0.72,200,14691,
oficina x245,estado del sistema,0.537,189.46,186.49,2.96,200,318,
oficina x245,resumen de video,0.547,413.73,413.41,0.32,200,13773,
oficina x245,eventos recientes,0.547,173.18,171.77,1.41,200,14691,
oficina x245,panel en vivo,0.548,182.99,181.6,1.39,200,42,
oficina x245,panel en vivo,0.549,169.35,169.1,0.24,200,42,
oficina x245,eventos recientes,0.553,226.57,225.92,0.65,200,14691,
oficina x245,estado del sistema,0.553,221.46,220.47,0.99,200,318,
oficina x245,estado del sistema,0.557,196.78,196.63,0.15,200,318,
oficina x245,panel en vivo,0.558,110.46,108.77,1.69,200,42,
oficina x245,panel en vivo,0.56,173.06,172.72,0.34,200,42,
oficina x245,panel en vivo,0.569,153.26,152.49,0.78,200,42,
oficina x245,panel en vivo,0.576,149.05,147.46,1.59,200,42,
oficina x245,panel en vivo,0.577,148.39,147.61,0.79,200,42,
oficina x245,panel en vivo,0.577,162.74,160.16,2.58,200,42,
oficina x245,panel en vivo,0.577,149.02,147.97,1.04,200,42,
oficina x245,eventos recientes,0.58,246.87,245.71,1.17,200,14691,
oficina x245,panel en vivo,0.582,145.58,143.69,1.89,200,42,
oficina x245,panel en vivo,0.583,148.52,146.96,1.56,200,42,
oficina x245,eventos recientes,0.587,199.12,198.78,0.33,200,14691,
oficina x245,panel en vivo,0.588,155.09,154.02,1.07,200,42,
oficina x245,abrir ficha,0.591,3.03,2.6,0.43,200,1045,
oficina x245,resumen de video,0.591,279.39,271.68,7.71,200,13773,
oficina x245,resumen de video,0.591,360.37,358.94,1.43,200,13773,
oficina x245,eventos recientes,0.592,184.97,183.19,1.78,200,14691,
oficina x245,panel en vivo,0.593,102.95,101.74,1.22,200,42,
oficina x245,panel en vivo,0.597,136.8,134.12,2.68,200,42,
oficina x245,panel en vivo,0.598,135.58,132.78,2.79,200,42,
oficina x245,panel en vivo,0.6,104.4,101.83,2.56,200,42,
oficina x245,panel en vivo,0.607,141.89,139.81,2.07,200,42,
oficina x245,panel en vivo,0.609,130.85,128.48,2.36,200,42,
oficina x245,resumen de video,0.611,238.94,196.66,42.29,200,13773,
oficina x245,metricas documentos,0.612,4.92,3.29,1.63,200,2650,
oficina x245,estado del sistema,0.618,182.15,181.62,0.53,200,318,
oficina x245,eventos recientes,0.625,135.68,134.73,0.95,200,14691,
oficina x245,estado del sistema,0.626,129.37,128.52,0.86,200,318,
oficina x245,eventos recientes,0.626,128.1,127.62,0.48,200,14691,
oficina x245,eventos recientes,0.627,160.58,134.32,26.26,200,14691,
oficina x245,panel en vivo,0.629,91.51,90.19,1.32,200,42,
oficina x245,resumen de video,0.63,302.29,260.53,41.77,200,13773,
oficina x245,estado del sistema,0.643,181.04,149.23,31.81,200,318,
oficina x245,resumen de video,0.644,258.26,257.31,0.95,200,13773,
oficina x245,panel en vivo,0.646,135.87,105.99,29.88,200,42,
oficina x245,panel en vivo,0.652,116.65,109.4,7.25,200,42,
oficina x245,resumen de video,0.657,231.8,211.72,20.08,200,13773,
oficina x245,panel en vivo,0.658,111.66,105.97,5.69,200,42,
oficina x245,panel en vivo,0.661,105.57,89.49,16.08,200,42,
oficina x245,resumen de video,0.665,186.93,183.2,3.73,200,13773,
oficina x245,panel en vivo,0.668,102.79,101.22,1.57,200,42,
oficina x245,resumen de video,0.668,262.65,260.11,2.54,200,13773,
oficina x245,panel en vivo,0.671,90.9,77.04,13.85,200,42,
oficina x245,resumen de video,0.675,215.45,213.47,1.98,200,13773,
oficina x245,panel en vivo,0.676,84.04,80.78,3.26,200,42,
oficina x245,resumen de video,0.679,194.06,193.1,0.95,200,13773,
oficina x245,eventos recientes,0.682,165.13,164.67,0.46,200,14691,
oficina x245,resumen de video,0.682,285.79,280.17,5.62,200,13773,
oficina x245,panel en vivo,0.683,82.0,74.75,7.25,200,42,
oficina x245,resumen de video,0.683,193.69,192.82,0.87,200,13773,
oficina x245,eventos recientes,0.683,170.78,163.45,7.33,200,14691,
oficina x245,panel en vivo,0.684,72.25,69.22,3.03,200,42,
oficina x245,panel en vivo,0.688,104.06,99.83,4.22,200,42,
oficina x245,panel en vivo,0.693,71.7,71.0,0.7,200,42,
oficina x245,panel en vivo,0.694,77.99,76.79,1.21,200,42,
oficina x245,panel en vivo,0.698,85.56,81.55,4.01,200,42,
oficina x245,panel en vivo,0.701,113.42,108.23,5.19,200,42,
oficina x245,panel en vivo,0.711,110.44,106.87,3.57,200,42,
oficina x245,panel en vivo,0.716,92.67,85.61,7.06,200,42,
oficina x245,resumen de video,0.72,233.7,229.97,3.73,200,13773,
oficina x245,eventos recientes,0.723,102.53,90.67,11.86,200,14691,
oficina x245,panel en vivo,0.723,55.66,54.98,0.68,200,42,
oficina x245,panel en vivo,0.727,48.41,47.82,0.59,200,42,
oficina x245,panel en vivo,0.731,47.97,47.6,0.37,200,42,
oficina x245,estado del sistema,0.731,70.93,70.11,0.81,200,318,
oficina x245,eventos recientes,0.734,67.86,67.79,0.07,200,14691,
oficina x245,resumen de video,0.735,199.57,197.48,2.09,200,13773,
oficina x245,estado del sistema,0.74,124.41,118.54,5.87,200,318,
oficina x245,resumen de video,0.741,245.83,229.91,15.92,200,13773,
oficina x245,panel en vivo,0.746,71.16,66.99,4.17,200,42,
oficina x245,estado del sistema,0.751,105.17,102.16,3.02,200,318,
oficina x245,panel en vivo,0.752,104.85,85.73,19.12,200,42,
oficina x245,estado del sistema,0.754,110.39,104.21,6.17,200,318,
oficina x245,resumen de video,0.756,136.64,132.9,3.74,200,13773,
oficina x245,eventos recientes,0.759,65.63,63.28,2.35,200,14691,
oficina x245,eventos recientes,0.759,76.96,76.14,0.81,200,14691,
oficina x245,eventos recientes,0.76,82.97,80.84,2.13,200,14691,
oficina x245,estado del sistema,0.763,133.52,108.44,25.08,200,318,
oficina x245,estado del sistema,0.766,59.13,57.0,2.12,200,318,
oficina x245,panel en vivo,0.768,77.48,76.92,0.57,200,42,
oficina x245,estado del sistema,0.768,93.45,93.3,0.15,200,318,
oficina x245,panel en vivo,0.771,38.67,37.45,1.22,200,42,
oficina x245,panel en vivo,0.771,89.84,64.81,25.03,200,42,
oficina x245,eventos recientes,0.773,61.15,56.37,4.78,200,14691,
oficina x245,eventos recientes,0.774,81.35,80.21,1.15,200,14691,
oficina x245,resumen de video,0.777,139.93,130.27,9.66,200,13773,
oficina x245,resumen de video,0.778,135.83,134.53,1.3,200,13773,
oficina x245,eventos recientes,0.779,165.82,147.63,18.19,200,14691,
oficina x245,panel en vivo,0.782,41.2,35.56,5.65,200,42,
oficina x245,eventos recientes,0.782,223.73,196.66,27.08,200,14691,
oficina x245,resumen de video,0.785,214.55,189.8,24.75,200,13773,
oficina x245,eventos recientes,0.787,77.53,76.31,1.21,200,14691,
oficina x245,panel en vivo,0.789,43.45,41.67,1.77,200,42,
oficina x245,panel en vivo,0.791,82.88,57.96,24.92,200,42,
oficina x245,eventos recientes,0.791,58.69,58.4,0.29,200,14691,
oficina x245,panel en vivo,0.792,42.09,41.15,0.94,200,42,
oficina x245,eventos recientes,0.793,58.39,57.81,0.58,200,14691,
oficina x245,resumen de video,0.793,83.25,79.21,4.05,200,13773,
oficina x245,panel en vivo,0.794,47.81,46.6,1.2,200,42,
oficina x245,panel en vivo,0.799,43.69,41.57,2.13,200,42,
oficina x245,resumen de video,0.8,265.51,248.23,17.28,200,13773,
oficina x245,resumen de video,0.804,149.06,148.36,0.7,200,13773,
oficina x245,eventos recientes,0.805,38.53,37.73,0.79,200,14691,
oficina x245,estado del sistema,0.814,229.53,216.85,12.69,200,318,
oficina x245,resumen de video,0.815,150.47,120.03,30.44,200,13773,
oficina x245,panel en vivo,0.818,291.4,275.76,15.63,200,42,
oficina x245,panel en vivo,0.821,29.88,26.07,3.81,200,42,
oficina x245,resumen de video,0.821,123.6,119.62,3.98,200,13773,
oficina x245,resumen de video,0.824,132.64,109.8,22.84,200,13773,
oficina x245,panel en vivo,0.831,13.18,11.17,2.01,200,42,
oficina x245,panel en vivo,0.838,11.38,10.29,1.08,200,42,
oficina x245,panel en vivo,0.838,102.17,74.35,27.82,200,42,
oficina x245,eventos recientes,0.846,41.04,31.18,9.86,200,14691,
oficina x245,resumen de video,0.852,108.35,104.19,4.17,200,13773,
oficina x245,panel en vivo,0.853,188.91,167.74,21.17,200,42,
oficina x245,estado del sistema,0.862,124.41,105.71,18.7,200,318,
oficina x245,panel en vivo,0.862,21.5,17.97,3.53,200,42,
oficina x245,resumen de video,0.864,99.03,97.53,1.51,200,13773,
oficina x245,panel en vivo,0.865,3.21,3.03,0.18,200,42,
oficina x245,panel en vivo,0.866,315.49,299.88,15.61,200,42,
oficina x245,eventos recientes,0.867,49.78,46.55,3.23,200,14691,
oficina x245,estado del sistema,0.871,200.95,180.31,20.64,200,318,
oficina x245,eventos recientes,0.872,29.1,24.44,4.66,200,14691,
oficina x245,resumen de video,0.873,84.77,83.1,1.67,200,13773,
oficina x245,estado del sistema,0.875,23.21,21.81,1.4,200,318,
oficina x245,eventos recientes,0.878,147.18,121.16,26.03,200,14691,
oficina x245,panel en vivo,0.878,8.77,7.85,0.92,200,42,
oficina x245,panel en vivo,0.882,217.56,191.27,26.29,200,42,
oficina x245,panel en vivo,0.884,305.33,279.57,25.76,200,42,
oficina x245,estado del sistema,0.884,8.07,7.22,0.85,200,318,
oficina x245,eventos recientes,0.885,278.71,251.89,26.82,200,14691,
oficina x245,estado del sistema,0.889,44.03,43.04,0.99,200,318,
oficina x245,panel en vivo,0.89,3.67,3.35,0.32,200,42,
oficina x245,panel en vivo,0.892,238.74,213.67,25.07,200,42,
oficina x245,panel en vivo,0.894,142.69,117.43,25.27,200,42,
oficina x245,eventos recientes,0.894,19.17,18.55,0.62,200,14691,
oficina x245,eventos recientes,0.897,44.69,41.39,3.3,200,14691,
oficina x245,resumen de video,0.902,340.79,305.98,34.8,200,13773,
oficina x245,panel en vivo,0.902,15.52,13.96,1.56,200,42,
oficina x245,resumen de video,0.904,60.15,59.26,0.9,200,13773,
oficina x245,eventos recientes,0.904,62.7,60.43,2.27,200,14691,
oficina x245,estado del sistema,0.905,49.73,37.91,11.82,200,318,
oficina x245,resumen de video,0.906,65.45,51.65,13.81,200,13773,
oficina x245,estado del sistema,0.91,23.05,22.12,0.93,200,318,
oficina x245,buscar contacto,0.917,30.73,21.26,9.47,200,545,
oficina x245,eventos recientes,0.917,8.07,7.47,0.6,200,14691,
oficina x245,eventos recientes,0.918,26.46,25.8,0.66,200,14691,
oficina x245,resumen de video,0.92,173.59,132.25,41.34,200,13773,
oficina x245,resumen de video,0.92,39.45,38.27,1.17,200,13773,
oficina x245,eventos recientes,0.923,30.57,29.25,1.32,200,14691,
oficina x245,eventos recientes,0.927,35.27,30.18,5.08,200,14691,
oficina x245,resumen de video,0.933,158.63,125.66,32.97,200,13773,
oficina x245,panel en vivo,0.935,17.68,17.57,0.12,200,42,
oficina x245,panel en vivo,0.935,18.48,18.02,0.45,200,42,
oficina x245,panel en vivo,0.935,19.02,18.09,0.93,200,42,
oficina x245,eventos recientes,0.944,12.95,12.12,0.83,200,14691,
oficina x245,resumen de video,0.953,26.48,18.0,8.49,200,13773,
oficina x245,panel en vivo,0.961,5.77,5.64,0.13,200,42,
oficina x245,resumen de video,0.965,16.46,10.45,6.01,200,13773,
oficina x245,estado del sistema,0.965,11.2,10.3,0.9,200,318,
oficina x245,panel en vivo,0.969,85.62,54.63,30.99,200,42,
oficina x245,panel en vivo,0.969,157.22,124.81,32.41,200,42,
oficina x245,panel en vivo,0.97,224.83,192.44,32.39,200,42,
oficina x245,panel en vivo,0.972,7.59,2.75,4.85,200,42,
oficina x245,eventos recientes,0.972,15.99,14.94,1.05,200,14691,
oficina x245,resumen de video,0.979,289.29,260.62,28.66,200,13773,
oficina x245,panel en vivo,0.983,7.3,6.08,1.22,200,42,
oficina x245,eventos recientes,0.984,3.98,3.1,0.88,200,14691,
oficina x245,panel en vivo,0.986,6.29,6.17,0.13,200,42,
oficina x245,panel en vivo,0.997,3.52,2.57,0.96,200,42,
oficina x245,panel en vivo,1.004,165.73,143.57,22.16,200,42,
oficina x245,panel en vivo,1.004,4.89,4.5,0.4,200,42,
oficina x245,panel en vivo,1.005,105.93,83.01,22.92,200,42,
oficina x245,estado del sistema,1.01,3.35,2.6,0.75,200,318,
oficina x245,panel en vivo,1.012,4.99,4.3,0.69,200,42,
oficina x245,resumen de video,1.013,20.98,17.78,3.19,200,13773,
oficina x245,panel en vivo,1.016,14.03,13.18,0.85,200,42,
oficina x245,eventos recientes,1.018,12.99,12.84,0.15,200,14691,
oficina x245,panel en vivo,1.021,13.31,13.08,0.23,200,42,
oficina x245,panel en vivo,1.021,14.68,10.22,4.46,200,42,
oficina x245,estado del sistema,1.022,12.24,11.4,0.83,200,318,
oficina x245,resumen de video,1.026,11.75,10.27,1.48,200,13773,
oficina x245,panel en vivo,1.031,66.8,53.76,13.04,200,42,
oficina x245,resumen de video,1.033,11.75,11.61,0.14,200,13773,
oficina x245,panel en vivo,1.036,17.93,15.66,2.27,200,42,
oficina x245,panel en vivo,1.038,3.82,3.32,0.5,200,42,
oficina x245,panel en vivo,1.039,107.1,90.52,16.58,200,42,
oficina x245,resumen de video,1.039,15.32,9.32,6.0,200,13773,
oficina x245,estado del sistema,1.051,6.39,4.7,1.69,200,318,
oficina x245,estado del sistema,1.052,156.39,133.34,23.04,200,318,
oficina x245,quien es quien,1.055,6.67,5.25,1.41,200,3475,
oficina x245,eventos recientes,1.057,5.32,4.67,0.65,200,14691,
oficina x245,eventos recientes,1.062,182.29,164.45,17.84,200,14691,
oficina x245,resumen de video,1.065,4.73,4.0,0.73,200,13773,
oficina x245,eventos recientes,1.067,3.38,2.77,0.61,200,14691,
oficina x245,panel en vivo,1.068,6.73,5.03,1.7,200,42,
oficina x245,resumen de video,1.069,62.96,38.08,24.88,200,13773,
oficina x245,panel en vivo,1.07,6.66,5.24,1.41,200,42,
oficina x245,eventos recientes,1.077,5.66,4.99,0.67,200,14691,
oficina x245,eventos recientes,1.079,3.77,3.46,0.31,200,14691,
oficina x245,panel en vivo,1.081,5.87,3.09,2.78,200,42,
oficina x245,eventos recientes,1.082,5.95,5.7,0.25,200,14691,
oficina x245,panel en vivo,1.091,4.39,3.51,0.87,200,42,
oficina x245,panel en vivo,1.097,3.46,2.68,0.78,200,42,
oficina x245,panel en vivo,1.1,3.98,3.49,0.49,200,42,
oficina x245,panel en vivo,1.105,3.92,2.56,1.36,200,42,
oficina x245,eventos recientes,1.107,11.91,8.55,3.36,200,14691,
oficina x245,estado del sistema,1.109,19.83,19.28,0.55,200,318,
oficina x245,eventos recientes,1.109,157.75,149.68,8.07,200,14691,
oficina x245,eventos recientes,1.109,25.84,24.61,1.23,200,14691,
oficina x245,eventos recientes,1.11,6.94,5.59,1.35,200,14691,
oficina x245,resumen de video,1.111,29.43,21.67,7.76,200,13773,
oficina x245,panel en vivo,1.114,5.59,3.4,2.19,200,42,
oficina x245,resumen de video,1.116,34.24,26.17,8.06,200,13773,
oficina x245,eventos recientes,1.116,8.84,6.68,2.16,200,14691,
oficina x245,resumen de video,1.117,6.38,5.29,1.09,200,13773,
oficina x245,panel en vivo,1.121,11.26,10.78,0.48,200,42,
oficina x245,eventos recientes,1.122,23.77,17.45,6.32,200,14691,
oficina x245,estado del sistema,1.123,138.44,122.41,16.03,200,318,
oficina x245,eventos recientes,1.125,3.05,2.95,0.09,200,14691,
oficina x245,resumen de video,1.13,103.3,85.65,17.65,200,13773,
oficina x245,panel en vivo,1.132,7.74,4.02,3.72,200,42,
oficina x245,panel en vivo,1.132,8.28,4.11,4.17,200,42,
oficina x245,eventos recientes,1.133,22.12,17.45,4.68,200,14691,
oficina x245,panel en vivo,1.143,5.27,4.9,0.37,200,42,
oficina x245,panel en vivo,1.144,90.53,82.63,7.9,200,42,
oficina x245,eventos recientes,1.145,13.53,12.09,1.44,200,14691,
oficina x245,panel en vivo,1.15,4.82,2.79,2.03,200,42,
oficina x245,panel en vivo,1.152,69.91,50.95,18.95,200,42,
oficina x245,resumen de video,1.165,5.56,4.77,0.79,200,13773,
oficina x245,panel en vivo,1.171,7.92,6.77,1.15,200,42,
oficina x245,eventos recientes,1.177,8.89,8.01,0.88,200,14691,
oficina x245,panel en vivo,1.181,6.18,2.99,3.19,200,42,
oficina x245,panel en vivo,1.181,2.95,2.67,0.28,200,42,
oficina x245,panel en vivo,1.184,3.81,2.87,0.93,200,42,
oficina x245,resumen de video,1.19,15.89,15.69,0.2,200,13773,
oficina x245,panel en vivo,1.198,20.99,15.08,5.91,200,42,
oficina x245,panel en vivo,1.203,16.38,13.92,2.46,200,42,
oficina x245,resumen de video,1.204,12.07,11.52,0.55,200,13773,
oficina x245,eventos recientes,1.205,10.18,8.86,1.32,200,14691,
oficina x245,panel en vivo,1.208,157.91,143.78,14.13,200,42,
oficina x245,resumen de video,1.209,13.88,11.2,2.68,200,13773,
oficina x245,panel en vivo,1.215,21.36,21.34,0.02,200,42,
oficina x245,resumen de video,1.217,37.07,33.35,3.71,200,13773,
oficina x245,resumen de video,1.218,54.39,35.29,19.1,200,13773,
oficina x245,panel en vivo,1.219,27.24,25.08,2.16,200,42,
oficina x245,resumen de video,1.222,31.8,30.33,1.46,200,13773,
oficina x245,resumen de video,1.23,5.14,4.06,1.08,200,13773,
oficina x245,panel en vivo,1.238,13.04,12.13,0.91,200,42,
oficina x245,panel en vivo,1.239,15.6,14.61,0.98,200,42,
oficina x245,resumen de video,1.241,13.41,12.51,0.9,200,13773,
oficina x245,panel en vivo,1.241,54.99,50.21,4.78,200,42,
oficina x245,resumen de video,1.243,12.49,11.46,1.03,200,13773,
oficina x245,eventos recientes,1.247,30.02,27.66,2.37,200,14691,
oficina x245,panel en vivo,1.258,2.56,2.34,0.23,200,42,
oficina x245,panel en vivo,1.258,5.02,4.46,0.56,200,42,
oficina x245,panel en vivo,1.26,4.61,4.23,0.38,200,42,
oficina x245,panel en vivo,1.262,130.89,122.93,7.96,200,42,
oficina x245,eventos recientes,1.264,2.97,2.62,0.35,200,14691,
oficina x245,panel en vivo,1.264,7.18,6.38,0.81,200,42,
oficina x245,resumen de video,1.266,4.64,3.89,0.75,200,13773,
oficina x245,panel en vivo,1.266,37.34,30.55,6.78,200,42,
oficina x245,panel en vivo,1.268,5.85,3.21,2.64,200,42,
oficina x245,resumen de video,1.272,7.94,3.84,4.1,200,13773,
oficina x245,estado del sistema,1.273,49.15,43.35,5.79,200,318,
oficina x245,resumen de video,1.274,152.28,140.48,11.8,200,13773,
oficina x245,eventos recientes,1.276,7.7,4.25,3.45,200,14691,
oficina x245,resumen de video,1.277,141.91,129.0,12.9,200,13773,
oficina x245,abrir ficha,1.279,5.62,4.37,1.25,200,1045,
oficina x245,panel en vivo,1.281,4.61,4.29,0.32,200,42,
oficina x245,panel en vivo,1.282,53.39,39.16,14.23,200,42,
oficina x245,resumen de video,1.282,18.23,15.05,3.18,200,13773,
oficina x245,eventos recientes,1.283,3.89,2.79,1.1,200,14691,
oficina x245,resumen de video,1.286,7.41,7.01,0.4,200,13773,
oficina x245,eventos recientes,1.289,8.4,5.95,2.46,200,14691,
oficina x245,panel en vivo,1.297,46.16,40.02,6.15,200,42,
oficina x245,eventos recientes,1.298,7.03,6.97,0.06,200,14691,
oficina x245,estado del sistema,1.302,6.25,4.13,2.13,200,318,
oficina x245,estado del sistema,1.303,5.21,3.87,1.34,200,318,
oficina x245,panel en vivo,1.304,43.88,31.37,12.51,200,42,
oficina x245,resumen de video,1.307,4.79,3.97,0.83,200,13773,
oficina x245,eventos recientes,1.309,48.24,35.29,12.95,200,14691,
oficina x245,resumen de video,1.312,10.59,9.84,0.74,200,13773,
oficina x245,panel en vivo,1.314,7.12,6.6,0.52,200,42,
oficina x245,panel en vivo,1.314,10.58,10.01,0.57,200,42,
oficina x245,estado del sistema,1.315,10.91,9.91,1.0,200,318,
oficina x245,estado del sistema,1.315,60.17,48.54,11.63,200,318,
oficina x245,panel en vivo,1.327,3.72,3.31,0.42,200,42,
oficina x245,buscar contacto,1.328,42.39,31.31,11.08,200,6883,
oficina x245,panel en vivo,1.328,4.36,3.8,0.55,200,42,
oficina x245,eventos recientes,1.328,78.69,66.3,12.39,200,14691,
oficina x245,panel en vivo,1.338,153.34,142.42,10.92,200,42,
oficina x245,panel en vivo,1.343,41.04,30.84,10.19,200,42,
oficina x245,resumen de video,1.351,30.6,30.24,0.36,200,13773,
oficina x245,resumen de video,1.352,36.5,29.95,6.56,200,13773,
oficina x245,estado del sistema,1.353,148.69,141.22,7.47,200,318,
oficina x245,resumen de video,1.355,56.59,47.45,9.14,200,13773,
oficina x245,panel en vivo,1.361,34.02,29.66,4.36,200,42,
oficina x245,buscar contacto,1.364,9.39,5.12,4.27,200,841,
oficina x245,panel en vivo,1.366,8.03,5.01,3.02,200,42,
oficina x245,resumen de video,1.368,68.23,60.68,7.55,200,13773,
oficina x245,resumen de video,1.371,75.84,69.54,6.3,200,13773,
oficina x245,eventos recientes,1.371,9.92,8.81,1.11,200,14691,
oficina x245,panel en vivo,1.372,54.87,48.3,6.57,200,42,
oficina x245,eventos recientes,1.373,74.39,68.04,6.35,200,14691,
oficina x245,panel en vivo,1.374,22.63,19.89,2.74,200,42,
oficina x245,estado del sistema,1.375,25.8,23.69,2.11,200,318,
oficina x245,resumen de video,1.376,65.4,44.86,20.54,200,13773,
oficina x245,panel en vivo,1.377,44.14,38.29,5.86,200,42,
oficina x245,panel en vivo,1.378,21.39,18.02,3.37,200,42,
oficina x245,panel en vivo,1.379,141.15,121.33,19.82,200,42,
oficina x245,eventos recientes,1.379,10.49,5.93,4.56,200,14691,
oficina x245,eventos recientes,1.38,14.24,10.01,4.23,200,14691,
oficina x245,panel en vivo,1.381,340.44,321.18,19.27,200,42,
oficina x245,panel en vivo,1.389,16.4,11.46,4.94,200,42,
oficina x245,eventos recientes,1.391,163.14,146.95,16.18,200,14691,
oficina x245,eventos recientes,1.393,18.37,13.74,4.63,200,14691,
oficina x245,panel en vivo,1.394,69.37,52.23,17.14,200,42,
oficina x245,panel en vivo,1.396,19.44,16.01,3.43,200,42,
oficina x245,eventos recientes,1.397,12.45,5.89,6.55,200,14691,
oficina x245,eventos recientes,1.406,63.92,50.21,13.71,200,14691,
oficina x245,eventos recientes,1.406,12.2,11.86,0.34,200,14691,
oficina x245,resumen de video,1.407,355.85,341.68,14.18,200,13773,
oficina x245,resumen de video,1.412,46.02,35.75,10.27,200,13773,
oficina x245,eventos recientes,1.412,8.61,4.72,3.89,200,14691,
oficina x245,eventos recientes,1.425,6.24,5.39,0.85,200,14691,
oficina x245,panel en vivo,1.425,7.63,7.45,0.18,200,42,
oficina x245,panel en vivo,1.428,444.2,427.92,16.28,200,42,
oficina x245,panel en vivo,1.432,138.15,118.36,19.79,200,42,
oficina x245,resumen de video,1.432,20.99,19.9,1.09,200,13773,
oficina x245,panel en vivo,1.434,145.14,124.84,20.3,200,42,
oficina x245,eventos recientes,1.435,16.83,14.79,2.05,200,14691,
oficina x245,estado del sistema,1.437,140.46,122.01,18.45,200,318,
oficina x245,eventos recientes,1.437,11.17,10.93,0.24,200,14691,
oficina x245,panel en vivo,1.438,116.62,97.48,19.14,200,42,
oficina x245,resumen de video,1.441,17.58,16.67,0.91,200,13773,
oficina x245,panel en vivo,1.442,7.03,5.51,1.51,200,42,
oficina x245,panel en vivo,1.443,80.88,59.35,21.52,200,42,
oficina x245,panel en vivo,1.447,9.44,8.78,0.66,200,42,
oficina x245,panel en vivo,1.45,91.23,71.09,20.14,200,42,
oficina x245,panel en vivo,1.45,538.67,517.77,20.9,200,42,
oficina x245,resumen de video,1.453,235.74,215.66,20.08,200,13773,
oficina x245,eventos recientes,1.453,7.07,6.4,0.67,200,14691,
oficina x245,panel en vivo,1.454,210.98,179.59,31.4,200,42,
oficina x245,eventos recientes,1.459,84.46,52.36,32.1,200,14691,
oficina x245,eventos recientes,1.46,3.71,3.32,0.39,200,14691,
oficina x245,eventos recientes,1.472,4.31,4.12,0.19,200,14691,
oficina x245,resumen de video,1.475,283.8,256.78,27.03,200,13773,
oficina x245,estado del sistema,1.476,3.02,2.72,0.3,200,318,
oficina x245,eventos recientes,1.478,3.87,3.11,0.75,200,14691,
oficina x245,resumen de video,1.479,7.7,4.61,3.09,200,13773,
oficina x245,panel en vivo,1.484,137.29,117.74,19.56,200,42,
oficina x245,resumen de video,1.486,6.57,5.73,0.84,200,13773,
oficina x245,resumen de video,1.488,14.85,12.91,1.95,200,13773,
oficina x245,resumen de video,1.488,13.09,9.97,3.12,200,13773,
oficina x245,panel en vivo,1.494,320.44,300.83,19.6,200,42,
oficina x245,resumen de video,1.494,10.04,9.96,0.08,200,13773,
oficina x245,panel en vivo,1.494,125.26,104.77,20.5,200,42,
oficina x245,eventos recientes,1.496,107.87,86.58,21.29,200,14691,
oficina x245,eventos recientes,1.502,5.05,4.1,0.95,200,14691,
oficina x245,resumen de video,1.507,9.91,9.47,0.45,200,13773,
oficina x245,estado del sistema,1.509,9.5,5.84,3.66,200,318,
oficina x245,resumen de video,1.511,91.18,75.08,16.09,200,13773,
oficina x245,eventos recientes,1.523,3.72,3.36,0.36,200,14691,
oficina x245,panel en vivo,1.527,5.23,3.98,1.25,200,42,
oficina x245,resumen de video,1.528,11.97,11.44,0.52,200,13773,
oficina x245,resumen de video,1.53,16.33,15.31,1.03,200,13773,
oficina x245,panel en vivo,1.532,5.46,5.04,0.42,200,42,
oficina x245,eventos recientes,1.532,9.13,8.42,0.71,200,14691,
oficina x245,panel en vivo,1.539,5.73,4.36,1.37,200,42,
oficina x245,eventos recientes,1.542,5.2,3.6,1.6,200,14691,
oficina x245,panel en vivo,1.548,3.88,3.44,0.44,200,42,
oficina x245,panel en vivo,1.553,4.54,3.64,0.89,200,42,
oficina x245,resumen de video,1.556,16.38,12.55,3.83,200,13773,
oficina x245,panel en vivo,1.556,17.58,12.98,4.6,200,42,
oficina x245,resumen de video,1.557,4.52,4.34,0.17,200,13773,
oficina x245,resumen de video,1.559,86.91,66.88,20.03,200,13773,
oficina x245,panel en vivo,1.559,15.59,12.75,2.84,200,42,
oficina x245,panel en vivo,1.562,290.73,272.38,18.35,200,42,
oficina x245,estado del sistema,1.566,131.54,109.67,21.87,200,318,
oficina x245,resumen de video,1.567,351.9,328.39,23.52,200,13773,
oficina x245,eventos recientes,1.569,275.58,251.52,24.05,200,14691,
oficina x245,panel en vivo,1.573,160.49,138.82,21.67,200,42,
oficina x245,estado del sistema,1.575,21.27,12.54,8.74,200,318,
oficina x245,panel en vivo,1.576,28.1,19.16,8.94,200,42,
oficina x245,panel en vivo,1.579,26.57,19.54,7.03,200,42,
oficina x245,eventos recientes,1.58,5.01,3.98,1.03,200,14691,
oficina x245,resumen de video,1.586,7.24,6.63,0.6,200,13773,
oficina x245,panel en vivo,1.59,219.84,199.66,20.18,200,42,
oficina x245,estado del sistema,1.591,15.94,10.24,5.7,200,318,
oficina x245,eventos recientes,1.594,8.57,8.0,0.57,200,14691,
oficina x245,panel en vivo,1.594,7.82,6.76,1.06,200,42,
oficina x245,panel en vivo,1.596,149.97,132.05,17.91,200,42,
oficina x245,panel en vivo,1.597,532.83,509.13,23.7,200,42,
oficina x245,panel en vivo,1.598,12.81,9.82,2.99,200,42,
oficina x245,panel en vivo,1.601,197.49,175.22,22.27,200,42,
oficina x245,panel en vivo,1.602,170.3,146.17,24.13,200,42,
oficina x245,resumen de video,1.605,13.85,11.27,2.58,200,13773,
oficina x245,panel en vivo,1.606,102.88,74.93,27.95,200,42,
oficina x245,eventos recientes,1.609,6.48,5.83,0.65,200,14691,
oficina x245,panel en vivo,1.61,7.75,7.06,0.7,200,42,
oficina x245,eventos recientes,1.61,20.06,18.81,1.25,200,14691,
oficina x245,resumen de video,1.612,28.78,21.05,7.73,200,13773,
oficina x245,panel en vivo,1.614,10.84,8.05,2.79,200,42,
oficina x245,panel en vivo,1.616,9.89,7.88,2.01,200,42,
oficina x245,panel en vivo,1.618,12.05,11.85,0.19,200,42,
oficina x245,panel en vivo,1.619,17.72,17.56,0.16,200,42,
oficina x245,panel en vivo,1.619,16.48,15.38,1.1,200,42,
oficina x245,panel en vivo,1.62,17.23,16.03,1.19,200,42,
oficina x245,resumen de video,1.622,15.67,12.39,3.29,200,13773,
oficina x245,panel en vivo,1.622,15.24,12.77,2.47,200,42,
oficina x245,resumen de video,1.626,155.16,142.44,12.72,200,13773,
oficina x245,estado del sistema,1.627,13.16,12.07,1.09,200,318,
oficina x245,estado del sistema,1.628,107.15,95.13,12.02,200,318,
oficina x245,estado del sistema,1.636,301.63,288.61,13.02,200,318,
oficina x245,eventos recientes,1.638,14.56,11.01,3.55,200,14691,
oficina x245,resumen de video,1.638,4.87,4.17,0.7,200,13773,
oficina x245,panel en vivo,1.639,15.43,10.24,5.19,200,42,
oficina x245,panel en vivo,1.642,220.49,207.76,12.73,200,42,
oficina x245,panel en vivo,1.642,2.88,2.42,0.46,200,42,
oficina x245,resumen de video,1.646,11.74,10.6,1.14,200,13773,
oficina x245,eventos recientes,1.647,8.74,8.1,0.64,200,14691,
oficina x245,panel en vivo,1.65,6.21,4.94,1.27,200,42,
oficina x245,resumen de video,1.658,268.18,253.23,14.96,200,13773,
oficina x245,panel en vivo,1.66,234.25,219.2,15.05,200,42,
oficina x245,estado del sistema,1.66,117.85,98.14,19.72,200,318,
oficina x245,resumen de video,1.661,7.69,7.15,0.53,200,13773,
oficina x245,panel en vivo,1.663,6.87,6.14,0.73,200,42,
oficina x245,panel en vivo,1.667,9.79,8.8,0.99,200,42,
oficina x245,eventos recientes,1.67,9.65,7.13,2.52,200,14691,
oficina x245,resumen de video,1.672,9.32,8.6,0.72,200,13773,
oficina x245,eventos recientes,1.673,5.39,4.89,0.5,200,14691,
oficina x245,resumen de video,1.674,12.47,11.89,0.58,200,13773,
oficina x245,panel en vivo,1.676,8.27,6.61,1.66,200,42,
oficina x245,estado del sistema,1.679,8.58,7.86,0.72,200,318,
oficina x245,eventos recientes,1.692,181.03,164.51,16.51,200,14691,
oficina x245,eventos recientes,1.693,5.85,5.7,0.16,200,14691,
oficina x245,panel en vivo,1.693,4.4,3.46,0.94,200,42,
oficina x245,resumen de video,1.704,9.56,9.04,0.53,200,13773,
oficina x245,panel en vivo,1.705,8.09,7.87,0.22,200,42,
oficina x245,panel en vivo,1.711,6.75,5.82,0.92,200,42,
oficina x245,resumen de video,1.718,461.54,439.77,21.77,200,13773,
oficina x245,panel en vivo,1.723,261.18,237.75,23.44,200,42,
oficina x245,resumen de video,1.726,6.27,4.25,2.02,200,13773,
oficina x245,panel en vivo,1.727,7.09,5.67,1.43,200,42,
oficina x245,panel en vivo,1.733,2.92,2.47,0.44,200,42,
oficina x245,resumen de video,1.733,7.14,6.24,0.9,200,13773,
oficina x245,panel en vivo,1.735,128.97,107.61,21.35,200,42,
oficina x245,estado del sistema,1.745,335.59,317.92,17.67,200,318,
oficina x245,panel en vivo,1.746,12.65,12.43,0.21,200,42,
oficina x245,panel en vivo,1.746,8.25,7.35,0.9,200,42,
oficina x245,eventos recientes,1.748,7.65,7.1,0.55,200,14691,
oficina x245,resumen de video,1.749,27.66,20.69,6.96,200,13773,
oficina x245,panel en vivo,1.75,23.28,22.92,0.36,200,42,
oficina x245,eventos recientes,1.75,26.48,18.87,7.6,200,14691,
oficina x245,panel en vivo,1.75,18.42,17.53,0.89,200,42,
oficina x245,panel en vivo,1.752,5.8,4.72,1.08,200,42,
oficina x245,panel en vivo,1.753,16.79,9.15,7.64,200,42,
oficina x245,panel en vivo,1.758,10.22,9.66,0.56,200,42,
oficina x245,eventos recientes,1.759,13.52,12.3,1.22,200,14691,
oficina x245,panel en vivo,1.764,75.88,61.55,14.33,200,42,
oficina x245,panel en vivo,1.769,6.45,5.43,1.02,200,42,
oficina x245,estado del sistema,1.77,8.98,8.44,0.54,200,318,
oficina x245,panel en vivo,1.772,6.98,6.4,0.59,200,42,
oficina x245,panel en vivo,1.785,7.5,5.8,1.7,200,42,
oficina x245,resumen de video,1.786,27.33,26.41,0.93,200,13773,
oficina x245,resumen de video,1.787,24.9,15.86,9.04,200,13773,
oficina x245,eventos recientes,1.79,18.48,10.26,8.23,200,14691,
oficina x245,abrir ficha,1.791,4.96,3.16,1.79,200,1045,
oficina x245,panel en vivo,1.795,9.65,5.3,4.35,200,42,
oficina x245,panel en vivo,1.799,7.11,5.41,1.7,200,42,
oficina x245,panel en vivo,1.803,87.51,68.43,19.08,200,42,
oficina x245,panel en vivo,1.804,5.55,4.53,1.02,200,42,
oficina x245,panel en vivo,1.804,8.37,4.54,3.83,200,42,
oficina x245,panel en vivo,1.804,210.21,190.58,19.63,200,42,
oficina x245,panel en vivo,1.807,9.49,7.35,2.14,200,42,
oficina x245,estado del sistema,1.814,79.54,48.38,31.16,200,318,
oficina x245,estado del sistema,1.817,3.42,2.67,0.75,200,318,
oficina x245,resumen de video,1.818,368.86,331.19,37.67,200,13773,
oficina x245,panel en vivo,1.819,419.58,380.81,38.78,200,42,
oficina x245,eventos recientes,1.824,6.5,3.15,3.35,200,14691,
oficina x245,resumen de video,1.828,19.19,16.57,2.62,200,13773,
oficina x245,panel en vivo,1.829,75.71,39.97,35.73,200,42,
oficina x245,eventos recientes,1.832,18.44,17.93,0.5,200,14691,
oficina x245,panel en vivo,1.833,21.76,20.6,1.15,200,42,
oficina x245,panel en vivo,1.833,5.3,2.64,2.66,200,42,
oficina x245,panel en vivo,1.833,244.13,211.77,32.35,200,42,
oficina x245,resumen de video,1.835,92.26,60.5,31.75,200,13773,
oficina x245,eventos recientes,1.836,23.45,17.63,5.82,200,14691,
oficina x245,panel en vivo,1.838,27.59,23.14,4.45,200,42,
oficina x245,panel en vivo,1.842,4.21,3.64,0.57,200,42,
oficina x245,estado del sistema,1.845,33.64,27.82,5.82,200,318,
oficina x245,eventos recientes,1.85,22.22,17.33,4.89,200,14691,
oficina x245,panel en vivo,1.853,44.17,38.68,5.49,200,42,
oficina x245,panel en vivo,1.861,28.0,22.86,5.14,200,42,
oficina x245,panel en vivo,1.862,130.63,114.75,15.88,200,42,
oficina x245,eventos recientes,1.863,36.91,32.56,4.35,200,14691,
oficina x245,estado del sistema,1.872,332.26,317.34,14.93,200,318,
oficina x245,eventos recientes,1.873,20.01,18.9,1.1,200,14691,
oficina x245,eventos recientes,1.874,19.01,18.16,0.86,200,14691,
oficina x245,panel en vivo,1.876,6.88,3.14,3.73,200,42,
oficina x245,panel en vivo,1.88,13.5,11.0,2.5,200,42,
oficina x245,resumen de video,1.883,12.66,11.52,1.15,200,13773,
oficina x245,panel en vivo,1.89,10.55,6.79,3.76,200,42,
oficina x245,panel en vivo,1.896,62.36,53.8,8.57,200,42,
oficina x245,resumen de video,1.897,129.55,120.58,8.97,200,13773,
oficina x245,panel en vivo,1.902,102.56,92.03,10.53,200,42,
oficina x245,panel en vivo,1.906,3.4,2.47,0.93,200,42,
oficina x245,panel en vivo,1.907,64.27,54.01,10.26,200,42,
oficina x245,panel en vivo,1.91,115.56,96.54,19.03,200,42,
oficina x245,resumen de video,1.91,305.51,285.92,19.58,200,13773,
oficina x245,panel en vivo,1.912,8.79,5.37,3.42,200,42,
oficina x245,eventos recientes,1.916,189.33,171.48,17.85,200,14691,
oficina x245,eventos recientes,1.916,6.3,5.77,0.53,200,14691,
oficina x245,resumen de video,1.918,5.8,3.8,2.0,200,13773,
oficina x245,eventos recientes,1.922,101.44,78.12,23.32,200,14691,
oficina x245,panel en vivo,1.922,6.79,6.66,0.13,200,42,
oficina x245,resumen de video,1.923,4.88,4.62,0.27,200,13773,
oficina x245,resumen de video,1.923,233.73,210.88,22.85,200,13773,
oficina x245,eventos recientes,1.928,4.6,3.85,0.75,200,14691,
oficina x245,eventos recientes,1.934,5.34,4.29,1.04,200,14691,
oficina x245,eventos recientes,1.937,17.19,15.21,1.98,200,14691,
oficina x245,eventos recientes,1.938,17.35,15.8,1.55,200,14691,
oficina x245,resumen de video,1.939,15.25,14.16,1.09,200,13773,
oficina x245,estado del sistema,1.94,9.28,8.43,0.86,200,318,
oficina x245,panel en vivo,1.941,13.47,12.57,0.9,200,42,
oficina x245,resumen de video,1.944,13.17,9.49,3.68,200,13773,
oficina x245,resumen de video,1.946,16.38,12.28,4.1,200,13773,
oficina x245,panel en vivo,1.946,88.29,74.66,13.63,200,42,
oficina x245,panel en vivo,1.95,11.97,10.82,1.15,200,42,
oficina x245,panel en vivo,1.952,9.86,9.45,0.41,200,42,
oficina x245,panel en vivo,1.956,104.12,78.93,25.19,200,42,
oficina x245,resumen de video,1.963,4.32,3.88,0.45,200,13773,
oficina x245,eventos recientes,1.966,10.61,9.92,0.69,200,14691,
oficina x245,panel en vivo,1.967,10.49,9.64,0.85,200,42,
oficina x245,panel en vivo,1.972,67.21,45.53,21.68,200,42,
oficina x245,panel en vivo,1.973,83.39,61.4,21.99,200,42,
oficina x245,eventos recientes,1.975,5.4,3.84,1.56,200,14691,
oficina x245,panel en vivo,1.977,3.59,2.93,0.66,200,42,
oficina x245,panel en vivo,1.981,7.36,6.25,1.1,200,42,
oficina x245,resumen de video,1.989,11.65,9.9,1.74,200,13773,
oficina x245,panel en vivo,1.989,57.36,38.33,19.03,200,42,
oficina x245,panel en vivo,1.993,8.24,7.64,0.6,200,42,
oficina x245,eventos recientes,1.995,5.95,5.74,0.21,200,14691,
oficina x245,panel en vivo,1.996,6.21,5.98,0.23,200,42,
oficina x245,panel en vivo,1.996,95.59,81.95,13.63,200,42,
oficina x245,panel en vivo,2.002,3.08,2.7,0.38,200,42,
oficina x245,panel en vivo,2.01,8.64,8.25,0.39,200,42,
oficina x245,panel en vivo,2.015,8.93,7.56,1.38,200,42,
oficina x245,resumen de video,2.018,9.39,8.68,0.71,200,13773,
oficina x245,eventos recientes,2.02,4.67,4.15,0.53,200,14691,
oficina x245,eventos recientes,2.02,12.7,12.08,0.62,200,14691,
oficina x245,resumen de video,2.021,14.82,13.77,1.05,200,13773,
oficina x245,panel en vivo,2.022,91.04,78.03,13.01,200,42,
oficina x245,panel en vivo,2.022,156.53,142.52,14.01,200,42,
oficina x245,eventos recientes,2.023,20.48,18.26,2.21,200,14691,
oficina x245,eventos recientes,2.027,22.31,16.4,5.91,200,14691,
oficina x245,eventos recientes,2.036,11.29,6.99,4.3,200,14691,
oficina x245,panel en vivo,2.039,7.89,6.63,1.26,200,42,
oficina x245,panel en vivo,2.041,7.23,6.51,0.71,200,42,
oficina x245,panel en vivo,2.043,12.25,11.8,0.45,200,42,
oficina x245,eventos recientes,2.044,12.98,7.87,5.11,200,14691,
oficina x245,resumen de video,2.044,8.75,7.45,1.3,200,13773,
oficina x245,panel en vivo,2.049,91.91,73.11,18.8,200,42,
oficina x245,panel en vivo,2.049,9.32,7.79,1.52,200,42,
oficina x245,eventos recientes,2.051,150.63,131.82,18.8,200,14691,
oficina x245,resumen de video,2.06,5.15,4.02,1.13,200,13773,
oficina x245,panel en vivo,2.063,3.03,2.34,0.7,200,42,
oficina x245,eventos recientes,2.064,5.05,4.24,0.81,200,14691,
oficina x245,panel en vivo,2.065,131.77,113.0,18.77,200,42,
oficina x245,panel en vivo,2.066,4.58,4.37,0.2,200,42,
oficina x245,panel en vivo,2.067,6.25,5.48,0.77,200,42,
oficina x245,resumen de video,2.068,104.09,87.01,17.08,200,13773,
oficina x245,resumen de video,2.071,5.64,4.2,1.44,200,13773,
oficina x245,eventos recientes,2.073,6.26,5.1,1.16,200,14691,
oficina x245,panel en vivo,2.076,4.21,4.19,0.02,200,42,
oficina x245,panel en vivo,2.077,10.97,10.38,0.59,200,42,
oficina x245,panel en vivo,2.077,5.48,2.72,2.77,200,42,
oficina x245,panel en vivo,2.081,56.44,42.17,14.27,200,42,
oficina x245,eventos recientes,2.085,100.04,85.6,14.44,200,14691,
oficina x245,resumen de video,2.087,6.07,5.41,0.66,200,13773,
oficina x245,panel en vivo,2.088,8.93,8.54,0.39,200,42,
oficina x245,panel en vivo,2.094,4.44,2.71,1.73,200,42,
oficina x245,panel en vivo,2.096,6.91,5.88,1.04,200,42,
oficina x245,panel en vivo,2.096,12.48,10.31,2.18,200,42,
oficina x245,panel en vivo,2.099,127.91,119.27,8.63,200,42,
oficina x245,panel en vivo,2.101,9.92,8.42,1.5,200,42,
oficina x245,eventos recientes,2.102,6.85,3.29,3.56,200,14691,
oficina x245,panel en vivo,2.102,60.41,49.8,10.61,200,42,
oficina x245,panel en vivo,2.108,10.76,9.71,1.06,200,42,
oficina x245,panel en vivo,2.109,9.57,9.36,0.21,200,42,
oficina x245,panel en vivo,2.112,4.67,3.97,0.7,200,42,
oficina x245,estado del sistema,2.114,14.55,11.71,2.84,200,318,
oficina x245,panel en vivo,2.114,26.95,23.55,3.39,200,42,
oficina x245,resumen de video,2.116,6.71,4.74,1.97,200,13773,
oficina x245,eventos recientes,2.116,13.34,10.62,2.72,200,14691,
oficina x245,panel en vivo,2.119,23.88,21.83,2.05,200,42,
oficina x245,panel en vivo,2.12,7.9,7.19,0.71,200,42,
oficina x245,resumen de video,2.121,32.9,31.51,1.39,200,13773,
oficina x245,panel en vivo,2.125,14.67,11.12,3.54,200,42,
oficina x245,estado del sistema,2.125,27.46,22.84,4.62,200,318,
oficina x245,panel en vivo,2.127,14.91,11.51,3.41,200,42,
oficina x245,panel en vivo,2.128,13.22,5.86,7.37,200,42,
oficina x245,panel en vivo,2.128,64.8,49.69,15.11,200,42,
oficina x245,estado del sistema,2.136,100.61,89.49,11.11,200,318,
oficina x245,eventos recientes,2.138,11.13,9.52,1.61,200,14691,
oficina x245,eventos recientes,2.14,23.01,21.87,1.14,200,14691,
oficina x245,eventos recientes,2.141,17.69,16.35,1.34,200,14691,
oficina x245,panel en vivo,2.143,21.75,18.38,3.37,200,42,
oficina x245,estado del sistema,2.15,12.01,11.43,0.58,200,318,
oficina x245,resumen de video,2.152,17.76,16.17,1.59,200,13773,
oficina x245,estado del sistema,2.152,16.7,16.54,0.16,200,318,
oficina x245,resumen de video,2.157,14.06,12.05,2.01,200,13773,
oficina x245,eventos recientes,2.157,12.24,10.17,2.07,200,14691,
oficina x245,panel en vivo,2.163,10.52,8.67,1.85,200,42,
oficina x245,estado del sistema,2.166,11.13,9.12,2.01,200,318,
oficina x245,panel en vivo,2.171,6.4,6.37,0.02,200,42,
oficina x245,resumen de video,2.185,11.51,11.17,0.34,200,13773,
oficina x245,resumen de video,2.186,10.93,8.71,2.22,200,13773,
oficina x245,panel en vivo,2.188,8.9,7.11,1.79,200,42,
oficina x245,panel en vivo,2.197,6.21,5.26,0.95,200,42,
oficina x245,eventos recientes,2.198,10.17,9.2,0.97,200,14691,
oficina x245,eventos recientes,2.202,11.48,10.83,0.65,200,14691,
oficina x245,eventos recientes,2.204,31.46,27.66,3.8,200,14691,
oficina x245,bandeja de documentos,2.204,7.44,6.37,1.07,200,12476,
oficina x245,resumen de video,2.209,30.22,21.34,8.88,200,13773,
oficina x245,resumen de video,2.211,9.59,8.57,1.02,200,13773,
oficina x245,eventos recientes,2.22,10.2,8.39,1.82,200,14691,
oficina x245,eventos recientes,2.226,9.51,7.16,2.35,200,14691,
oficina x245,panel en vivo,2.231,3.92,3.44,0.48,200,42,
oficina x245,eventos recientes,2.241,8.22,6.12,2.1,200,14691,
oficina x245,panel en vivo,2.241,7.19,4.84,2.35,200,42,
oficina x245,estado del sistema,2.249,2.72,2.57,0.15,200,318,
oficina x245,estado del sistema,2.253,6.35,3.55,2.81,200,318,
oficina x245,panel en vivo,2.261,5.67,4.96,0.71,200,42,
oficina x245,panel en vivo,2.261,9.38,7.67,1.71,200,42,
oficina x245,panel en vivo,2.264,24.13,23.03,1.09,200,42,
oficina x245,resumen de video,2.265,13.11,12.96,0.15,200,13773,
oficina x245,resumen de video,2.267,12.59,12.04,0.55,200,13773,
oficina x245,panel en vivo,2.268,17.1,15.11,1.98,200,42,
oficina x245,resumen de video,2.27,14.16,14.02,0.14,200,13773,
oficina x245,panel en vivo,2.272,10.35,9.63,0.73,200,42,
oficina x245,estado del sistema,2.275,14.79,14.18,0.62,200,318,
oficina x245,eventos recientes,2.279,10.04,9.22,0.82,200,14691,
oficina x245,panel en vivo,2.28,12.7,11.32,1.38,200,42,
oficina x245,panel en vivo,2.28,5.06,4.39,0.67,200,42,
oficina x245,panel en vivo,2.283,11.72,9.91,1.81,200,42,
oficina x245,panel en vivo,2.284,9.39,4.56,4.83,200,42,
oficina x245,panel en vivo,2.284,11.91,9.79,2.12,200,42,
oficina x245,estado del sistema,2.287,9.52,4.96,4.56,200,318,
oficina x245,panel en vivo,2.288,6.07,4.19,1.88,200,42,
oficina x245,eventos recientes,2.294,4.97,2.79,2.17,200,14691,
oficina x245,panel en vivo,2.295,6.75,5.53,1.22,200,42,
oficina x245,panel en vivo,2.299,6.45,5.78,0.67,200,42,
oficina x245,panel en vivo,2.301,9.98,6.82,3.16,200,42,
oficina x245,resumen de video,2.301,10.4,6.87,3.53,200,13773,
oficina x245,panel en vivo,2.301,17.25,16.08,1.17,200,42,
oficina x245,panel en vivo,2.303,17.55,15.33,2.22,200,42,
oficina x245,panel en vivo,2.303,25.39,22.22,3.17,200,42,
oficina x245,resumen de video,2.304,20.55,16.25,4.3,200,13773,
oficina x245,eventos recientes,2.309,12.77,11.15,1.62,200,14691,
oficina x245,panel en vivo,2.312,8.8,7.95,0.85,200,42,
oficina x245,panel en vivo,2.314,10.03,9.84,0.19,200,42,
oficina x245,eventos recientes,2.317,15.62,12.3,3.32,200,14691,
oficina x245,panel en vivo,2.32,14.5,11.91,2.59,200,42,
oficina x245,resumen de video,2.324,20.68,16.42,4.27,200,13773,
oficina x245,panel en vivo,2.33,11.4,5.89,5.51,200,42,
oficina x245,panel en vivo,2.334,6.68,5.36,1.33,200,42,
oficina x245,resumen de video,2.338,5.72,5.39,0.33,200,13773,
oficina x245,resumen de video,2.339,7.13,6.95,0.18,200,13773,
oficina x245,estado del sistema,2.346,5.29,4.27,1.02,200,318,
oficina x245,estado del sistema,2.347,7.46,6.58,0.88,200,318,
oficina x245,panel en vivo,2.347,5.88,3.68,2.2,200,42,
oficina x245,panel en vivo,2.353,6.56,6.01,0.55,200,42,
oficina x245,panel en vivo,2.36,9.21,8.53,0.68,200,42,
oficina x245,panel en vivo,2.362,13.44,11.85,1.59,200,42,
oficina x245,resumen de video,2.366,7.98,6.98,1.0,200,13773,
oficina x245,panel en vivo,2.366,20.34,13.11,7.23,200,42,
oficina x245,panel en vivo,2.367,7.9,6.51,1.39,200,42,
oficina x245,resumen de video,2.368,15.05,13.81,1.24,200,13773,
oficina x245,resumen de video,2.368,17.53,9.47,8.06,200,13773,
oficina x245,eventos recientes,2.37,5.98,5.54,0.44,200,14691,
oficina x245,panel en vivo,2.37,14.75,10.12,4.63,200,42,
oficina x245,panel en vivo,2.375,9.26,8.89,0.38,200,42,
oficina x245,panel en vivo,2.382,3.72,2.64,1.08,200,42,
oficina x245,panel en vivo,2.39,4.9,4.05,0.85,200,42,
oficina x245,panel en vivo,2.395,6.32,5.41,0.91,200,42,
oficina x245,panel en vivo,2.395,4.96,3.68,1.28,200,42,
oficina x245,panel en vivo,2.396,11.61,10.48,1.13,200,42,
oficina x245,resumen de video,2.398,5.59,5.23,0.36,200,13773,
oficina x245,resumen de video,2.401,8.59,8.1,0.49,200,13773,
oficina x245,resumen de video,2.401,11.6,9.14,2.47,200,13773,
oficina x245,estado del sistema,2.404,8.64,4.27,4.37,200,318,
oficina x245,panel en vivo,2.404,7.57,4.14,3.43,200,42,
oficina x245,estado del sistema,2.405,9.8,9.15,0.65,200,318,
oficina x245,resumen de video,2.413,5.52,4.84,0.68,200,13773,
oficina x245,eventos recientes,2.416,10.02,5.86,4.16,200,14691,
oficina x245,resumen de video,2.418,8.62,6.04,2.58,200,13773,
oficina x245,panel en vivo,2.418,7.97,7.5,0.48,200,42,
oficina x245,eventos recientes,2.426,3.77,3.69,0.08,200,14691,
oficina x245,estado del sistema,2.428,7.19,6.08,1.11,200,318,
oficina x245,panel en vivo,2.429,13.06,11.58,1.49,200,42,
oficina x245,resumen de video,2.431,10.49,10.33,0.17,200,13773,
oficina x245,panel en vivo,2.431,6.35,5.46,0.89,200,42,
oficina x245,panel en vivo,2.432,2.82,2.47,0.35,200,42,
oficina x245,panel en vivo,2.432,8.44,7.18,1.26,200,42,
oficina x245,estado del sistema,2.432,9.33,5.93,3.4,200,318,
oficina x245,resumen de video,2.438,14.7,12.14,2.57,200,13773,
oficina x245,panel en vivo,2.439,18.3,14.92,3.38,200,42,
oficina x245,resumen de video,2.441,15.21,12.19,3.02,200,13773,
oficina x245,panel en vivo,2.444,11.91,11.08,0.83,200,42,
oficina x245,panel en vivo,2.444,7.31,3.68,3.63,200,42,
oficina x245,estado del sistema,2.447,9.21,7.72,1.5,200,318,
oficina x245,eventos recientes,2.447,14.63,8.46,6.18,200,14691,
oficina x245,panel en vivo,2.454,9.75,6.05,3.7,200,42,
oficina x245,panel en vivo,2.457,12.21,11.95,0.26,200,42,
oficina x245,resumen de video,2.458,19.78,18.54,1.25,200,13773,
oficina x245,eventos recientes,2.46,10.66,9.77,0.88,200,14691,
oficina x245,estado del sistema,2.462,31.18,28.98,2.2,200,318,
oficina x245,panel en vivo,2.462,15.56,14.44,1.13,200,42,
oficina x245,resumen de video,2.463,23.2,20.91,2.3,200,13773,
oficina x245,resumen de video,2.464,9.79,8.39,1.4,200,13773,
oficina x245,panel en vivo,2.466,21.31,20.5,0.81,200,42,
oficina x245,resumen de video,2.467,14.59,9.34,5.25,200,13773,
oficina x245,abrir ficha,2.469,9.87,8.23,1.63,200,1045,
oficina x245,resumen de video,2.471,23.68,19.19,4.49,200,13773,
oficina x245,resumen de video,2.473,10.7,10.34,0.36,200,13773,
oficina x245,eventos recientes,2.477,15.21,14.55,0.66,200,14691,
oficina x245,estado del sistema,2.479,6.67,5.84,0.83,200,318,
oficina x245,resumen de video,2.48,21.4,19.94,1.46,200,13773,
oficina x245,eventos recientes,2.48,42.62,40.22,2.4,200,14691,
oficina x245,resumen de video,2.483,22.01,16.73,5.27,200,13773,
oficina x245,panel en vivo,2.485,19.23,11.38,7.85,200,42,
oficina x245,resumen de video,2.485,34.11,29.98,4.14,200,13773,
oficina x245,panel en vivo,2.485,20.92,12.16,8.76,200,42,
oficina x245,panel en vivo,2.486,6.86,6.67,0.19,200,42,
oficina x245,resumen de video,2.488,22.28,16.03,6.25,200,13773,
oficina x245,panel en vivo,2.491,39.05,32.97,6.08,200,42,
oficina x245,panel en vivo,2.492,44.66,38.04,6.61,200,42,
oficina x245,eventos recientes,2.508,26.72,23.26,3.46,200,14691,
oficina x245,metricas contactos,2.512,22.53,14.43,8.1,200,916,
oficina x245,panel en vivo,2.514,3.89,2.94,0.95,200,42,
oficina x245,panel en vivo,2.514,4.52,2.85,1.67,200,42,
oficina x245,panel en vivo,2.52,4.44,4.27,0.18,200,42,
oficina x245,resumen de video,2.524,5.95,5.66,0.29,200,13773,
oficina x245,eventos recientes,2.526,5.7,4.23,1.47,200,14691,
oficina x245,panel en vivo,2.533,11.32,7.67,3.65,200,42,
oficina x245,panel en vivo,2.534,11.6,7.74,3.86,200,42,
oficina x245,panel en vivo,2.534,6.58,5.78,0.79,200,42,
oficina x245,panel en vivo,2.535,4.28,3.28,1.0,200,42,
oficina x245,panel en vivo,2.537,5.42,2.66,2.76,200,42,
oficina x245,estado del sistema,2.538,7.89,7.13,0.77,200,318,
oficina x245,eventos recientes,2.538,9.14,7.8,1.34,200,14691,
oficina x245,resumen de video,2.542,11.61,8.86,2.75,200,13773,
oficina x245,resumen de video,2.548,12.09,11.82,0.27,200,13773,
oficina x245,resumen de video,2.55,13.08,12.0,1.07,200,13773,
oficina x245,panel en vivo,2.55,11.7,10.06,1.64,200,42,
oficina x245,resumen de video,2.552,11.65,10.27,1.39,200,13773,
oficina x245,estado del sistema,2.558,7.97,6.67,1.3,200,318,
oficina x245,eventos recientes,2.559,9.45,8.16,1.29,200,14691,
oficina x245,panel en vivo,2.561,7.99,6.8,1.19,200,42,
oficina x245,panel en vivo,2.563,6.04,5.75,0.28,200,42,
oficina x245,eventos recientes,2.564,5.28,4.76,0.52,200,14691,
oficina x245,panel en vivo,2.568,5.3,4.13,1.17,200,42,
oficina x245,eventos recientes,2.575,29.34,28.69,0.65,200,14691,
oficina x245,eventos recientes,2.575,27.18,24.93,2.25,200,14691,
oficina x245,eventos recientes,2.577,31.5,28.56,2.94,200,14691,
oficina x245,panel en vivo,2.578,6.67,6.31,0.37,200,42,
oficina x245,eventos recientes,2.581,28.56,28.05,0.51,200,14691,
oficina x245,resumen de video,2.581,17.7,17.17,0.53,200,13773,
oficina x245,eventos recientes,2.582,27.7,27.35,0.35,200,14691,
oficina x245,panel en vivo,2.583,14.35,9.01,5.34,200,42,
oficina x245,panel en vivo,2.585,26.09,26.02,0.07,200,42,
oficina x245,panel en vivo,2.588,14.07,13.94,0.14,200,42,
oficina x245,panel en vivo,2.588,14.24,13.54,0.7,200,42,
oficina x245,eventos recientes,2.589,26.66,19.59,7.06,200,14691,
oficina x245,panel en vivo,2.592,24.48,19.19,5.28,200,42,
oficina x245,panel en vivo,2.596,19.57,16.6,2.97,200,42,
oficina x245,panel en vivo,2.597,8.26,4.41,3.85,200,42,
oficina x245,eventos recientes,2.598,9.76,8.19,1.57,200,14691,
oficina x245,panel en vivo,2.601,28.7,23.65,5.05,200,42,
oficina x245,eventos recientes,2.606,13.76,12.54,1.22,200,14691,
oficina x245,estado del sistema,2.608,25.14,22.03,3.11,200,318,
oficina x245,estado del sistema,2.609,26.21,22.16,4.06,200,318,
oficina x245,estado del sistema,2.61,30.61,26.44,4.17,200,318,
oficina x245,panel en vivo,2.612,12.86,12.42,0.44,200,42,
oficina x245,panel en vivo,2.614,5.23,3.03,2.19,200,42,
oficina x245,resumen de video,2.616,6.11,4.41,1.7,200,13773,
oficina x245,estado del sistema,2.625,7.36,6.8,0.56,200,318,
oficina x245,panel en vivo,2.629,8.03,7.0,1.02,200,42,
oficina x245,eventos recientes,2.633,14.86,11.01,3.85,200,14691,
oficina x245,panel en vivo,2.635,3.18,2.61,0.57,200,42,
oficina x245,bandeja de documentos,2.639,5.44,4.18,1.26,200,12476,
oficina x245,estado del sistema,2.643,8.63,7.6,1.04,200,318,
oficina x245,resumen de video,2.643,7.36,6.04,1.32,200,13773,
oficina x245,panel en vivo,2.644,10.45,9.9,0.55,200,42,
oficina x245,panel en vivo,2.647,8.72,8.25,0.47,200,42,
oficina x245,resumen de video,2.65,14.48,14.1,0.37,200,13773,
oficina x245,panel en vivo,2.652,13.87,11.79,2.08,200,42,
oficina x245,panel en vivo,2.654,4.61,2.88,1.73,200,42,
oficina x245,panel en vivo,2.658,13.28,9.8,3.48,200,42,
oficina x245,resumen de video,2.661,17.34,14.8,2.54,200,13773,
oficina x245,resumen de video,2.663,16.22,14.09,2.13,200,13773,
oficina x245,resumen de video,2.664,17.08,15.34,1.74,200,13773,
oficina x245,panel en vivo,2.666,5.73,4.8,0.93,200,42,
oficina x245,panel en vivo,2.669,35.4,32.81,2.59,200,42,
oficina x245,panel en vivo,2.671,16.82,14.09,2.73,200,42,
oficina x245,panel en vivo,2.675,18.58,18.38,0.21,200,42,
oficina x245,estado del sistema,2.676,31.72,28.95,2.77,200,318,
oficina x245,panel en vivo,2.676,52.77,48.59,4.18,200,42,
oficina x245,eventos recientes,2.677,10.38,9.16,1.22,200,14691,
oficina x245,resumen de video,2.678,23.42,20.03,3.39,200,13773,
oficina x245,panel en vivo,2.679,9.34,8.39,0.96,200,42,
oficina x245,eventos recientes,2.679,18.67,16.38,2.29,200,14691,
oficina x245,eventos recientes,2.68,18.98,16.12,2.85,200,14691,
oficina x245,panel en vivo,2.68,35.34,27.42,7.92,200,42,
oficina x245,panel en vivo,2.681,20.56,17.88,2.69,200,42,
oficina x245,panel en vivo,2.682,13.33,10.07,3.26,200,42,
oficina x245,estado del sistema,2.683,21.14,19.69,1.45,200,318,
oficina x245,eventos recientes,2.686,13.97,11.5,2.47,200,14691,
oficina x245,estado del sistema,2.689,17.05,11.55,5.5,200,318,
oficina x245,panel en vivo,2.69,4.08,3.6,0.48,200,42,
oficina x245,resumen de video,2.693,36.52,25.1,11.42,200,13773,
oficina x245,panel en vivo,2.694,7.18,4.92,2.27,200,42,
oficina x245,resumen de video,2.701,37.12,30.24,6.88,200,13773,
oficina x245,resumen de video,2.706,48.35,44.58,3.77,200,13773,
oficina x245,estado del sistema,2.706,12.65,7.11,5.53,200,318,
oficina x245,resumen de video,2.709,38.12,32.16,5.96,200,13773,
oficina x245,eventos recientes,2.71,12.18,8.48,3.7,200,14691,
oficina x245,panel en vivo,2.713,59.45,46.57,12.88,200,42,
oficina x245,resumen de video,2.717,6.26,6.07,0.19,200,13773,
oficina x245,eventos recientes,2.72,8.45,7.71,0.74,200,14691,
oficina x245,panel en vivo,2.723,39.09,28.59,10.5,200,42,
oficina x245,panel en vivo,2.731,7.46,7.24,0.22,200,42,
oficina x245,panel en vivo,2.733,8.96,5.17,3.79,200,42,
oficina x245,panel en vivo,2.734,8.79,8.38,0.4,200,42,
oficina x245,panel en vivo,2.734,8.0,5.79,2.21,200,42,
oficina x245,eventos recientes,2.735,9.47,7.02,2.46,200,14691,
oficina x245,panel en vivo,2.737,6.32,4.8,1.52,200,42,
oficina x245,eventos recientes,2.743,9.24,8.19,1.06,200,14691,
oficina x245,panel en vivo,2.747,18.83,16.44,2.39,200,42,
oficina x245,estado del sistema,2.749,12.55,5.93,6.62,200,318,
oficina x245,panel en vivo,2.751,9.44,4.33,5.11,200,42,
oficina x245,panel en vivo,2.754,4.78,4.37,0.4,200,42,
oficina x245,resumen de video,2.755,6.21,5.07,1.14,200,13773,
oficina x245,panel en vivo,2.756,21.31,15.39,5.92,200,42,
oficina x245,resumen de video,2.763,19.72,16.78,2.95,200,13773,
oficina x245,resumen de video,2.764,7.26,3.84,3.41,200,13773,
oficina x245,panel en vivo,2.767,15.4,13.6,1.8,200,42,
oficina x245,estado del sistema,2.768,17.29,15.93,1.37,200,318,
oficina x245,panel en vivo,2.769,3.19,2.67,0.53,200,42,
oficina x245,panel en vivo,2.773,10.51,3.56,6.95,200,42,
oficina x245,panel en vivo,2.774,15.64,15.34,0.3,200,42,
oficina x245,eventos recientes,2.775,14.59,11.27,3.32,200,14691,
oficina x245,panel en vivo,2.775,15.24,7.11,8.12,200,42,
oficina x245,panel en vivo,2.776,7.03,3.48,3.55,200,42,
oficina x245,eventos recientes,2.78,12.16,9.16,3.0,200,14691,
oficina x245,panel en vivo,2.786,3.65,2.68,0.97,200,42,
oficina x245,panel en vivo,2.786,10.35,6.51,3.83,200,42,
oficina x245,eventos recientes,2.79,6.77,5.68,1.09,200,14691,
oficina x245,panel en vivo,2.799,6.73,6.01,0.72,200,42,
oficina x245,panel en vivo,2.805,5.33,4.8,0.53,200,42,
oficina x245,panel en vivo,2.805,5.41,4.4,1.01,200,42,
oficina x245,panel en vivo,2.808,28.33,24.55,3.77,200,42,
oficina x245,panel en vivo,2.809,6.64,3.5,3.14,200,42,
oficina x245,panel en vivo,2.811,29.74,25.89,3.85,200,42,
oficina x245,panel en vivo,2.811,36.9,31.2,5.7,200,42,
oficina x245,panel en vivo,2.814,3.42,2.57,0.85,200,42,
oficina x245,panel en vivo,2.814,10.96,9.0,1.97,200,42,
oficina x245,eventos recientes,2.816,11.55,9.75,1.8,200,14691,
oficina x245,eventos recientes,2.819,8.73,7.77,0.95,200,14691,
oficina x245,panel en vivo,2.824,29.33,23.02,6.31,200,42,
oficina x245,panel en vivo,2.826,32.19,25.99,6.19,200,42,
oficina x245,panel en vivo,2.827,43.89,36.87,7.02,200,42,
oficina x245,eventos recientes,2.841,11.43,10.04,1.39,200,14691,
oficina x245,estado del sistema,2.846,6.11,3.84,2.27,200,318,
oficina x245,eventos recientes,2.852,8.26,7.69,0.57,200,14691,
oficina x245,panel en vivo,2.853,12.73,10.58,2.15,200,42,
oficina x245,eventos recientes,2.854,8.35,7.87,0.48,200,14691,
oficina x245,eventos recientes,2.858,14.27,14.03,0.24,200,14691,
oficina x245,panel en vivo,2.859,13.52,12.19,1.33,200,42,
oficina x245,resumen de video,2.863,5.13,4.44,0.7,200,13773,
oficina x245,eventos recientes,2.863,23.95,22.95,1.0,200,14691,
oficina x245,eventos recientes,2.868,3.48,3.02,0.45,200,14691,
oficina x245,panel en vivo,2.869,45.85,41.86,3.99,200,42,
oficina x245,eventos recientes,2.869,51.4,45.97,5.43,200,14691,
oficina x245,eventos recientes,2.869,54.91,47.44,7.47,200,14691,
oficina x245,abrir ficha,2.873,9.6,9.02,0.58,200,1045,
oficina x245,eventos recientes,2.873,15.58,13.77,1.81,200,14691,
oficina x245,panel en vivo,2.875,26.37,21.27,5.09,200,42,
oficina x245,panel en vivo,2.877,35.1,30.64,4.46,200,42,
oficina x245,eventos recientes,2.88,57.71,40.62,17.08,200,14691,
oficina x245,panel en vivo,2.883,20.88,15.36,5.52,200,42,
oficina x245,eventos recientes,2.884,29.24,22.66,6.58,200,14691,
oficina x245,panel en vivo,2.885,29.14,21.35,7.79,200,42,
oficina x245,panel en vivo,2.885,8.5,7.84,0.66,200,42,
oficina x245,eventos recientes,2.886,36.71,28.9,7.81,200,14691,
oficina x245,resumen de video,2.887,39.28,31.43,7.85,200,13773,
oficina x245,panel en vivo,2.89,40.8,21.93,18.88,200,42,
oficina x245,eventos recientes,2.89,4.81,4.01,0.8,200,14691,
oficina x245,panel en vivo,2.897,3.43,2.61,0.81,200,42,
oficina x245,abrir ficha,2.898,61.8,55.16,6.64,200,1045,
oficina x245,panel en vivo,2.899,32.0,16.74,15.26,200,42,
oficina x245,eventos recientes,2.9,10.64,10.08,0.56,200,14691,
oficina x245,estado del sistema,2.9,10.02,8.98,1.04,200,318,
oficina x245,panel en vivo,2.901,54.28,48.63,5.65,200,42,
oficina x245,panel en vivo,2.905,63.82,55.81,8.01,200,42,
oficina x245,panel en vivo,2.905,17.91,14.59,3.32,200,42,
oficina x245,eventos recientes,2.906,275.94,267.61,8.33,200,14691,
oficina x245,eventos recientes,2.907,29.06,18.89,10.17,200,14691,
oficina x245,resumen de video,2.909,175.3,161.17,14.13,200,13773,
oficina x245,eventos recientes,2.909,14.15,12.49,1.66,200,14691,
oficina x245,resumen de video,2.911,85.82,70.47,15.35,200,13773,
oficina x245,resumen de video,2.915,10.93,10.72,0.2,200,13773,
oficina x245,panel en vivo,2.916,65.58,49.71,15.88,200,42,
oficina x245,eventos recientes,2.918,191.52,175.99,15.54,200,14691,
oficina x245,panel en vivo,2.919,5.64,5.3,0.34,200,42,
oficina x245,panel en vivo,2.919,17.44,16.41,1.04,200,42,
oficina x245,estado del sistema,2.92,21.89,14.23,7.66,200,318,
oficina x245,panel en vivo,2.923,386.27,372.55,13.72,200,42,
oficina x245,panel en vivo,2.926,87.47,71.78,15.7,200,42,
oficina x245,eventos recientes,2.928,95.85,77.27,18.58,200,14691,
oficina x245,estado del sistema,2.928,10.54,7.66,2.88,200,318,
oficina x245,panel en vivo,2.93,234.17,216.94,17.23,200,42,
oficina x245,resumen de video,2.931,111.2,92.13,19.07,200,13773,
oficina x245,panel en vivo,2.937,9.74,7.79,1.95,200,42,
oficina x245,panel en vivo,2.939,6.67,6.18,0.49,200,42,
oficina x245,panel en vivo,2.944,5.65,2.61,3.04,200,42,
oficina x245,panel en vivo,2.944,107.87,91.72,16.15,200,42,
oficina x245,panel en vivo,2.95,236.67,224.2,12.47,200,42,
oficina x245,eventos recientes,2.951,3.72,3.15,0.57,200,14691,
oficina x245,panel en vivo,2.954,14.13,12.93,1.2,200,42,
oficina x245,eventos recientes,2.955,14.7,13.19,1.51,200,14691,
oficina x245,panel en vivo,2.955,15.96,13.37,2.59,200,42,
oficina x245,panel en vivo,2.96,70.52,59.27,11.25,200,42,
oficina x245,estado del sistema,2.961,103.84,92.44,11.4,200,318,
oficina x245,estado del sistema,2.964,5.07,3.57,1.5,200,318,
oficina x245,panel en vivo,2.97,130.17,117.94,12.22,200,42,
oficina x245,panel en vivo,2.975,8.4,8.23,0.18,200,42,
oficina x245,panel en vivo,2.975,13.01,11.89,1.12,200,42,
oficina x245,panel en vivo,2.976,5.37,2.67,2.7,200,42,
oficina x245,panel en vivo,2.979,12.07,9.42,2.65,200,42,
oficina x245,resumen de video,2.991,10.06,8.99,1.08,200,13773,
oficina x245,panel en vivo,2.995,232.12,212.91,19.21,200,42,
oficina x245,panel en vivo,2.998,4.65,3.51,1.14,200,42,
oficina x245,eventos recientes,2.998,103.38,86.02,17.36,200,14691,
oficina x245,resumen de video,3.002,9.12,8.1,1.02,200,13773,
oficina x245,panel en vivo,3.002,6.97,5.58,1.39,200,42,
oficina x245,resumen de video,3.003,6.78,5.92,0.86,200,13773,
oficina x245,panel en vivo,3.009,7.12,6.76,0.36,200,42,
oficina x245,panel en vivo,3.01,4.52,3.58,0.94,200,42,
oficina x245,eventos recientes,3.022,11.15,11.0,0.15,200,14691,
oficina x245,panel en vivo,3.022,16.1,10.3,5.8,200,42,
oficina x245,eventos recientes,3.025,4.54,3.02,1.52,200,14691,
oficina x245,eventos recientes,3.025,97.94,83.76,14.18,200,14691,
oficina x245,panel en vivo,3.028,11.42,9.97,1.45,200,42,
oficina x245,eventos recientes,3.028,17.3,15.22,2.09,200,14691,
oficina x245,eventos recientes,3.034,321.58,302.81,18.78,200,14691,
oficina x245,resumen de video,3.037,388.09,370.85,17.24,200,13773,
oficina x245,eventos recientes,3.042,85.77,62.55,23.21,200,14691,
oficina x245,eventos recientes,3.042,7.3,5.62,1.68,200,14691,
oficina x245,panel en vivo,3.042,6.79,5.57,1.22,200,42,
oficina x245,resumen de video,3.043,9.57,7.12,2.45,200,13773,
oficina x245,eventos recientes,3.044,11.91,11.43,0.49,200,14691,
oficina x245,eventos recientes,3.045,160.75,139.2,21.55,200,14691,
oficina x245,estado del sistema,3.046,215.68,194.38,21.3,200,318,
oficina x245,panel en vivo,3.055,4.51,4.22,0.29,200,42,
oficina x245,eventos recientes,3.056,3.43,3.07,0.35,200,14691,
oficina x245,panel en vivo,3.062,6.98,6.3,0.69,200,42,
oficina x245,eventos recientes,3.063,89.99,68.51,21.48,200,14691,
oficina x245,resumen de video,3.065,523.63,502.33,21.3,200,13773,
oficina x245,estado del sistema,3.069,786.21,767.65,18.56,200,318,
oficina x245,panel en vivo,3.071,5.37,4.36,1.0,200,42,
oficina x245,panel en vivo,3.073,3.29,2.53,0.76,200,42,
oficina x245,panel en vivo,3.074,10.18,4.81,5.37,200,42,
oficina x245,resumen de video,3.075,10.35,9.79,0.56,200,13773,
oficina x245,estado del sistema,3.076,16.58,15.57,1.02,200,318,
oficina x245,panel en vivo,3.077,8.52,8.36,0.15,200,42,
oficina x245,resumen de video,3.077,13.37,12.67,0.69,200,13773,
oficina x245,panel en vivo,3.083,10.49,9.93,0.56,200,42,
oficina x245,resumen de video,3.086,10.25,8.28,1.97,200,13773,
oficina x245,resumen de video,3.091,184.14,159.98,24.16,200,13773,
oficina x245,panel en vivo,3.091,6.31,5.99,0.32,200,42,
oficina x245,resumen de video,3.092,6.09,4.79,1.3,200,13773,
oficina x245,panel en vivo,3.096,4.85,4.15,0.69,200,42,
oficina x245,resumen de video,3.096,9.14,7.76,1.38,200,13773,
oficina x245,resumen de video,3.097,9.67,7.88,1.79,200,13773,
oficina x245,panel en vivo,3.1,16.37,15.24,1.13,200,42,
oficina x245,resumen de video,3.102,10.64,10.39,0.26,200,13773,
oficina x245,resumen de video,3.103,9.65,9.06,0.59,200,13773,
oficina x245,panel en vivo,3.106,11.4,10.32,1.08,200,42,
oficina x245,eventos recientes,3.108,10.56,10.35,0.21,200,14691,
oficina x245,panel en vivo,3.108,475.69,453.99,21.7,200,42,
oficina x245,resumen de video,3.111,10.48,6.95,3.52,200,13773,
oficina x245,panel en vivo,3.112,4.51,3.81,0.7,200,42,
oficina x245,eventos recientes,3.112,120.37,98.46,21.91,200,14691,
oficina x245,eventos recientes,3.118,3.53,2.86,0.67,200,14691,
oficina x245,eventos recientes,3.118,132.26,111.68,20.58,200,14691,
oficina x245,panel en vivo,3.121,5.85,2.76,3.09,200,42,
oficina x245,panel en vivo,3.124,4.62,4.15,0.47,200,42,
oficina x245,eventos recientes,3.126,90.15,63.03,27.12,200,14691,
oficina x245,eventos recientes,3.127,15.36,15.21,0.15,200,14691,
oficina x245,panel en vivo,3.127,4.92,4.26,0.66,200,42,
oficina x245,eventos recientes,3.129,11.99,11.85,0.14,200,14691,
oficina x245,panel en vivo,3.131,3.52,3.05,0.47,200,42,
oficina x245,panel en vivo,3.131,22.26,21.23,1.04,200,42,
oficina x245,panel en vivo,3.131,20.7,18.76,1.94,200,42,
oficina x245,resumen de video,3.133,138.97,116.74,22.24,200,13773,
oficina x245,resumen de video,3.135,28.91,21.73,7.17,200,13773,
oficina x245,estado del sistema,3.137,12.34,12.02,0.33,200,318,
oficina x245,eventos recientes,3.142,668.84,639.79,29.05,200,14691,
oficina x245,panel en vivo,3.144,8.0,3.45,4.55,200,42,
oficina x245,eventos recientes,3.144,10.33,9.6,0.73,200,14691,
oficina x245,eventos recientes,3.148,9.88,9.27,0.62,200,14691,
oficina x245,eventos recientes,3.155,16.73,15.91,0.82,200,14691,
oficina x245,panel en vivo,3.156,2.64,2.51,0.14,200,42,
oficina x245,estado del sistema,3.157,17.21,16.48,0.73,200,318,
oficina x245,resumen de video,3.157,20.25,18.86,1.4,200,13773,
oficina x245,panel en vivo,3.158,338.7,314.45,24.25,200,42,
oficina x245,resumen de video,3.159,29.37,22.34,7.03,200,13773,
oficina x245,resumen de video,3.161,25.11,18.32,6.79,200,13773,
oficina x245,panel en vivo,3.162,2.97,2.58,0.39,200,42,
oficina x245,panel en vivo,3.162,6.73,4.99,1.75,200,42,
oficina x245,panel en vivo,3.167,18.0,10.5,7.5,200,42,
oficina x245,estado del sistema,3.168,2.75,2.53,0.22,200,318,
oficina x245,resumen de video,3.168,18.23,11.64,6.59,200,13773,
oficina x245,estado del sistema,3.17,4.07,3.69,0.38,200,318,
oficina x245,resumen de video,3.173,287.92,270.32,17.6,200,13773,
oficina x245,resumen de video,3.177,114.51,94.29,20.22,200,13773,
oficina x245,panel en vivo,3.183,199.03,183.32,15.71,200,42,
oficina x245,panel en vivo,3.186,3.92,2.98,0.94,200,42,
oficina x245,resumen de video,3.188,222.42,202.52,19.9,200,13773,
oficina x245,eventos recientes,3.19,124.52,104.96,19.56,200,14691,
oficina x245,resumen de video,3.194,5.75,5.41,0.35,200,13773,
oficina x245,panel en vivo,3.201,12.73,10.2,2.53,200,42,
oficina x245,resumen de video,3.203,11.23,9.62,1.61,200,13773,
oficina x245,panel en vivo,3.205,9.28,8.21,1.07,200,42,
oficina x245,panel en vivo,3.21,140.24,127.22,13.02,200,42,
oficina x245,resumen de video,3.212,5.15,4.7,0.45,200,13773,
oficina x245,panel en vivo,3.219,2.86,2.68,0.19,200,42,
oficina x245,panel en vivo,3.229,141.58,124.94,16.63,200,42,
oficina x245,eventos recientes,3.229,4.15,3.38,0.77,200,14691,
oficina x245,panel en vivo,3.234,372.92,353.59,19.33,200,42,
oficina x245,panel en vivo,3.235,7.44,6.02,1.42,200,42,
oficina x245,eventos recientes,3.236,11.95,7.9,4.05,200,14691,
oficina x245,eventos recientes,3.238,78.25,52.45,25.79,200,14691,
oficina x245,resumen de video,3.244,11.07,7.98,3.08,200,13773,
oficina x245,resumen de video,3.248,9.09,8.67,0.42,200,13773,
oficina x245,resumen de video,3.251,79.17,58.39,20.78,200,13773,
oficina x245,resumen de video,3.258,191.17,170.95,20.22,200,13773,
oficina x245,eventos recientes,3.259,11.72,11.56,0.16,200,14691,
oficina x245,estado del sistema,3.261,13.31,5.66,7.66,200,318,
oficina x245,estado del sistema,3.271,5.34,4.38,0.96,200,318,
oficina x245,eventos recientes,3.275,19.54,14.85,4.69,200,14691,
oficina x245,resumen de video,3.276,20.4,16.37,4.03,200,13773,
oficina x245,eventos recientes,3.279,19.56,17.61,1.95,200,14691,
oficina x245,panel en vivo,3.281,13.87,12.88,0.98,200,42,
oficina x245,panel en vivo,3.283,156.6,132.47,24.13,200,42,
oficina x245,eventos recientes,3.287,6.71,6.13,0.58,200,14691,
oficina x245,panel en vivo,3.288,5.1,3.69,1.41,200,42,
oficina x245,resumen de video,3.289,8.19,7.0,1.19,200,13773,
oficina x245,panel en vivo,3.292,86.1,59.42,26.68,200,42,
oficina x245,eventos recientes,3.293,5.94,4.25,1.68,200,14691,
oficina x245,panel en vivo,3.297,101.08,77.56,23.52,200,42,
oficina x245,eventos recientes,3.313,6.11,2.76,3.35,200,14691,
oficina x245,estado del sistema,3.313,3.45,2.77,0.68,200,318,
oficina x245,eventos recientes,3.314,6.3,4.95,1.36,200,14691,
oficina x245,estado del sistema,3.324,23.07,22.74,0.34,200,318,
oficina x245,panel en vivo,3.324,23.0,22.35,0.65,200,42,
oficina x245,panel en vivo,3.328,86.98,63.94,23.05,200,42,
oficina x245,panel en vivo,3.331,6.32,4.8,1.52,200,42,
oficina x245,eventos recientes,3.332,6.22,5.16,1.06,200,14691,
oficina x245,resumen de video,3.336,8.68,8.19,0.49,200,13773,
oficina x245,resumen de video,3.338,9.68,8.2,1.48,200,13773,
oficina x245,resumen de video,3.351,5.09,4.05,1.04,200,13773,
oficina x245,panel en vivo,3.357,13.53,12.09,1.44,200,42,
oficina x245,resumen de video,3.357,10.52,10.18,0.35,200,13773,
oficina x245,panel en vivo,3.36,24.34,19.18,5.17,200,42,
oficina x245,panel en vivo,3.363,9.78,8.31,1.47,200,42,
oficina x245,eventos recientes,3.364,32.36,28.49,3.87,200,14691,
oficina x245,panel en vivo,3.366,21.14,16.84,4.3,200,42,
oficina x245,resumen de video,3.366,4.94,4.18,0.76,200,13773,
oficina x245,panel en vivo,3.367,450.86,431.42,19.45,200,42,
oficina x245,panel en vivo,3.368,25.78,22.36,3.42,200,42,
oficina x245,eventos recientes,3.371,19.86,16.29,3.58,200,14691,
oficina x245,estado del sistema,3.374,144.45,119.93,24.52,200,318,
oficina x245,panel en vivo,3.386,3.95,2.91,1.04,200,42,
oficina x245,panel en vivo,3.388,75.54,53.02,22.52,200,42,
oficina x245,eventos recientes,3.39,271.05,241.58,29.47,200,14691,
oficina x245,panel en vivo,3.393,8.23,7.6,0.62,200,42,
oficina x245,eventos recientes,3.393,9.61,8.41,1.2,200,14691,
oficina x245,panel en vivo,3.394,10.38,9.66,0.72,200,42,
oficina x245,resumen de video,3.397,5.56,4.98,0.58,200,13773,
oficina x245,panel en vivo,3.398,8.35,7.45,0.89,200,42,
oficina x245,panel en vivo,3.402,6.24,5.76,0.49,200,42,
oficina x245,panel en vivo,3.403,6.36,4.96,1.4,200,42,
oficina x245,eventos recientes,3.408,69.29,52.22,17.08,200,14691,
oficina x245,panel en vivo,3.409,5.28,4.32,0.96,200,42,
oficina x245,panel en vivo,3.409,615.71,597.44,18.27,200,42,
oficina x245,estado del sistema,3.41,2.92,2.66,0.25,200,318,
oficina x245,estado del sistema,3.413,88.33,71.14,17.19,200,318,
oficina x245,estado del sistema,3.414,3.57,3.24,0.33,200,318,
oficina x245,eventos recientes,3.419,6.5,5.58,0.92,200,14691,
oficina x245,eventos recientes,3.42,111.6,91.86,19.74,200,14691,
oficina x245,panel en vivo,3.422,7.4,6.54,0.86,200,42,
oficina x245,estado del sistema,3.424,3.37,2.8,0.57,200,318,
oficina x245,panel en vivo,3.428,3.0,2.31,0.69,200,42,
oficina x245,panel en vivo,3.429,5.44,4.76,0.68,200,42,
oficina x245,panel en vivo,3.43,5.16,4.75,0.41,200,42,
oficina x245,estado del sistema,3.433,131.05,109.05,22.0,200,318,
oficina x245,panel en vivo,3.434,261.28,238.24,23.05,200,42,
oficina x245,panel en vivo,3.437,5.22,2.37,2.85,200,42,
oficina x245,eventos recientes,3.437,10.64,10.28,0.36,200,14691,
oficina x245,resumen de video,3.438,12.14,11.39,0.75,200,13773,
oficina x245,panel en vivo,3.443,5.83,4.81,1.01,200,42,
oficina x245,panel en vivo,3.451,9.67,9.11,0.56,200,42,
oficina x245,eventos recientes,3.451,4.78,2.76,2.01,200,14691,
oficina x245,eventos recientes,3.454,319.81,305.34,14.47,200,14691,
oficina x245,panel en vivo,3.455,10.3,5.71,4.59,200,42,
oficina x245,abrir ficha,3.457,9.22,6.25,2.97,200,1045,
oficina x245,eventos recientes,3.457,8.2,5.31,2.88,200,14691,
oficina x245,panel en vivo,3.46,4.24,3.55,0.69,200,42,
oficina x245,panel en vivo,3.464,3.27,2.27,1.0,200,42,
oficina x245,eventos recientes,3.466,8.86,2.8,6.05,200,14691,
oficina x245,eventos recientes,3.471,92.17,80.15,12.02,200,14691,
oficina x245,eventos recientes,3.472,3.8,2.68,1.12,200,14691,
oficina x245,eventos recientes,3.474,3.18,2.73,0.45,200,14691,
oficina x245,panel en vivo,3.477,231.17,213.56,17.61,200,42,
oficina x245,panel en vivo,3.48,3.05,2.71,0.34,200,42,
oficina x245,eventos recientes,3.483,427.57,408.54,19.03,200,14691,
oficina x245,estado del sistema,3.483,6.21,5.36,0.85,200,318,
oficina x245,resumen de video,3.484,4.37,4.05,0.33,200,13773,
oficina x245,resumen de video,3.489,7.18,6.36,0.82,200,13773,
oficina x245,resumen de video,3.495,139.88,125.53,14.35,200,13773,
oficina x245,abrir ficha,3.497,5.88,2.77,3.11,200,1045,
oficina x245,panel en vivo,3.498,3.33,2.4,0.92,200,42,
oficina x245,panel en vivo,3.501,870.73,847.23,23.5,200,42,
oficina x245,eventos recientes,3.504,6.96,2.74,4.22,200,14691,
oficina x245,estado del sistema,3.505,13.32,12.68,0.64,200,318,
oficina x245,panel en vivo,3.506,480.58,452.82,27.76,200,42,
oficina x245,panel en vivo,3.506,481.27,452.61,28.66,200,42,
oficina x245,resumen de video,3.507,22.89,22.23,0.66,200,13773,
oficina x245,resumen de video,3.507,17.96,9.09,8.87,200,13773,
oficina x245,resumen de video,3.508,19.58,10.73,8.86,200,13773,
oficina x245,estado del sistema,3.508,29.59,28.59,1.0,200,318,
oficina x245,resumen de video,3.509,143.91,116.61,27.29,200,13773,
oficina x245,resumen de video,3.51,5.72,4.82,0.9,200,13773,
oficina x245,panel en vivo,3.51,30.57,29.7,0.87,200,42,
oficina x245,bandeja de documentos,3.513,12.93,8.19,4.74,200,12476,
oficina x245,eventos recientes,3.513,217.37,192.85,24.52,200,14691,
oficina x245,resumen de video,3.516,32.88,27.46,5.42,200,13773,
oficina x245,resumen de video,3.518,36.01,31.39,4.61,200,13773,
oficina x245,eventos recientes,3.519,5.18,4.17,1.0,200,14691,
oficina x245,panel en vivo,3.521,41.4,34.48,6.92,200,42,
oficina x245,eventos recientes,3.526,25.55,21.01,4.54,200,14691,
oficina x245,eventos recientes,3.538,6.13,5.49,0.64,200,14691,
oficina x245,eventos recientes,3.539,1003.89,974.07,29.83,200,14691,
oficina x245,panel en vivo,3.539,197.83,165.6,32.23,200,42,
oficina x245,resumen de video,3.543,33.73,27.68,6.05,200,13773,
oficina x245,eventos recientes,3.545,30.65,24.15,6.5,200,14691,
oficina x245,estado del sistema,3.555,20.38,19.51,0.87,200,318,
oficina x245,resumen de video,3.556,228.17,204.45,23.72,200,13773,
oficina x245,panel en vivo,3.558,10.78,8.94,1.83,200,42,
oficina x245,eventos recientes,3.559,33.92,30.78,3.15,200,14691,
oficina x245,eventos recientes,3.56,39.49,28.67,10.82,200,14691,
oficina x245,panel en vivo,3.562,383.66,364.17,19.49,200,42,
oficina x245,panel en vivo,3.562,51.27,40.88,10.39,200,42,
oficina x245,panel en vivo,3.563,114.38,88.68,25.7,200,42,
oficina x245,panel en vivo,3.565,214.77,189.49,25.28,200,42,
oficina x245,panel en vivo,3.566,49.41,36.77,12.64,200,42,
oficina x245,panel en vivo,3.567,58.75,46.22,12.52,200,42,
oficina x245,eventos recientes,3.569,7.37,7.05,0.31,200,14691,
oficina x245,estado del sistema,3.572,216.08,196.18,19.9,200,318,
oficina x245,panel en vivo,3.573,8.83,7.83,1.0,200,42,
oficina x245,panel en vivo,3.574,8.02,7.61,0.41,200,42,
oficina x245,panel en vivo,3.579,1266.63,1247.28,19.35,200,42,
oficina x245,eventos recientes,3.579,9.2,4.75,4.45,200,14691,
oficina x245,eventos recientes,3.584,27.14,21.08,6.06,200,14691,
oficina x245,panel en vivo,3.584,3.38,2.95,0.43,200,42,
oficina x245,panel en vivo,3.585,768.32,745.97,22.35,200,42,
oficina x245,panel en vivo,3.589,571.62,551.38,20.24,200,42,
oficina x245,eventos recientes,3.592,257.24,238.91,18.33,200,14691,
oficina x245,resumen de video,3.594,18.25,17.22,1.03,200,13773,
oficina x245,panel en vivo,3.597,269.41,248.72,20.69,200,42,
oficina x245,eventos recientes,3.598,240.59,218.72,21.87,200,14691,
oficina x245,eventos recientes,3.598,7.73,5.9,1.83,200,14691,
oficina x245,eventos recientes,3.599,6.93,5.84,1.09,200,14691,
oficina x245,estado del sistema,3.6,6.88,6.06,0.82,200,318,
oficina x245,panel en vivo,3.604,693.98,669.35,24.63,200,42,
oficina x245,resumen de video,3.609,2530.02,2506.45,23.57,200,13773,
oficina x245,panel en vivo,3.616,3.78,3.03,0.75,200,42,
oficina x245,eventos recientes,3.617,6.81,3.83,2.98,200,14691,
oficina x245,resumen de video,3.621,12.03,10.98,1.05,200,13773,
oficina x245,eventos recientes,3.624,5.83,5.24,0.59,200,14691,
oficina x245,panel en vivo,3.624,8.35,4.23,4.12,200,42,
oficina x245,panel en vivo,3.626,6.08,5.88,0.2,200,42,
oficina x245,eventos recientes,3.626,6.86,5.99,0.87,200,14691,
oficina x245,eventos recientes,3.631,469.09,455.6,13.48,200,14691,
oficina x245,panel en vivo,3.632,328.67,315.19,13.48,200,42,
oficina x245,panel en vivo,3.64,4.52,4.23,0.29,200,42,
oficina x245,estado del sistema,3.646,16.4,14.5,1.91,200,318,
oficina x245,panel en vivo,3.648,13.87,13.17,0.7,200,42,
oficina x245,panel en vivo,3.65,19.94,9.0,10.94,200,42,
oficina x245,eventos recientes,3.659,8.02,7.29,0.73,200,14691,
oficina x245,estado del sistema,3.662,11.97,11.72,0.25,200,318,
oficina x245,panel en vivo,3.662,8.3,7.59,0.72,200,42,
oficina x245,eventos recientes,3.662,873.58,846.12,27.46,200,14691,
oficina x245,panel en vivo,3.664,9.01,8.65,0.36,200,42,
oficina x245,panel en vivo,3.666,5.4,3.28,2.12,200,42,
oficina x245,panel en vivo,3.669,741.25,719.0,22.25,200,42,
oficina x245,eventos recientes,3.672,278.14,247.45,30.69,200,14691,
oficina x245,resumen de video,3.673,5.23,4.23,1.0,200,13773,
oficina x245,resumen de video,3.681,10.41,8.79,1.62,200,13773,
oficina x245,estado del sistema,3.681,3.47,3.24,0.23,200,318,
oficina x245,estado del sistema,3.682,199.7,169.05,30.65,200,318,
oficina x245,panel en vivo,3.684,5.92,5.01,0.91,200,42,
oficina x245,resumen de video,3.689,216.95,191.41,25.54,200,13773,
oficina x245,panel en vivo,3.689,7.15,4.88,2.27,200,42,
oficina x245,resumen de video,3.69,7.69,5.23,2.46,200,13773,
oficina x245,resumen de video,3.692,445.32,416.09,29.23,200,13773,
oficina x245,resumen de video,3.696,451.42,409.76,41.67,200,13773,
oficina x245,estado del sistema,3.697,7.76,7.19,0.57,200,318,
oficina x245,panel en vivo,3.704,6.59,2.79,3.8,200,42,
oficina x245,panel en vivo,3.705,2.53,2.48,0.05,200,42,
oficina x245,eventos recientes,3.711,10.65,10.06,0.6,200,14691,
oficina x245,estado del sistema,3.711,8.05,7.57,0.48,200,318,
oficina x245,panel en vivo,3.712,9.36,5.5,3.85,200,42,
oficina x245,resumen de video,3.712,12.33,11.25,1.08,200,13773,
oficina x245,resumen de video,3.712,493.72,454.35,39.37,200,13773,
oficina x245,eventos recientes,3.714,8.45,6.03,2.42,200,14691,
oficina x245,resumen de video,3.72,5.81,4.51,1.31,200,13773,
oficina x245,resumen de video,3.722,6.04,5.7,0.34,200,13773,
oficina x245,panel en vivo,3.726,2252.91,2214.75,38.16,200,42,
oficina x245,eventos recientes,3.728,568.35,530.48,37.88,200,14691,
oficina x245,panel en vivo,3.73,2.47,2.34,0.14,200,42,
oficina x245,panel en vivo,3.732,1531.01,1494.53,36.48,200,42,
oficina x245,panel en vivo,3.732,180.85,143.82,37.03,200,42,
oficina x245,eventos recientes,3.733,18.24,16.92,1.32,200,14691,
oficina x245,eventos recientes,3.736,23.98,23.3,0.68,200,14691,
oficina x245,panel en vivo,3.736,30.89,29.4,1.49,200,42,
oficina x245,eventos recientes,3.737,26.13,24.32,1.81,200,14691,
oficina x245,panel en vivo,3.74,171.15,140.36,30.79,200,42,
oficina x245,eventos recientes,3.742,5.96,3.83,2.12,200,14691,
oficina x245,panel en vivo,3.742,7.22,6.95,0.27,200,42,
oficina x245,resumen de video,3.746,10.62,8.65,1.97,200,13773,
oficina x245,resumen de video,3.748,8.81,8.45,0.36,200,13773,
oficina x245,estado del sistema,3.75,6.4,6.18,0.22,200,318,
oficina x245,resumen de video,3.753,178.67,147.88,30.79,200,13773,
oficina x245,panel en vivo,3.757,18.92,15.74,3.17,200,42,
oficina x245,eventos recientes,3.758,3.49,2.99,0.5,200,14691,
oficina x245,eventos recientes,3.759,17.96,13.83,4.13,200,14691,
oficina x245,eventos recientes,3.76,19.49,14.39,5.11,200,14691,
oficina x245,resumen de video,3.766,595.8,571.62,24.17,200,13773,
oficina x245,panel en vivo,3.769,8.91,7.1,1.81,200,42,
oficina x245,panel en vivo,3.778,421.77,395.33,26.44,200,42,
oficina x245,panel en vivo,3.781,3.79,3.19,0.6,200,42,
oficina x245,resumen de video,3.781,7.63,6.14,1.48,200,13773,
oficina x245,estado del sistema,3.79,4.46,3.55,0.91,200,318,
oficina x245,panel en vivo,3.792,487.38,458.42,28.96,200,42,
oficina x245,estado del sistema,3.795,5.09,4.21,0.88,200,318,
oficina x245,estado del sistema,3.795,383.39,355.84,27.55,200,318,
oficina x245,eventos recientes,3.796,13.33,10.57,2.76,200,14691,
oficina x245,panel en vivo,3.797,7.83,3.4,4.44,200,42,
oficina x245,eventos recientes,3.798,7.13,6.91,0.22,200,14691,
oficina x245,panel en vivo,3.798,518.19,492.33,25.86,200,42,
oficina x245,resumen de video,3.8,10.58,10.1,0.48,200,13773,
oficina x245,buscar contacto,3.804,10.0,9.53,0.47,200,841,
oficina x245,panel en vivo,3.815,8.59,7.89,0.7,200,42,
oficina x245,panel en vivo,3.817,214.88,182.7,32.18,200,42,
oficina x245,resumen de video,3.818,4.93,4.21,0.71,200,13773,
oficina x245,estado del sistema,3.819,10.83,6.73,4.09,200,318,
oficina x245,panel en vivo,3.824,5.44,4.84,0.6,200,42,
oficina x245,panel en vivo,3.824,465.65,438.93,26.72,200,42,
oficina x245,eventos recientes,3.825,492.8,465.28,27.52,200,14691,
oficina x245,panel en vivo,3.826,6.23,4.89,1.34,200,42,
oficina x245,panel en vivo,3.83,1027.65,995.36,32.29,200,42,
oficina x245,resumen de video,3.832,53.79,53.48,0.32,200,13773,
oficina x245,panel en vivo,3.832,52.6,51.81,0.79,200,42,
oficina x245,estado del sistema,3.832,12.7,11.82,0.88,200,318,
oficina x245,resumen de video,3.833,52.28,51.37,0.92,200,13773,
oficina x245,panel en vivo,3.835,53.07,53.02,0.06,200,42,
oficina x245,panel en vivo,3.837,3.1,2.61,0.49,200,42,
oficina x245,eventos recientes,3.839,196.01,171.52,24.49,200,14691,
oficina x245,estado del sistema,3.841,55.23,24.97,30.27,200,318,
oficina x245,eventos recientes,3.846,915.17,888.14,27.03,200,14691,
oficina x245,panel en vivo,3.846,66.38,35.82,30.56,200,42,
oficina x245,resumen de video,3.847,219.56,192.64,26.93,200,13773,
oficina x245,eventos recientes,3.847,66.26,36.52,29.74,200,14691,
oficina x245,eventos recientes,3.849,205.7,179.22,26.48,200,14691,
oficina x245,estado del sistema,3.854,3.19,2.81,0.38,200,318,
oficina x245,panel en vivo,3.857,394.74,366.31,28.43,200,42,
oficina x245,panel en vivo,3.86,43.68,26.25,17.43,200,42,
oficina x245,resumen de video,3.863,51.89,36.84,15.05,200,13773,
oficina x245,estado del sistema,3.864,58.75,43.97,14.78,200,318,
oficina x245,estado del sistema,3.866,4.41,2.86,1.55,200,318,
oficina x245,estado del sistema,3.866,39.66,26.67,12.99,200,318,
oficina x245,panel en vivo,3.873,471.5,449.97,21.53,200,42,
oficina x245,eventos recientes,3.879,6.77,5.28,1.48,200,14691,
oficina x245,panel en vivo,3.88,341.12,307.45,33.67,200,42,
oficina x245,panel en vivo,3.88,4.49,3.62,0.87,200,42,
oficina x245,panel en vivo,3.882,17.55,13.39,4.16,200,42,
oficina x245,panel en vivo,3.884,20.15,16.67,3.48,200,42,
oficina x245,resumen de video,3.886,21.36,17.85,3.51,200,13773,
oficina x245,panel en vivo,3.888,140.79,106.98,33.82,200,42,
oficina x245,panel en vivo,3.889,26.14,20.59,5.54,200,42,
oficina x245,eventos recientes,3.89,16.32,15.2,1.11,200,14691,
oficina x245,panel en vivo,3.893,426.0,394.6,31.4,200,42,
oficina x245,eventos recientes,3.894,27.38,23.49,3.89,200,14691,
oficina x245,resumen de video,3.894,738.4,707.05,31.36,200,13773,
oficina x245,eventos recientes,3.913,12.18,10.47,1.71,200,14691,
oficina x245,estado del sistema,3.914,23.0,20.79,2.22,200,318,
oficina x245,resumen de video,3.915,13.82,8.4,5.42,200,13773,
oficina x245,eventos recientes,3.915,37.51,35.73,1.78,200,14691,
oficina x245,panel en vivo,3.916,22.11,19.76,2.35,200,42,
oficina x245,resumen de video,3.917,11.96,7.25,4.71,200,13773,
oficina x245,panel en vivo,3.918,1519.98,1487.26,32.73,200,42,
oficina x245,eventos recientes,3.919,20.2,13.41,6.8,200,14691,
oficina x245,resumen de video,3.925,176.91,149.48,27.42,200,13773,
oficina x245,resumen de video,3.925,5.28,4.36,0.93,200,13773,
oficina x245,eventos recientes,3.93,7.51,6.98,0.54,200,14691,
oficina x245,estado del sistema,3.935,4.95,4.15,0.8,200,318,
oficina x245,panel en vivo,3.939,18.76,10.36,8.4,200,42,
oficina x245,panel en vivo,3.939,2.92,2.57,0.34,200,42,
oficina x245,panel en vivo,3.941,17.95,10.33,7.61,200,42,
oficina x245,eventos recientes,3.941,31.27,23.07,8.2,200,14691,
oficina x245,resumen de video,3.944,1122.18,1096.52,25.65,200,13773,
oficina x245,resumen de video,3.945,30.12,22.68,7.44,200,13773,
oficina x245,eventos recientes,3.947,19.82,12.33,7.48,200,14691,
oficina x245,resumen de video,3.952,118.44,83.36,35.08,200,13773,
oficina x245,estado del sistema,3.954,8.75,8.3,0.45,200,318,
oficina x245,estado del sistema,3.954,209.79,165.03,44.76,200,318,
oficina x245,resumen de video,3.955,16.33,16.06,0.28,200,13773,
oficina x245,panel en vivo,3.955,15.41,14.5,0.91,200,42,
oficina x245,panel en vivo,3.955,522.83,477.35,45.48,200,42,
oficina x245,panel en vivo,3.956,15.06,10.33,4.73,200,42,
oficina x245,eventos recientes,3.958,596.32,551.7,44.62,200,14691,
oficina x245,panel en vivo,3.961,503.45,460.45,43.0,200,42,
oficina x245,panel en vivo,3.961,17.99,14.61,3.38,200,42,
oficina x245,panel en vivo,3.964,14.79,10.35,4.44,200,42,
oficina x245,panel en vivo,3.965,1116.41,1076.06,40.36,200,42,
oficina x245,panel en vivo,3.965,15.2,13.43,1.76,200,42,
oficina x245,panel en vivo,3.965,17.74,13.27,4.46,200,42,
oficina x245,panel en vivo,3.972,126.35,86.15,40.2,200,42,
oficina x245,panel en vivo,3.972,5.35,5.13,0.22,200,42,
oficina x245,resumen de video,3.973,9.8,9.12,0.69,200,13773,
oficina x245,eventos recientes,3.974,16.95,14.47,2.49,200,14691,
oficina x245,panel en vivo,3.974,8.8,6.23,2.57,200,42,
oficina x245,eventos recientes,3.977,7.51,7.26,0.25,200,14691,
oficina x245,panel en vivo,3.98,3.92,3.43,0.49,200,42,
oficina x245,eventos recientes,3.982,15.05,13.44,1.61,200,14691,
oficina x245,panel en vivo,3.982,19.19,13.3,5.89,200,42,
oficina x245,panel en vivo,3.986,11.44,8.36,3.08,200,42,
oficina x245,panel en vivo,3.99,5.06,4.36,0.7,200,42,
oficina x245,panel en vivo,3.991,3.5,3.02,0.47,200,42,
oficina x245,eventos recientes,3.992,10.2,8.81,1.39,200,14691,
oficina x245,panel en vivo,4.005,870.03,845.66,24.37,200,42,
oficina x245,resumen de video,4.008,11.71,7.42,4.29,200,13773,
oficina x245,panel en vivo,4.012,5.08,4.01,1.07,200,42,
oficina x245,estado del sistema,4.013,1552.71,1527.53,25.18,200,318,
oficina x245,panel en vivo,4.014,11.68,9.87,1.81,200,42,
oficina x245,resumen de video,4.016,6.23,4.97,1.26,200,13773,
oficina x245,estado del sistema,4.021,6.35,2.77,3.58,200,318,
oficina x245,estado del sistema,4.021,5.48,4.42,1.06,200,318,
oficina x245,resumen de video,4.032,8.24,4.15,4.08,200,13773,
oficina x245,resumen de video,4.035,27.93,23.13,4.8,200,13773,
oficina x245,resumen de video,4.04,8.55,8.17,0.38,200,13773,
oficina x245,contactos recientes,4.04,7.45,6.84,0.61,200,1557,
oficina x245,eventos recientes,4.041,7.62,6.57,1.05,200,14691,
oficina x245,metricas contactos,4.041,14.24,12.48,1.76,200,916,
oficina x245,resumen de video,4.046,16.21,14.81,1.39,200,13773,
oficina x245,estado del sistema,4.046,565.43,539.29,26.14,200,318,
oficina x245,resumen de video,4.051,34.96,33.85,1.1,200,13773,
oficina x245,eventos recientes,4.051,17.53,16.13,1.4,200,14691,
oficina x245,estado del sistema,4.051,46.33,44.04,2.29,200,318,
oficina x245,eventos recientes,4.052,18.21,16.28,1.93,200,14691,
oficina x245,panel en vivo,4.054,9.77,7.65,2.12,200,42,
oficina x245,resumen de video,4.059,46.87,42.74,4.13,200,13773,
oficina x245,panel en vivo,4.063,455.12,431.92,23.2,200,42,
oficina x245,panel en vivo,4.066,40.71,32.78,7.93,200,42,
oficina x245,panel en vivo,4.072,5.04,4.46,0.58,200,42,
oficina x245,panel en vivo,4.075,2227.15,2191.81,35.34,200,42,
oficina x245,eventos recientes,4.079,37.61,30.57,7.04,200,14691,
oficina x245,panel en vivo,4.079,5.09,4.02,1.08,200,42,
oficina x245,buscar contacto,4.08,121.36,88.87,32.48,200,841,
oficina x245,resumen de video,4.082,12.04,10.95,1.09,200,13773,
oficina x245,resumen de video,4.085,1630.52,1601.6,28.92,200,13773,
oficina x245,panel en vivo,4.087,31.7,20.12,11.57,200,42,
oficina x245,eventos recientes,4.087,7.19,6.77,0.42,200,14691,
oficina x245,panel en vivo,4.091,4.36,3.47,0.89,200,42,
oficina x245,resumen de video,4.091,43.5,30.5,13.01,200,13773,
oficina x245,panel en vivo,4.091,30.07,16.43,13.64,200,42,
oficina x245,estado del sistema,4.092,26.49,20.56,5.93,200,318,
oficina x245,panel en vivo,4.094,752.4,717.16,35.24,200,42,
oficina x245,estado del sistema,4.098,13.7,12.15,1.55,200,318,
oficina x245,resumen de video,4.099,307.77,275.86,31.9,200,13773,
oficina x245,estado del sistema,4.101,5.62,2.67,2.95,200,318,
oficina x245,panel en vivo,4.104,249.73,213.79,35.94,200,42,
oficina x245,panel en vivo,4.106,10.88,10.46,0.43,200,42,
oficina x245,eventos recientes,4.106,16.37,13.06,3.32,200,14691,
oficina x245,resumen de video,4.111,14.53,7.3,7.23,200,13773,
oficina x245,resumen de video,4.112,1056.53,1026.17,30.36,200,13773,
oficina x245,panel en vivo,4.116,4.66,3.91,0.75,200,42,
oficina x245,eventos recientes,4.12,690.45,652.76,37.69,200,14691,
oficina x245,buscar contacto,4.122,12.84,11.72,1.12,200,233,
oficina x245,panel en vivo,4.123,7.07,6.62,0.44,200,42,
oficina x245,resumen de video,4.124,29.43,21.05,8.38,200,13773,
oficina x245,resumen de video,4.127,7.4,5.94,1.46,200,13773,
oficina x245,resumen de video,4.127,26.71,20.81,5.9,200,13773,
oficina x245,panel en vivo,4.133,7.79,6.08,1.71,200,42,
oficina x245,estado del sistema,4.134,15.73,14.65,1.08,200,318,
oficina x245,panel en vivo,4.136,17.52,12.09,5.43,200,42,
oficina x245,eventos recientes,4.143,8.8,8.66,0.14,200,14691,
oficina x245,panel en vivo,4.149,4.48,3.77,0.71,200,42,
oficina x245,eventos recientes,4.153,4.16,2.69,1.47,200,14691,
oficina x245,panel en vivo,4.157,9.1,8.9,0.2,200,42,
oficina x245,panel en vivo,4.163,3.86,2.54,1.32,200,42,
oficina x245,eventos recientes,4.165,7.7,6.65,1.05,200,14691,
oficina x245,resumen de video,4.167,8.87,8.78,0.09,200,13773,
oficina x245,estado del sistema,4.168,10.73,10.31,0.42,200,318,
oficina x245,eventos recientes,4.168,16.07,11.33,4.73,200,14691,
oficina x245,eventos recientes,4.168,9.21,8.05,1.16,200,14691,
oficina x245,panel en vivo,4.169,3.44,2.9,0.54,200,42,
oficina x245,eventos recientes,4.17,25.44,21.37,4.07,200,14691,
oficina x245,eventos recientes,4.17,24.04,19.85,4.19,200,14691,
oficina x245,resumen de video,4.172,22.63,19.16,3.46,200,13773,
oficina x245,resumen de video,4.178,8.11,5.96,2.15,200,13773,
oficina x245,panel en vivo,4.181,277.79,235.17,42.62,200,42,
oficina x245,panel en vivo,4.183,6.29,5.87,0.41,200,42,
oficina x245,resumen de video,4.184,12.81,12.58,0.24,200,13773,
oficina x245,resumen de video,4.185,21.73,18.97,2.76,200,13773,
oficina x245,panel en vivo,4.185,27.81,21.91,5.9,200,42,
oficina x245,panel en vivo,4.186,32.1,24.74,7.36,200,42,
oficina x245,panel en vivo,4.187,11.4,5.37,6.03,200,42,
oficina x245,eventos recientes,4.188,197.91,161.08,36.83,200,14691,
oficina x245,resumen de video,4.19,1147.47,1111.75,35.72,200,13773,
oficina x245,eventos recientes,4.192,16.55,13.94,2.61,200,14691,
oficina x245,resumen de video,4.192,437.19,402.25,34.93,200,13773,
oficina x245,panel en vivo,4.197,719.31,685.96,33.36,200,42,
oficina x245,eventos recientes,4.199,6.1,5.98,0.13,200,14691,
oficina x245,panel en vivo,4.202,460.43,423.59,36.84,200,42,
oficina x245,panel en vivo,4.204,2006.27,1969.71,36.57,200,42,
oficina x245,estado del sistema,4.206,13.92,10.29,3.63,200,318,
oficina x245,estado del sistema,4.206,561.79,526.24,35.55,200,318,
oficina x245,resumen de video,4.206,10.42,9.82,0.6,200,13773,
oficina x245,resumen de video,4.207,5.43,4.74,0.69,200,13773,
oficina x245,panel en vivo,4.209,14.45,9.78,4.68,200,42,
oficina x245,contactos recientes,4.209,4.19,4.12,0.07,200,1557,
oficina x245,panel en vivo,4.209,1062.05,1027.36,34.69,200,42,
oficina x245,eventos recientes,4.211,204.08,168.21,35.87,200,14691,
oficina x245,eventos recientes,4.215,14.72,9.41,5.3,200,14691,
oficina x245,panel en vivo,4.216,17.48,11.86,5.62,200,42,
oficina x245,eventos recientes,4.218,10.55,8.51,2.04,200,14691,
oficina x245,panel en vivo,4.22,10.77,7.87,2.89,200,42,
oficina x245,panel en vivo,4.22,14.78,12.87,1.92,200,42,
oficina x245,eventos recientes,4.228,7.48,6.2,1.27,200,14691,
oficina x245,panel en vivo,4.24,940.57,894.72,45.85,200,42,
oficina x245,eventos recientes,4.242,3.78,3.26,0.51,200,14691,
oficina x245,resumen de video,4.245,652.79,610.72,42.06,200,13773,
oficina x245,eventos recientes,4.249,6.23,3.89,2.35,200,14691,
oficina x245,eventos recientes,4.253,7.89,6.8,1.09,200,14691,
oficina x245,panel en vivo,4.257,896.46,852.25,44.21,200,42,
oficina x245,panel en vivo,4.26,4.06,3.27,0.78,200,42,
oficina x245,panel en vivo,4.262,7.42,6.62,0.8,200,42,
oficina x245,resumen de video,4.262,735.68,687.17,48.51,200,13773,
oficina x245,panel en vivo,4.263,345.77,294.38,51.39,200,42,
oficina x245,resumen de video,4.267,20.37,18.96,1.4,200,13773,
oficina x245,estado del sistema,4.268,17.81,16.83,0.98,200,318,
oficina x245,panel en vivo,4.27,16.48,16.28,0.2,200,42,
oficina x245,resumen de video,4.272,5.99,5.75,0.25,200,13773,
oficina x245,panel en vivo,4.275,6.66,6.24,0.42,200,42,
oficina x245,eventos recientes,4.278,6.04,3.94,2.1,200,14691,
oficina x245,eventos recientes,4.282,14.58,11.19,3.39,200,14691,
oficina x245,eventos recientes,4.284,16.95,16.43,0.53,200,14691,
oficina x245,resumen de video,4.286,16.34,15.02,1.32,200,13773,
oficina x245,panel en vivo,4.289,828.13,794.34,33.78,200,42,
oficina x245,eventos recientes,4.29,18.91,17.55,1.36,200,14691,
oficina x245,resumen de video,4.29,9.94,9.37,0.57,200,13773,
oficina x245,eventos recientes,4.294,18.71,18.01,0.69,200,14691,
oficina x245,resumen de video,4.3,38.96,37.61,1.34,200,13773,
oficina x245,resumen de video,4.304,67.28,62.04,5.24,200,13773,
oficina x245,panel en vivo,4.306,75.34,69.98,5.36,200,42,
oficina x245,eventos recientes,4.307,5.61,5.03,0.58,200,14691,
oficina x245,resumen de video,4.309,521.17,494.26,26.9,200,13773,
oficina x245,panel en vivo,4.311,15.29,14.65,0.64,200,42,
oficina x245,panel en vivo,4.312,50.82,49.29,1.53,200,42,
oficina x245,panel en vivo,4.319,11.85,6.45,5.4,200,42,
oficina x245,estado del sistema,4.32,465.24,439.89,25.35,200,318,
oficina x245,eventos recientes,4.321,118.37,103.5,14.86,200,14691,
oficina x245,resumen de video,4.321,12.18,8.75,3.42,200,13773,
oficina x245,eventos recientes,4.327,75.68,64.96,10.73,200,14691,
oficina x245,buscar contacto,4.329,60.84,42.01,18.83,200,507,
oficina x245,panel en vivo,4.33,69.14,49.59,19.55,200,42,
oficina x245,panel en vivo,4.331,108.28,85.07,23.21,200,42,
oficina x245,panel en vivo,4.333,96.92,79.04,17.87,200,42,
oficina x245,eventos recientes,4.333,317.2,294.71,22.49,200,14691,
oficina x245,estado del sistema,4.338,74.99,53.33,21.66,200,318,
oficina x245,eventos recientes,4.343,13.65,13.29,0.37,200,14691,
oficina x245,resumen de video,4.344,24.44,23.66,0.78,200,13773,
oficina x245,panel en vivo,4.344,15.24,13.84,1.4,200,42,
oficina x245,panel en vivo,4.348,1421.05,1389.81,31.24,200,42,
oficina x245,eventos recientes,4.348,30.79,22.02,8.77,200,14691,
oficina x245,eventos recientes,4.349,1935.26,1903.05,32.21,200,14691,
oficina x245,estado del sistema,4.351,688.12,657.13,30.99,200,318,
oficina x245,resumen de video,4.352,44.55,39.05,5.5,200,13773,
oficina x245,resumen de video,4.353,44.14,38.87,5.27,200,13773,
oficina x245,resumen de video,4.358,486.17,452.79,33.38,200,13773,
oficina x245,panel en vivo,4.358,26.7,16.56,10.14,200,42,
oficina x245,panel en vivo,4.359,27.93,17.73,10.2,200,42,
oficina x245,panel en vivo,4.364,9.24,5.19,4.05,200,42,
oficina x245,panel en vivo,4.366,11.73,9.0,2.73,200,42,
oficina x245,panel en vivo,4.37,6.98,6.66,0.32,200,42,
oficina x245,eventos recientes,4.374,1862.71,1837.79,24.92,200,14691,
oficina x245,eventos recientes,4.378,45.36,32.37,12.99,200,14691,
oficina x245,panel en vivo,4.378,6.83,5.95,0.88,200,42,
oficina x245,estado del sistema,4.379,367.08,345.37,21.71,200,318,
oficina x245,panel en vivo,4.381,17.18,12.43,4.75,200,42,
oficina x245,eventos recientes,4.39,48.75,36.1,12.66,200,14691,
oficina x245,estado del sistema,4.39,269.87,244.94,24.94,200,318,
oficina x245,panel en vivo,4.393,52.84,35.19,17.65,200,42,
oficina x245,eventos recientes,4.396,9.3,7.59,1.71,200,14691,
oficina x245,eventos recientes,4.397,482.61,454.13,28.48,200,14691,
oficina x245,buscar contacto,4.4,124.88,98.02,26.86,200,489,
oficina x245,panel en vivo,4.401,13.89,10.13,3.76,200,42,
oficina x245,panel en vivo,4.402,10.24,8.19,2.05,200,42,
oficina x245,panel en vivo,4.404,9.76,9.0,0.76,200,42,
oficina x245,eventos recientes,4.405,11.96,11.44,0.52,200,14691,
oficina x245,panel en vivo,4.406,14.15,12.16,1.99,200,42,
oficina x245,eventos recientes,4.408,143.44,112.01,31.43,200,14691,
oficina x245,eventos recientes,4.408,1120.89,1086.04,34.85,200,14691,
oficina x245,panel en vivo,4.409,9.63,6.03,3.6,200,42,
oficina x245,panel en vivo,4.41,1843.39,1808.38,35.01,200,42,
oficina x245,panel en vivo,4.414,6.94,6.03,0.91,200,42,
oficina x245,panel en vivo,4.416,13.15,12.04,1.11,200,42,
oficina x245,resumen de video,4.422,8.42,7.69,0.72,200,13773,
oficina x245,resumen de video,4.427,5.86,5.04,0.83,200,13773,
oficina x245,panel en vivo,4.429,30.44,23.42,7.01,200,42,
oficina x245,resumen de video,4.432,37.04,29.7,7.34,200,13773,
oficina x245,resumen de video,4.433,820.93,786.83,34.1,200,13773,
oficina x245,eventos recientes,4.434,41.5,34.49,7.01,200,14691,
oficina x245,panel en vivo,4.437,9.34,6.15,3.2,200,42,
oficina x245,resumen de video,4.437,9.85,6.32,3.53,200,13773,
oficina x245,resumen de video,4.438,466.62,432.04,34.58,200,13773,
oficina x245,panel en vivo,4.442,15.42,15.05,0.37,200,42,
oficina x245,resumen de video,4.443,14.87,5.42,9.44,200,13773,
oficina x245,resumen de video,4.444,1244.55,1214.78,29.78,200,13773,
oficina x245,estado del sistema,4.446,31.04,17.83,13.21,200,318,
oficina x245,estado del sistema,4.448,36.68,21.86,14.82,200,318,
oficina x245,eventos recientes,4.448,1505.57,1468.67,36.9,200,14691,
oficina x245,panel en vivo,4.45,42.45,28.09,14.36,200,42,
oficina x245,panel en vivo,4.452,7.62,4.23,3.39,200,42,
oficina x245,estado del sistema,4.453,8.1,4.45,3.65,200,318,
oficina x245,estado del sistema,4.458,1434.82,1398.32,36.49,200,318,
oficina x245,panel en vivo,4.458,1707.86,1670.51,37.35,200,42,
oficina x245,panel en vivo,4.458,8.53,5.43,3.1,200,42,
oficina x245,panel en vivo,4.464,8.28,5.02,3.26,200,42,
oficina x245,estado del sistema,4.464,12.43,8.89,3.54,200,318,
oficina x245,panel en vivo,4.465,283.51,250.68,32.83,200,42,
oficina x245,panel en vivo,4.465,22.91,17.62,5.3,200,42,
oficina x245,panel en vivo,4.468,8.63,7.74,0.9,200,42,
oficina x245,resumen de video,4.468,1291.16,1259.82,31.34,200,13773,
oficina x245,eventos recientes,4.473,8.48,7.53,0.95,200,14691,
oficina x245,panel en vivo,4.474,654.25,624.26,29.99,200,42,
oficina x245,resumen de video,4.475,35.6,32.62,2.98,200,13773,
oficina x245,eventos recientes,4.479,4.93,3.25,1.68,200,14691,
oficina x245,eventos recientes,4.479,26.8,20.59,6.21,200,14691,
oficina x245,panel en vivo,4.482,22.75,16.36,6.39,200,42,
oficina x245,abrir ficha,4.491,25.83,22.95,2.88,200,1045,
oficina x245,panel en vivo,4.495,5.89,5.52,0.37,200,42,
oficina x245,resumen de video,4.498,11.15,8.81,2.34,200,13773,
oficina x245,resumen de video,4.5,19.84,13.79,6.05,200,13773,
oficina x245,panel en vivo,4.502,19.45,14.16,5.29,200,42,
oficina x245,estado del sistema,4.502,7.28,6.78,0.51,200,318,
oficina x245,estado del sistema,4.51,10.26,9.16,1.1,200,318,
oficina x245,resumen de video,4.512,11.04,10.78,0.26,200,13773,
oficina x245,panel en vivo,4.512,10.07,9.44,0.62,200,42,
oficina x245,resumen de video,4.513,17.78,16.81,0.97,200,13773,
oficina x245,estado del sistema,4.514,13.8,10.7,3.1,200,318,
oficina x245,panel en vivo,4.515,16.12,10.65,5.47,200,42,
oficina x245,panel en vivo,4.518,159.26,122.67,36.59,200,42,
oficina x245,resumen de video,4.521,909.61,873.83,35.78,200,13773,
oficina x245,panel en vivo,4.521,13.28,12.87,0.41,200,42,
oficina x245,eventos recientes,4.522,707.24,670.71,36.53,200,14691,
oficina x245,resumen de video,4.523,15.34,10.1,5.24,200,13773,
oficina x245,panel en vivo,4.523,11.01,5.94,5.06,200,42,
oficina x245,estado del sistema,4.525,9.98,6.13,3.85,200,318,
oficina x245,panel en vivo,4.534,1451.74,1416.23,35.51,200,42,
oficina x245,eventos recientes,4.534,427.6,390.65,36.95,200,14691,
oficina x245,panel en vivo,4.535,975.03,935.56,39.47,200,42,
oficina x245,panel en vivo,4.536,10.5,9.5,1.0,200,42,
oficina x245,estado del sistema,4.536,366.93,327.66,39.27,200,318,
oficina x245,estado del sistema,4.539,8.87,8.4,0.47,200,318,
oficina x245,panel en vivo,4.54,173.88,119.21,54.67,200,42,
oficina x245,panel en vivo,4.541,6.43,5.78,0.65,200,42,
oficina x245,panel en vivo,4.547,358.32,308.05,50.27,200,42,
oficina x245,panel en vivo,4.548,10.76,6.56,4.2,200,42,
oficina x245,resumen de video,4.548,1371.98,1320.21,51.77,200,13773,
oficina x245,panel en vivo,4.55,8.96,8.46,0.5,200,42,
oficina x245,panel en vivo,4.551,8.17,6.49,1.68,200,42,
oficina x245,panel en vivo,4.556,1278.71,1232.69,46.02,200,42,
oficina x245,resumen de video,4.559,9.53,9.33,0.2,200,13773,
oficina x245,estado del sistema,4.565,39.6,38.18,1.42,200,318,
oficina x245,panel en vivo,4.566,76.71,75.01,1.7,200,42,
oficina x245,panel en vivo,4.566,3.8,3.45,0.35,200,42,
oficina x245,eventos recientes,4.567,40.82,36.13,4.69,200,14691,
oficina x245,estado del sistema,4.568,56.56,47.87,8.69,200,318,
oficina x245,panel en vivo,4.569,5.1,2.59,2.52,200,42,
oficina x245,panel en vivo,4.57,7.59,7.15,0.44,200,42,
oficina x245,eventos recientes,4.57,366.94,317.34,49.6,200,14691,
oficina x245,estado del sistema,4.571,6.09,5.92,0.18,200,318,
oficina x245,panel en vivo,4.572,5.77,5.42,0.34,200,42,
oficina x245,eventos recientes,4.574,5.24,4.21,1.03,200,14691,
oficina x245,eventos recientes,4.576,43.44,37.61,5.83,200,14691,
oficina x245,resumen de video,4.58,54.12,44.31,9.81,200,13773,
oficina x245,estado del sistema,4.582,172.7,121.04,51.66,200,318,
oficina x245,eventos recientes,4.583,5.03,3.99,1.03,200,14691,
oficina x245,resumen de video,4.585,7.17,6.32,0.85,200,13773,
oficina x245,panel en vivo,4.59,1003.14,958.43,44.71,200,42,
oficina x245,eventos recientes,4.59,9.38,8.48,0.9,200,14691,
oficina x245,eventos recientes,4.592,9.58,8.45,1.13,200,14691,
oficina x245,panel en vivo,4.594,15.56,15.3,0.26,200,42,
oficina x245,panel en vivo,4.595,16.59,15.82,0.77,200,42,
oficina x245,resumen de video,4.596,12.3,10.47,1.83,200,13773,
oficina x245,estado del sistema,4.599,62.94,48.83,14.11,200,318,
oficina x245,resumen de video,4.6,13.18,12.04,1.15,200,13773,
oficina x245,panel en vivo,4.601,8.55,7.2,1.35,200,42,
oficina x245,eventos recientes,4.602,9.7,8.89,0.81,200,14691,
oficina x245,panel en vivo,4.602,1363.4,1329.62,33.78,200,42,
oficina x245,eventos recientes,4.607,168.48,124.92,43.56,200,14691,
oficina x245,estado del sistema,4.608,6.33,3.63,2.7,200,318,
oficina x245,resumen de video,4.612,1089.59,1049.08,40.51,200,13773,
oficina x245,panel en vivo,4.612,35.27,26.43,8.84,200,42,
oficina x245,eventos recientes,4.613,13.05,5.93,7.12,200,14691,
oficina x245,panel en vivo,4.618,431.1,394.63,36.47,200,42,
oficina x245,panel en vivo,4.62,839.89,803.92,35.97,200,42,
oficina x245,eventos recientes,4.624,4.37,4.01,0.36,200,14691,
oficina x245,estado del sistema,4.625,44.22,41.45,2.77,200,318,
oficina x245,panel en vivo,4.625,3.72,2.72,1.0,200,42,
oficina x245,panel en vivo,4.626,28.14,20.43,7.72,200,42,
oficina x245,panel en vivo,4.628,1302.89,1262.1,40.79,200,42,
oficina x245,estado del sistema,4.629,3.04,2.56,0.49,200,318,
oficina x245,panel en vivo,4.642,33.79,30.45,3.34,200,42,
oficina x245,estado del sistema,4.647,3.59,3.1,0.49,200,318,
oficina x245,resumen de video,4.649,472.14,437.83,34.31,200,13773,
oficina x245,eventos recientes,4.65,20.0,16.13,3.87,200,14691,
oficina x245,estado del sistema,4.651,3.56,2.57,0.99,200,318,
oficina x245,estado del sistema,4.662,753.3,717.58,35.72,200,318,
oficina x245,panel en vivo,4.668,4.71,2.66,2.05,200,42,
oficina x245,eventos recientes,4.67,576.49,548.08,28.41,200,14691,
oficina x245,bandeja de documentos,4.671,7.67,6.46,1.21,200,12476,
oficina x245,panel en vivo,4.672,8.19,6.61,1.59,200,42,
oficina x245,eventos recientes,4.675,6.92,6.0,0.92,200,14691,
oficina x245,eventos recientes,4.676,6.58,5.76,0.82,200,14691,
oficina x245,eventos recientes,4.676,1340.11,1299.16,40.95,200,14691,
oficina x245,resumen de video,4.679,6.78,6.12,0.66,200,13773,
oficina x245,panel en vivo,4.686,4.46,3.62,0.84,200,42,
oficina x245,eventos recientes,4.688,1477.96,1431.6,46.36,200,14691,
oficina x245,panel en vivo,4.69,12.33,11.47,0.85,200,42,
oficina x245,panel en vivo,4.693,9.41,6.29,3.13,200,42,
oficina x245,panel en vivo,4.694,322.44,281.29,41.16,200,42,
oficina x245,buscar contacto,4.695,152.12,108.39,43.73,200,551,
oficina x245,eventos recientes,4.7,970.46,930.09,40.37,200,14691,
oficina x245,eventos recientes,4.702,4.24,4.17,0.07,200,14691,
oficina x245,eventos recientes,4.706,3.62,3.19,0.42,200,14691,
oficina x245,resumen de video,4.71,6.94,6.57,0.37,200,13773,
oficina x245,eventos recientes,4.712,7.83,3.42,4.41,200,14691,
oficina x245,resumen de video,4.716,219.02,171.8,47.22,200,13773,
oficina x245,panel en vivo,4.716,1005.57,957.55,48.02,200,42,
oficina x245,estado del sistema,4.718,9.88,8.82,1.06,200,318,
oficina x245,panel en vivo,4.72,8.8,7.11,1.69,200,42,
oficina x245,eventos recientes,4.723,6.02,5.52,0.5,200,14691,
oficina x245,panel en vivo,4.723,6.11,5.67,0.44,200,42,
oficina x245,resumen de video,4.724,8.81,5.37,3.44,200,13773,
oficina x245,panel en vivo,4.724,817.6,766.37,51.23,200,42,
oficina x245,resumen de video,4.728,1378.99,1326.63,52.36,200,13773,
oficina x245,panel en vivo,4.728,8.91,8.28,0.63,200,42,
oficina x245,eventos recientes,4.73,3.44,3.0,0.44,200,14691,
oficina x245,estado del sistema,4.73,15.89,15.85,0.04,200,318,
oficina x245,resumen de video,4.732,22.88,17.44,5.45,200,13773,
oficina x245,estado del sistema,4.732,32.58,26.37,6.21,200,318,
oficina x245,eventos recientes,4.735,4.96,3.94,1.02,200,14691,
oficina x245,resumen de video,4.738,5.72,4.25,1.47,200,13773,
oficina x245,eventos recientes,4.742,22.01,17.5,4.51,200,14691,
oficina x245,panel en vivo,4.743,3.37,2.72,0.65,200,42,
oficina x245,panel en vivo,4.745,757.93,702.87,55.05,200,42,
oficina x245,eventos recientes,4.747,21.44,16.47,4.97,200,14691,
oficina x245,eventos recientes,4.751,10.9,10.23,0.67,200,14691,
oficina x245,eventos recientes,4.752,11.72,7.76,3.96,200,14691,
oficina x245,eventos recientes,4.757,10.34,9.33,1.01,200,14691,
oficina x245,panel en vivo,4.757,428.31,383.76,44.54,200,42,
oficina x245,estado del sistema,4.758,12.05,10.68,1.37,200,318,
oficina x245,panel en vivo,4.759,7.77,5.92,1.85,200,42,
oficina x245,panel en vivo,4.769,3.16,2.65,0.52,200,42,
oficina x245,resumen de video,4.772,15.74,14.77,0.97,200,13773,
oficina x245,panel en vivo,4.773,14.08,13.39,0.68,200,42,
oficina x245,eventos recientes,4.776,12.9,12.23,0.67,200,14691,
oficina x245,eventos recientes,4.778,1293.08,1252.11,40.97,200,14691,
oficina x245,panel en vivo,4.782,7.67,4.75,2.92,200,42,
oficina x245,eventos recientes,4.782,4.42,2.96,1.46,200,14691,
oficina x245,panel en vivo,4.783,20.55,16.05,4.5,200,42,
oficina x245,eventos recientes,4.786,26.77,23.7,3.08,200,14691,
oficina x245,panel en vivo,4.788,17.42,14.67,2.75,200,42,
oficina x245,resumen de video,4.79,6.42,5.69,0.73,200,13773,
oficina x245,eventos recientes,4.801,23.7,19.02,4.69,200,14691,
oficina x245,resumen de video,4.802,7.04,6.7,0.34,200,13773,
oficina x245,resumen de video,4.802,7.77,6.91,0.85,200,13773,
oficina x245,panel en vivo,4.802,25.97,21.32,4.65,200,42,
oficina x245,eventos recientes,4.81,3.17,2.79,0.38,200,14691,
oficina x245,panel en vivo,4.812,13.92,12.44,1.48,200,42,
oficina x245,eventos recientes,4.817,14.79,10.23,4.55,200,14691,
oficina x245,panel en vivo,4.821,9.42,9.06,0.36,200,42,
oficina x245,panel en vivo,4.823,9.1,4.18,4.92,200,42,
oficina x245,panel en vivo,4.825,7.89,4.25,3.65,200,42,
oficina x245,resumen de video,4.83,6.08,4.82,1.26,200,13773,
oficina x245,quien es quien,4.839,90.48,65.33,25.14,200,3475,
oficina x245,panel en vivo,4.84,3.18,2.39,0.79,200,42,
oficina x245,eventos recientes,4.844,9.18,8.36,0.81,200,14691,
oficina x245,eventos recientes,4.846,4.02,3.75,0.28,200,14691,
oficina x245,estado del sistema,4.847,770.87,752.24,18.63,200,318,
oficina x245,panel en vivo,4.847,4.24,3.73,0.51,200,42,
oficina x245,eventos recientes,4.862,3.51,3.11,0.4,200,14691,
oficina x245,panel en vivo,4.868,702.19,676.28,25.91,200,42,
oficina x245,panel en vivo,4.868,6.0,2.51,3.49,200,42,
oficina x245,estado del sistema,4.872,5.67,4.4,1.27,200,318,
oficina x245,panel en vivo,4.874,4.91,3.98,0.93,200,42,
oficina x245,estado del sistema,4.874,572.42,550.86,21.56,200,318,
oficina x245,panel en vivo,4.876,300.65,269.25,31.4,200,42,
oficina x245,estado del sistema,4.877,4.73,3.82,0.91,200,318,
oficina x245,panel en vivo,4.877,5.03,3.54,1.49,200,42,
oficina x245,panel en vivo,4.884,5.8,4.95,0.85,200,42,
oficina x245,resumen de video,4.885,994.61,971.53,23.07,200,13773,
oficina x245,eventos recientes,4.887,5.72,4.01,1.71,200,14691,
oficina x245,resumen de video,4.887,177.87,147.73,30.14,200,13773,
oficina x245,panel en vivo,4.89,6.62,5.35,1.27,200,42,
oficina x245,panel en vivo,4.896,12.83,11.81,1.02,200,42,
oficina x245,resumen de video,4.897,14.49,12.97,1.53,200,13773,
oficina x245,resumen de video,4.897,978.56,957.33,21.22,200,13773,
oficina x245,contactos recientes,4.897,22.72,20.92,1.79,200,1557,
oficina x245,panel en vivo,4.897,8.18,5.73,2.45,200,42,
oficina x245,panel en vivo,4.902,20.9,16.77,4.13,200,42,
oficina x245,estado del sistema,4.903,7.88,7.7,0.18,200,318,
oficina x245,panel en vivo,4.905,20.95,18.57,2.38,200,42,
oficina x245,resumen de video,4.908,8.46,7.55,0.91,200,13773,
oficina x245,panel en vivo,4.909,7.38,5.41,1.97,200,42,
oficina x245,panel en vivo,4.909,512.57,491.95,20.62,200,42,
oficina x245,panel en vivo,4.91,21.71,15.57,6.14,200,42,
oficina x245,panel en vivo,4.911,344.3,313.82,30.47,200,42,
oficina x245,eventos recientes,4.912,344.78,313.59,31.19,200,14691,
oficina x245,eventos recientes,4.912,9.1,8.16,0.93,200,14691,
oficina x245,estado del sistema,4.914,8.95,7.94,1.01,200,318,
oficina x245,panel en vivo,4.914,13.96,11.03,2.93,200,42,
oficina x245,eventos recientes,4.914,20.16,16.88,3.29,200,14691,
oficina x245,eventos recientes,4.917,3.9,2.95,0.95,200,14691,
oficina x245,panel en vivo,4.919,1309.52,1284.31,25.21,200,42,
oficina x245,panel en vivo,4.921,9.02,7.8,1.23,200,42,
oficina x245,resumen de video,4.923,9.28,4.31,4.97,200,13773,
oficina x245,panel en vivo,4.925,1384.15,1353.72,30.43,200,42,
oficina x245,panel en vivo,4.926,274.86,244.32,30.55,200,42,
oficina x245,panel en vivo,4.928,14.88,10.76,4.12,200,42,
oficina x245,eventos recientes,4.929,1294.13,1265.39,28.74,200,14691,
oficina x245,panel en vivo,4.934,3.04,2.37,0.67,200,42,
oficina x245,eventos recientes,4.937,4.43,3.33,1.1,200,14691,
oficina x245,eventos recientes,4.937,3.05,2.97,0.08,200,14691,
oficina x245,panel en vivo,4.939,11.28,10.89,0.39,200,42,
oficina x245,resumen de video,4.941,1260.99,1222.17,38.83,200,13773,
oficina x245,estado del sistema,4.945,9.1,5.22,3.88,200,318,
oficina x245,eventos recientes,4.949,3.33,2.72,0.62,200,14691,
oficina x245,resumen de video,4.954,874.45,811.32,63.13,200,13773,
oficina x245,resumen de video,4.955,10.29,9.16,1.13,200,13773,
oficina x245,panel en vivo,4.956,10.76,9.42,1.35,200,42,
oficina x245,estado del sistema,4.957,1329.76,1268.36,61.39,200,318,
oficina x245,panel en vivo,4.959,821.5,759.05,62.45,200,42,
oficina x245,eventos recientes,4.96,5.86,3.01,2.85,200,14691,
oficina x245,eventos recientes,4.968,4.41,3.34,1.07,200,14691,
oficina x245,panel en vivo,4.973,21.02,20.77,0.25,200,42,
oficina x245,panel en vivo,4.973,39.04,37.6,1.44,200,42,
oficina x245,panel en vivo,4.973,1185.56,1114.62,70.94,200,42,
oficina x245,panel en vivo,4.974,7.34,5.26,2.08,200,42,
oficina x245,eventos recientes,4.974,6.2,3.65,2.55,200,14691,
oficina x245,panel en vivo,4.974,28.49,26.92,1.57,200,42,
oficina x245,panel en vivo,4.981,4.93,2.57,2.36,200,42,
oficina x245,resumen de video,4.985,10.94,9.74,1.2,200,13773,
oficina x245,eventos recientes,4.988,10.52,9.92,0.6,200,14691,
oficina x245,resumen de video,4.988,16.92,16.03,0.89,200,13773,
oficina x245,panel en vivo,4.99,14.64,13.85,0.79,200,42,
oficina x245,metricas contactos,4.992,20.95,18.91,2.04,200,916,
oficina x245,panel en vivo,4.993,12.99,8.78,4.21,200,42,
oficina x245,estado del sistema,4.994,20.95,11.96,8.99,200,318,
oficina x245,panel en vivo,4.996,897.22,827.78,69.44,200,42,
oficina x245,eventos recientes,5.0,927.63,860.08,67.54,200,14691,
oficina x245,panel en vivo,5.0,734.41,665.83,68.58,200,42,
oficina x245,panel en vivo,5.003,975.48,908.27,67.2,200,42,
oficina x245,resumen de video,5.008,1006.67,943.4,63.27,200,13773,
oficina x245,panel en vivo,5.01,2.88,2.31,0.57,200,42,
oficina x245,panel en vivo,5.012,17.45,15.29,2.16,200,42,
oficina x245,estado del sistema,5.015,22.55,17.78,4.77,200,318,
oficina x245,panel en vivo,5.017,5.28,2.5,2.77,200,42,
oficina x245,resumen de video,5.021,831.25,779.84,51.41,200,13773,
oficina x245,panel en vivo,5.022,25.48,22.48,3.0,200,42,
oficina x245,eventos recientes,5.024,37.86,35.62,2.24,200,14691,
oficina x245,panel en vivo,5.026,25.31,21.55,3.76,200,42,
oficina x245,resumen de video,5.028,8.25,6.37,1.87,200,13773,
oficina x245,eventos recientes,5.029,5.41,3.7,1.71,200,14691,
oficina x245,estado del sistema,5.03,27.58,19.89,7.68,200,318,
oficina x245,panel en vivo,5.031,6.57,2.76,3.81,200,42,
oficina x245,resumen de video,5.031,1155.98,1103.95,52.03,200,13773,
oficina x245,eventos recientes,5.038,924.41,877.79,46.62,200,14691,
oficina x245,resumen de video,5.04,7.21,6.34,0.87,200,13773,
oficina x245,eventos recientes,5.04,4.61,3.31,1.31,200,14691,
oficina x245,panel en vivo,5.045,19.11,14.78,4.32,200,42,
oficina x245,resumen de video,5.046,14.73,13.59,1.14,200,13773,
oficina x245,eventos recientes,5.048,14.71,10.53,4.18,200,14691,
oficina x245,eventos recientes,5.048,15.09,10.54,4.55,200,14691,
oficina x245,eventos recientes,5.049,18.02,13.44,4.57,200,14691,
oficina x245,eventos recientes,5.051,402.66,354.54,48.11,200,14691,
oficina x245,panel en vivo,5.052,16.14,13.66,2.48,200,42,
oficina x245,panel en vivo,5.052,1126.1,1076.2,49.9,200,42,
oficina x245,panel en vivo,5.052,365.98,315.02,50.95,200,42,
oficina x245,eventos recientes,5.054,649.15,598.61,50.55,200,14691,
oficina x245,estado del sistema,5.055,784.26,733.61,50.65,200,318,
oficina x245,panel en vivo,5.06,1107.65,1060.12,47.53,200,42,
oficina x245,panel en vivo,5.062,837.62,789.37,48.24,200,42,
oficina x245,resumen de video,5.066,848.73,803.59,45.14,200,13773,
oficina x245,panel en vivo,5.067,3.65,2.48,1.18,200,42,
oficina x245,panel en vivo,5.071,7.42,5.45,1.96,200,42,
oficina x245,eventos recientes,5.073,8.82,8.05,0.77,200,14691,
oficina x245,eventos recientes,5.074,6.52,5.63,0.89,200,14691,
oficina x245,panel en vivo,5.075,6.33,4.12,2.21,200,42,
oficina x245,panel en vivo,5.087,930.96,883.2,47.76,200,42,
oficina x245,panel en vivo,5.091,3.3,2.57,0.73,200,42,
oficina x245,estado del sistema,5.095,15.88,15.12,0.76,200,318,
oficina x245,eventos recientes,5.097,11.3,7.8,3.51,200,14691,
oficina x245,resumen de video,5.097,16.48,16.04,0.44,200,13773,
oficina x245,eventos recientes,5.099,9.91,9.16,0.75,200,14691,
oficina x245,panel en vivo,5.102,657.96,623.17,34.8,200,42,
oficina x245,resumen de video,5.109,24.88,23.6,1.29,200,13773,
oficina x245,eventos recientes,5.111,14.33,13.45,0.88,200,14691,
oficina x245,resumen de video,5.114,19.0,18.69,0.31,200,13773,
oficina x245,panel en vivo,5.114,20.65,19.69,0.95,200,42,
oficina x245,panel en vivo,5.115,21.53,19.84,1.7,200,42,
oficina x245,panel en vivo,5.119,14.64,13.51,1.13,200,42,
oficina x245,contactos recientes,5.121,11.54,8.83,2.71,200,1557,
oficina x245,estado del sistema,5.126,159.52,116.76,42.76,200,318,
oficina x245,estado del sistema,5.129,1049.3,1008.19,41.11,200,318,
oficina x245,panel en vivo,5.129,1071.88,1029.95,41.93,200,42,
oficina x245,panel en vivo,5.133,617.35,578.06,39.29,200,42,
oficina x245,panel en vivo,5.139,4.23,3.16,1.07,200,42,
oficina x245,resumen de video,5.14,14.93,10.87,4.06,200,13773,
oficina x245,resumen de video,5.14,23.48,19.04,4.44,200,13773,
oficina x245,eventos recientes,5.141,17.08,13.18,3.9,200,14691,
oficina x245,resumen de video,5.148,532.45,494.39,38.05,200,13773,
oficina x245,resumen de video,5.149,15.97,14.86,1.11,200,13773,
oficina x245,panel en vivo,5.154,7.31,6.54,0.77,200,42,
oficina x245,panel en vivo,5.155,7.01,6.05,0.96,200,42,
oficina x245,panel en vivo,5.157,207.83,162.6,45.23,200,42,
oficina x245,eventos recientes,5.165,502.54,464.48,38.06,200,14691,
oficina x245,eventos recientes,5.166,18.16,17.61,0.55,200,14691,
oficina x245,panel en vivo,5.166,27.01,25.95,1.06,200,42,
oficina x245,resumen de video,5.167,13.77,13.17,0.6,200,13773,
oficina x245,estado del sistema,5.17,19.11,17.16,1.95,200,318,
oficina x245,panel en vivo,5.172,8.97,6.92,2.05,200,42,
oficina x245,panel en vivo,5.174,18.15,12.6,5.56,200,42,
oficina x245,panel en vivo,5.183,8.05,6.42,1.63,200,42,
oficina x245,panel en vivo,5.186,465.82,433.03,32.8,200,42,
oficina x245,contactos recientes,5.187,7.55,6.42,1.12,200,1557,
oficina x245,eventos recientes,5.194,35.22,34.74,0.49,200,14691,
oficina x245,resumen de video,5.197,46.87,44.49,2.39,200,13773,
oficina x245,panel en vivo,5.197,7.56,6.31,1.25,200,42,
oficina x245,estado del sistema,5.198,783.16,749.47,33.69,200,318,
oficina x245,panel en vivo,5.198,74.67,71.74,2.93,200,42,
oficina x245,eventos recientes,5.2,60.22,56.96,3.27,200,14691,
oficina x245,panel en vivo,5.201,780.72,747.25,33.48,200,42,
oficina x245,panel en vivo,5.202,24.63,22.99,1.64,200,42,
oficina x245,eventos recientes,5.207,6.4,5.95,0.45,200,14691,
oficina x245,resumen de video,5.207,66.92,44.44,22.48,200,13773,
oficina x245,eventos recientes,5.21,27.15,21.19,5.95,200,14691,
oficina x245,panel en vivo,5.213,98.28,80.27,18.0,200,42,
oficina x245,resumen de video,5.213,25.74,14.15,11.59,200,13773,
oficina x245,resumen de video,5.214,131.18,104.53,26.64,200,13773,
oficina x245,panel en vivo,5.218,118.42,95.38,23.04,200,42,
oficina x245,eventos recientes,5.228,648.36,613.3,35.05,200,14691,
oficina x245,panel en vivo,5.231,9.04,8.34,0.7,200,42,
oficina x245,eventos recientes,5.233,371.23,340.28,30.96,200,14691,
oficina x245,eventos recientes,5.234,7.33,6.78,0.54,200,14691,
oficina x245,resumen de video,5.235,13.58,11.43,2.15,200,13773,
oficina x245,eventos recientes,5.235,902.69,871.56,31.13,200,14691,
oficina x245,panel en vivo,5.237,13.58,11.59,1.99,200,42,
oficina x245,panel en vivo,5.241,86.88,67.67,19.21,200,42,
oficina x245,panel en vivo,5.241,292.1,245.8,46.29,200,42,
oficina x245,panel en vivo,5.242,10.38,5.94,4.43,200,42,
oficina x245,panel en vivo,5.249,15.56,13.7,1.86,200,42,
oficina x245,eventos recientes,5.253,92.91,83.59,9.33,200,14691,
oficina x245,resumen de video,5.253,84.71,74.44,10.27,200,13773,
oficina x245,panel en vivo,5.255,13.08,8.58,4.5,200,42,
oficina x245,eventos recientes,5.255,597.24,526.03,71.21,200,14691,
oficina x245,eventos recientes,5.257,338.86,264.16,74.7,200,14691,
oficina x245,resumen de video,5.263,68.14,57.84,10.3,200,13773,
oficina x245,eventos recientes,5.265,3.4,2.81,0.59,200,14691,
oficina x245,eventos recientes,5.266,85.57,76.67,8.9,200,14691,
oficina x245,eventos recientes,5.267,123.37,110.37,13.01,200,14691,
oficina x245,panel en vivo,5.27,85.31,72.27,13.04,200,42,
oficina x245,resumen de video,5.271,819.81,717.28,102.53,200,13773,
oficina x245,panel en vivo,5.274,5.89,4.96,0.93,200,42,
oficina x245,eventos recientes,5.276,573.92,475.21,98.71,200,14691,
oficina x245,panel en vivo,5.28,8.95,4.84,4.12,200,42,
oficina x245,eventos recientes,5.283,568.13,470.43,97.7,200,14691,
oficina x245,panel en vivo,5.286,641.05,541.14,99.91,200,42,
oficina x245,panel en vivo,5.288,2.87,2.26,0.61,200,42,
oficina x245,panel en vivo,5.289,58.95,53.35,5.6,200,42,
oficina x245,panel en vivo,5.296,72.4,53.83,18.57,200,42,
oficina x245,panel en vivo,5.301,889.77,788.62,101.15,200,42,
oficina x245,panel en vivo,5.313,6.1,5.4,0.7,200,42,
oficina x245,estado del sistema,5.313,785.63,694.97,90.66,200,318,
oficina x245,eventos recientes,5.32,593.42,507.79,85.62,200,14691,
oficina x245,eventos recientes,5.321,8.84,4.98,3.86,200,14691,
oficina x245,eventos recientes,5.322,8.13,4.99,3.15,200,14691,
oficina x245,eventos recientes,5.325,57.64,48.54,9.1,200,14691,
oficina x245,estado del sistema,5.325,641.66,559.84,81.82,200,318,
oficina x245,panel en vivo,5.326,14.57,11.71,2.87,200,42,
oficina x245,eventos recientes,5.328,314.47,234.99,79.48,200,14691,
oficina x245,panel en vivo,5.33,25.47,23.31,2.16,200,42,
oficina x245,eventos recientes,5.33,38.79,30.44,8.35,200,14691,
oficina x245,eventos recientes,5.332,65.73,57.96,7.77,200,14691,
oficina x245,resumen de video,5.333,49.84,38.91,10.93,200,13773,
oficina x245,eventos recientes,5.335,883.66,809.32,74.35,200,14691,
oficina x245,eventos recientes,5.337,39.43,33.85,5.58,200,14691,
oficina x245,eventos recientes,5.338,311.38,226.18,85.2,200,14691,
oficina x245,eventos recientes,5.339,49.66,40.64,9.01,200,14691,
oficina x245,eventos recientes,5.35,56.85,49.37,7.48,200,14691,
oficina x245,resumen de video,5.352,61.73,53.47,8.26,200,13773,
oficina x245,panel en vivo,5.352,636.99,565.04,71.95,200,42,
oficina x245,eventos recientes,5.352,6.39,2.89,3.5,200,14691,
oficina x245,estado del sistema,5.354,775.52,703.61,71.92,200,318,
oficina x245,panel en vivo,5.354,91.23,84.52,6.71,200,42,
oficina x245,panel en vivo,5.358,28.07,23.22,4.86,200,42,
oficina x245,resumen de video,5.358,54.47,40.19,14.28,200,13773,
oficina x245,panel en vivo,5.361,3.94,3.75,0.18,200,42,
oficina x245,panel en vivo,5.362,32.39,24.36,8.03,200,42,
oficina x245,panel en vivo,5.363,9.28,8.7,0.58,200,42,
oficina x245,panel en vivo,5.364,48.8,41.57,7.23,200,42,
oficina x245,panel en vivo,5.367,32.01,22.47,9.55,200,42,
oficina x245,panel en vivo,5.371,3.98,2.36,1.62,200,42,
oficina x245,resumen de video,5.376,4.07,3.78,0.28,200,13773,
oficina x245,eventos recientes,5.377,18.64,12.97,5.67,200,14691,
oficina x245,estado del sistema,5.378,55.94,42.89,13.05,200,318,
oficina x245,resumen de video,5.378,59.71,46.13,13.59,200,13773,
oficina x245,eventos recientes,5.382,637.66,593.42,44.24,200,14691,
oficina x245,eventos recientes,5.387,534.97,484.16,50.8,200,14691,
oficina x245,eventos recientes,5.388,285.98,234.6,51.38,200,14691,
oficina x245,resumen de video,5.389,31.57,23.59,7.98,200,13773,
oficina x245,panel en vivo,5.39,741.81,691.31,50.49,200,42,
oficina x245,panel en vivo,5.391,89.33,81.27,8.06,200,42,
oficina x245,eventos recientes,5.392,324.14,273.28,50.85,200,14691,
oficina x245,resumen de video,5.393,21.18,16.81,4.36,200,13773,
oficina x245,panel en vivo,5.398,13.55,7.72,5.83,200,42,
oficina x245,resumen de video,5.398,32.06,27.52,4.54,200,13773,
oficina x245,eventos recientes,5.404,16.27,15.9,0.37,200,14691,
oficina x245,panel en vivo,5.409,50.88,42.82,8.06,200,42,
oficina x245,panel en vivo,5.412,57.3,51.14,6.16,200,42,
oficina x245,panel en vivo,5.413,16.4,15.41,0.99,200,42,
oficina x245,resumen de video,5.414,16.71,15.65,1.06,200,13773,
oficina x245,estado del sistema,5.417,302.42,262.96,39.47,200,318,
oficina x245,resumen de video,5.418,7.54,5.15,2.39,200,13773,
oficina x245,panel en vivo,5.423,5.44,5.02,0.42,200,42,
oficina x245,panel en vivo,5.424,13.21,11.19,2.02,200,42,
oficina x245,eventos recientes,5.425,32.95,26.03,6.92,200,14691,
oficina x245,resumen de video,5.429,14.1,12.81,1.29,200,13773,
oficina x245,eventos recientes,5.43,23.56,19.23,4.32,200,14691,
oficina x245,resumen de video,5.431,55.39,49.76,5.63,200,13773,
oficina x245,estado del sistema,5.431,395.11,360.33,34.78,200,318,
oficina x245,panel en vivo,5.434,28.64,24.42,4.22,200,42,
oficina x245,resumen de video,5.434,547.65,514.65,32.99,200,13773,
oficina x245,panel en vivo,5.435,7.16,4.87,2.29,200,42,
oficina x245,panel en vivo,5.436,30.01,21.88,8.13,200,42,
oficina x245,panel en vivo,5.437,525.52,493.57,31.95,200,42,
oficina x245,resumen de video,5.444,6.02,5.11,0.91,200,13773,
oficina x245,panel en vivo,5.45,767.18,726.53,40.65,200,42,
oficina x245,panel en vivo,5.452,743.49,699.56,43.93,200,42,
oficina x245,resumen de video,5.454,20.45,16.34,4.11,200,13773,
oficina x245,panel en vivo,5.463,18.57,13.65,4.92,200,42,
oficina x245,panel en vivo,5.463,23.17,17.02,6.15,200,42,
oficina x245,estado del sistema,5.463,315.31,264.87,50.44,200,318,
oficina x245,resumen de video,5.463,25.29,18.51,6.78,200,13773,
oficina x245,eventos recientes,5.463,27.83,20.07,7.76,200,14691,
oficina x245,panel en vivo,5.463,760.75,709.47,51.28,200,42,
oficina x245,resumen de video,5.467,23.63,20.03,3.6,200,13773,
oficina x245,panel en vivo,5.469,25.31,22.8,2.5,200,42,
oficina x245,panel en vivo,5.478,7.14,6.01,1.12,200,42,
oficina x245,estado del sistema,5.479,14.46,11.05,3.41,200,318,
oficina x245,bandeja de documentos,5.484,12.63,10.2,2.43,200,12476,
oficina x245,estado del sistema,5.487,8.29,6.51,1.79,200,318,
oficina x245,resumen de video,5.487,11.09,7.38,3.71,200,13773,
oficina x245,eventos recientes,5.493,9.5,7.85,1.64,200,14691,
oficina x245,panel en vivo,5.494,569.01,527.48,41.53,200,42,
oficina x245,panel en vivo,5.511,6.29,5.58,0.71,200,42,
oficina x245,panel en vivo,5.512,9.33,8.71,0.62,200,42,
oficina x245,estado del sistema,5.513,6.24,5.79,0.44,200,318,
oficina x245,panel en vivo,5.516,427.46,383.02,44.44,200,42,
oficina x245,eventos recientes,5.516,4.08,3.63,0.45,200,14691,
oficina x245,panel en vivo,5.517,559.93,514.69,45.23,200,42,
oficina x245,panel en vivo,5.523,6.81,6.55,0.26,200,42,
oficina x245,panel en vivo,5.524,7.24,3.69,3.55,200,42,
oficina x245,resumen de video,5.528,11.26,10.86,0.4,200,13773,
oficina x245,eventos recientes,5.528,10.69,9.67,1.02,200,14691,
oficina x245,eventos recientes,5.528,393.82,346.59,47.23,200,14691,
oficina x245,resumen de video,5.529,658.16,610.61,47.54,200,13773,
oficina x245,eventos recientes,5.531,5.74,5.35,0.39,200,14691,
oficina x245,panel en vivo,5.532,512.76,466.38,46.38,200,42,
oficina x245,eventos recientes,5.532,341.56,294.4,47.15,200,14691,
oficina x245,eventos recientes,5.533,507.75,459.75,48.01,200,14691,
oficina x245,panel en vivo,5.536,539.17,492.21,46.96,200,42,
oficina x245,estado del sistema,5.537,16.43,15.65,0.79,200,318,
oficina x245,estado del sistema,5.538,10.9,8.97,1.93,200,318,
oficina x245,resumen de video,5.542,608.86,554.59,54.27,200,13773,
oficina x245,estado del sistema,5.543,15.78,14.81,0.97,200,318,
oficina x245,resumen de video,5.543,10.07,5.28,4.79,200,13773,
oficina x245,eventos recientes,5.544,18.83,16.92,1.91,200,14691,
oficina x245,panel en vivo,5.546,13.48,11.86,1.62,200,42,
oficina x245,estado del sistema,5.546,14.03,12.02,2.02,200,318,
oficina x245,panel en vivo,5.547,686.03,634.7,51.33,200,42,
oficina x245,resumen de video,5.548,18.49,10.05,8.44,200,13773,
oficina x245,eventos recientes,5.549,343.16,292.71,50.45,200,14691,
oficina x245,eventos recientes,5.551,3.21,2.99,0.21,200,14691,
oficina x245,panel en vivo,5.554,206.51,159.46,47.05,200,42,
oficina x245,panel en vivo,5.554,30.57,25.9,4.67,200,42,
oficina x245,eventos recientes,5.562,28.26,27.36,0.9,200,14691,
oficina x245,panel en vivo,5.562,46.37,44.65,1.72,200,42,
oficina x245,panel en vivo,5.563,6.86,6.05,0.81,200,42,
oficina x245,eventos recientes,5.563,29.54,26.35,3.19,200,14691,
oficina x245,panel en vivo,5.564,7.48,3.64,3.84,200,42,
oficina x245,resumen de video,5.567,30.97,24.48,6.49,200,13773,
oficina x245,resumen de video,5.567,18.15,5.68,12.46,200,13773,
oficina x245,panel en vivo,5.571,36.83,33.32,3.52,200,42,
oficina x245,estado del sistema,5.579,7.62,6.52,1.1,200,318,
oficina x245,resumen de video,5.582,16.66,12.9,3.76,200,13773,
oficina x245,panel en vivo,5.585,16.83,15.98,0.85,200,42,
oficina x245,panel en vivo,5.585,14.6,12.59,2.01,200,42,
oficina x245,panel en vivo,5.588,14.32,13.66,0.66,200,42,
oficina x245,panel en vivo,5.592,509.14,472.28,36.86,200,42,
oficina x245,panel en vivo,5.593,17.45,9.99,7.46,200,42,
oficina x245,quien es quien,5.598,22.24,21.18,1.07,200,3475,
oficina x245,eventos recientes,5.598,24.34,16.48,7.86,200,14691,
oficina x245,panel en vivo,5.601,520.22,491.63,28.59,200,42,
oficina x245,eventos recientes,5.602,347.66,318.44,29.23,200,14691,
oficina x245,eventos recientes,5.602,9.27,9.06,0.21,200,14691,
oficina x245,resumen de video,5.604,7.27,6.89,0.37,200,13773,
oficina x245,resumen de video,5.613,12.56,9.59,2.97,200,13773,
oficina x245,eventos recientes,5.614,11.82,9.35,2.46,200,14691,
oficina x245,eventos recientes,5.614,25.51,22.7,2.82,200,14691,
oficina x245,panel en vivo,5.614,19.5,13.73,5.77,200,42,
oficina x245,eventos recientes,5.618,293.93,257.86,36.07,200,14691,
oficina x245,panel en vivo,5.623,14.03,12.75,1.28,200,42,
oficina x245,eventos recientes,5.624,612.84,581.72,31.12,200,14691,
oficina x245,estado del sistema,5.624,10.66,7.27,3.39,200,318,
oficina x245,estado del sistema,5.626,11.64,11.34,0.3,200,318,
oficina x245,panel en vivo,5.626,300.99,270.76,30.23,200,42,
oficina x245,panel en vivo,5.627,13.43,13.39,0.04,200,42,
oficina x245,panel en vivo,5.63,8.76,6.74,2.02,200,42,
oficina x245,resumen de video,5.632,17.96,13.69,4.27,200,13773,
oficina x245,eventos recientes,5.636,4.25,3.51,0.73,200,14691,
oficina x245,panel en vivo,5.638,12.59,10.37,2.22,200,42,
oficina x245,estado del sistema,5.639,9.95,9.92,0.03,200,318,
oficina x245,panel en vivo,5.647,5.79,2.94,2.85,200,42,
oficina x245,panel en vivo,5.655,6.53,5.87,0.66,200,42,
oficina x245,quien es quien,5.661,4.33,3.5,0.83,200,3475,
oficina x245,panel en vivo,5.664,494.29,467.84,26.45,200,42,
oficina x245,panel en vivo,5.668,537.8,514.21,23.59,200,42,
oficina x245,panel en vivo,5.671,343.6,322.02,21.58,200,42,
oficina x245,panel en vivo,5.672,560.22,529.64,30.58,200,42,
oficina x245,panel en vivo,5.674,6.37,5.38,0.99,200,42,
oficina x245,estado del sistema,5.676,6.34,6.25,0.09,200,318,
oficina x245,resumen de video,5.68,9.74,9.31,0.43,200,13773,
oficina x245,eventos recientes,5.68,15.58,11.85,3.73,200,14691,
oficina x245,eventos recientes,5.682,26.95,24.79,2.16,200,14691,
oficina x245,resumen de video,5.683,10.78,5.0,5.78,200,13773,
oficina x245,panel en vivo,5.683,4.95,4.36,0.6,200,42,
oficina x245,eventos recientes,5.684,525.88,498.88,27.01,200,14691,
oficina x245,panel en vivo,5.684,21.25,20.03,1.22,200,42,
oficina x245,panel en vivo,5.688,14.17,13.91,0.27,200,42,
oficina x245,panel en vivo,5.69,13.37,13.0,0.37,200,42,
oficina x245,panel en vivo,5.691,5.29,4.98,0.31,200,42,
oficina x245,eventos recientes,5.696,553.32,530.12,23.2,200,14691,
oficina x245,panel en vivo,5.698,507.92,485.95,21.96,200,42,
oficina x245,panel en vivo,5.698,439.74,417.35,22.39,200,42,
oficina x245,eventos recientes,5.703,6.86,5.82,1.04,200,14691,
oficina x245,panel en vivo,5.706,5.49,5.3,0.19,200,42,
oficina x245,panel en vivo,5.707,12.56,10.24,2.32,200,42,
oficina x245,eventos recientes,5.707,6.26,5.51,0.75,200,14691,
oficina x245,resumen de video,5.709,13.09,10.3,2.8,200,13773,
oficina x245,panel en vivo,5.715,9.33,9.1,0.23,200,42,
oficina x245,panel en vivo,5.716,18.51,17.9,0.62,200,42,
oficina x245,panel en vivo,5.716,8.24,2.85,5.39,200,42,
oficina x245,panel en vivo,5.72,277.49,259.12,18.37,200,42,
oficina x245,panel en vivo,5.722,534.64,509.04,25.6,200,42,
oficina x245,panel en vivo,5.725,4.57,3.56,1.01,200,42,
oficina x245,panel en vivo,5.728,10.93,6.89,4.04,200,42,
oficina x245,resumen de video,5.729,14.31,11.19,3.11,200,13773,
oficina x245,abrir ficha,5.729,8.16,4.59,3.57,200,1045,
oficina x245,resumen de video,5.733,12.54,10.83,1.71,200,13773,
oficina x245,panel en vivo,5.735,6.54,6.11,0.43,200,42,
oficina x245,resumen de video,5.736,461.68,432.64,29.04,200,13773,
oficina x245,resumen de video,5.737,8.89,8.46,0.43,200,13773,
oficina x245,resumen de video,5.741,410.26,370.37,39.89,200,13773,
oficina x245,resumen de video,5.742,404.26,365.0,39.26,200,13773,
oficina x245,resumen de video,5.748,6.24,5.65,0.59,200,13773,
oficina x245,panel en vivo,5.749,7.39,4.93,2.46,200,42,
oficina x245,panel en vivo,5.752,2.79,2.11,0.68,200,42,
oficina x245,resumen de video,5.758,13.6,10.63,2.97,200,13773,
oficina x245,estado del sistema,5.759,3.2,2.16,1.04,200,318,
oficina x245,estado del sistema,5.76,12.33,9.59,2.74,200,318,
oficina x245,resumen de video,5.766,11.86,8.66,3.2,200,13773,
oficina x245,panel en vivo,5.767,266.52,215.22,51.3,200,42,
oficina x245,resumen de video,5.769,9.6,7.4,2.2,200,13773,
oficina x245,estado del sistema,5.77,254.57,204.03,50.54,200,318,
oficina x245,panel en vivo,5.772,4.35,3.71,0.64,200,42,
oficina x245,resumen de video,5.773,16.84,15.9,0.94,200,13773,
oficina x245,eventos recientes,5.773,19.66,17.0,2.66,200,14691,
oficina x245,panel en vivo,5.777,13.81,11.77,2.05,200,42,
oficina x245,eventos recientes,5.781,387.42,346.72,40.69,200,14691,
oficina x245,eventos recientes,5.784,9.05,8.55,0.5,200,14691,
oficina x245,panel en vivo,5.791,8.49,6.42,2.07,200,42,
oficina x245,panel en vivo,5.794,15.08,14.08,1.0,200,42,
oficina x245,resumen de video,5.794,28.0,26.52,1.47,200,13773,
oficina x245,resumen de video,5.795,39.76,37.83,1.93,200,13773,
oficina x245,panel en vivo,5.795,14.98,13.72,1.26,200,42,
oficina x245,eventos recientes,5.796,16.4,14.02,2.38,200,14691,
oficina x245,panel en vivo,5.798,444.56,410.49,34.08,200,42,
oficina x245,panel en vivo,5.8,10.26,9.8,0.45,200,42,
oficina x245,resumen de video,5.803,28.45,27.38,1.07,200,13773,
oficina x245,panel en vivo,5.805,12.61,10.27,2.34,200,42,
oficina x245,eventos recientes,5.807,14.23,13.16,1.07,200,14691,
oficina x245,resumen de video,5.811,21.17,20.08,1.08,200,13773,
oficina x245,estado del sistema,5.817,374.6,353.53,21.06,200,318,
oficina x245,resumen de video,5.818,18.62,17.37,1.25,200,13773,
oficina x245,resumen de video,5.818,466.36,445.78,20.58,200,13773,
oficina x245,eventos recientes,5.82,16.75,13.97,2.78,200,14691,
oficina x245,estado del sistema,5.822,23.58,21.2,2.37,200,318,
oficina x245,panel en vivo,5.834,258.38,239.86,18.52,200,42,
oficina x245,eventos recientes,5.835,461.36,443.14,18.22,200,14691,
oficina x245,eventos recientes,5.836,423.54,405.57,17.97,200,14691,
oficina x245,panel en vivo,5.838,15.33,14.89,0.44,200,42,
oficina x245,resumen de video,5.839,31.93,31.75,0.18,200,13773,
oficina x245,panel en vivo,5.839,143.69,128.91,14.78,200,42,
oficina x245,resumen de video,5.84,21.93,21.76,0.17,200,13773,
oficina x245,panel en vivo,5.84,20.95,18.14,2.81,200,42,
oficina x245,buscar contacto,5.845,24.74,17.78,6.96,200,542,
oficina x245,panel en vivo,5.848,31.86,27.28,4.58,200,42,
oficina x245,eventos recientes,5.853,19.82,16.68,3.15,200,14691,
oficina x245,eventos recientes,5.854,26.03,18.93,7.09,200,14691,
oficina x245,eventos recientes,5.855,168.23,146.79,21.43,200,14691,
oficina x245,panel en vivo,5.856,11.68,10.35,1.33,200,42,
oficina x245,eventos recientes,5.858,13.18,12.79,0.39,200,14691,
oficina x245,panel en vivo,5.858,15.35,15.14,0.21,200,42,
oficina x245,resumen de video,5.86,20.15,18.93,1.22,200,13773,
oficina x245,panel en vivo,5.863,17.22,16.87,0.34,200,42,
oficina x245,panel en vivo,5.863,26.89,21.5,5.39,200,42,
oficina x245,eventos recientes,5.864,19.29,12.04,7.25,200,14691,
oficina x245,panel en vivo,5.865,60.93,43.07,17.86,200,42,
oficina x245,panel en vivo,5.866,24.63,18.64,5.99,200,42,
oficina x245,eventos recientes,5.872,11.1,9.98,1.12,200,14691,
oficina x245,estado del sistema,5.872,18.34,17.03,1.32,200,318,
oficina x245,panel en vivo,5.874,6.92,6.27,0.65,200,42,
oficina x245,panel en vivo,5.876,13.78,12.01,1.78,200,42,
oficina x245,panel en vivo,5.885,16.83,14.44,2.39,200,42,
oficina x245,panel en vivo,5.888,13.73,11.37,2.36,200,42,
oficina x245,panel en vivo,5.89,12.93,11.6,1.33,200,42,
oficina x245,panel en vivo,5.891,401.59,392.58,9.01,200,42,
oficina x245,panel en vivo,5.892,10.04,9.35,0.7,200,42,
oficina x245,resumen de video,5.894,221.17,208.15,13.02,200,13773,
oficina x245,resumen de video,5.894,200.34,187.26,13.08,200,13773,
oficina x245,resumen de video,5.902,218.62,202.96,15.66,200,13773,
oficina x245,estado del sistema,5.904,3.9,3.29,0.61,200,318,
oficina x245,resumen de video,5.905,5.09,3.96,1.12,200,13773,
oficina x245,panel en vivo,5.911,5.81,4.45,1.36,200,42,
oficina x245,panel en vivo,5.913,5.49,2.54,2.95,200,42,
oficina x245,panel en vivo,5.916,3.15,2.38,0.77,200,42,
oficina x245,eventos recientes,5.92,3.77,2.73,1.03,200,14691,
oficina x245,estado del sistema,5.926,258.66,244.16,14.51,200,318,
oficina x245,panel en vivo,5.926,3.93,3.2,0.73,200,42,
oficina x245,resumen de video,5.931,5.96,5.34,0.62,200,13773,
oficina x245,resumen de video,5.932,7.7,6.69,1.01,200,13773,
oficina x245,panel en vivo,5.935,210.71,198.92,11.79,200,42,
oficina x245,eventos recientes,5.939,5.69,5.52,0.17,200,14691,
oficina x245,panel en vivo,5.939,7.58,7.27,0.31,200,42,
oficina x245,eventos recientes,5.941,91.71,81.21,10.5,200,14691,
oficina x245,eventos recientes,5.943,89.58,77.46,12.12,200,14691,
oficina x245,panel en vivo,5.946,3.41,2.49,0.92,200,42,
oficina x245,panel en vivo,5.946,5.38,4.59,0.79,200,42,
oficina x245,panel en vivo,5.947,4.49,3.8,0.69,200,42,
oficina x245,eventos recientes,5.951,55.92,43.77,12.15,200,14691,
oficina x245,resumen de video,5.954,11.33,9.11,2.23,200,13773,
oficina x245,estado del sistema,5.954,8.61,6.56,2.05,200,318,
oficina x245,estado del sistema,5.957,283.15,267.54,15.61,200,318,
oficina x245,estado del sistema,5.957,7.83,7.4,0.43,200,318,
oficina x245,resumen de video,5.959,18.29,17.64,0.65,200,13773,
oficina x245,panel en vivo,5.96,10.08,5.66,4.42,200,42,
oficina x245,panel en vivo,5.963,10.01,6.59,3.41,200,42,
oficina x245,panel en vivo,5.965,220.82,210.03,10.8,200,42,
oficina x245,panel en vivo,5.971,5.76,4.71,1.04,200,42,
oficina x245,eventos recientes,5.978,9.18,8.42,0.75,200,14691,
oficina x245,eventos recientes,5.978,105.53,92.7,12.83,200,14691,
oficina x245,panel en vivo,5.979,263.82,251.18,12.64,200,42,
oficina x245,resumen de video,5.982,127.81,112.23,15.59,200,13773,
oficina x245,estado del sistema,5.985,59.52,36.23,23.29,200,318,
oficina x245,estado del sistema,5.985,5.24,5.07,0.17,200,318,
oficina x245,panel en vivo,5.986,302.02,279.22,22.8,200,42,
oficina x245,eventos recientes,5.987,5.13,4.6,0.53,200,14691,
oficina x245,eventos recientes,5.992,4.3,3.55,0.75,200,14691,
oficina x245,panel en vivo,5.995,3.7,2.89,0.81,200,42,
oficina x245,panel en vivo,5.997,189.46,173.34,16.13,200,42,
oficina x245,resumen de video,5.998,6.86,5.99,0.87,200,13773,
oficina x245,panel en vivo,5.999,293.34,278.78,14.56,200,42,
oficina x245,resumen de video,6.0,8.87,8.07,0.8,200,13773,
oficina x245,panel en vivo,6.001,5.31,4.5,0.81,200,42,
oficina x245,eventos recientes,6.008,3.66,2.76,0.9,200,14691,
oficina x245,panel en vivo,6.017,13.03,11.52,1.51,200,42,
oficina x245,panel en vivo,6.017,11.44,10.52,0.92,200,42,
oficina x245,resumen de video,6.017,26.73,22.36,4.37,200,13773,
oficina x245,panel en vivo,6.018,12.11,10.79,1.32,200,42,
oficina x245,panel en vivo,6.018,183.75,174.81,8.93,200,42,
oficina x245,resumen de video,6.022,56.65,49.5,7.15,200,13773,
oficina x245,panel en vivo,6.023,14.46,13.51,0.95,200,42,
oficina x245,panel en vivo,6.024,21.46,19.86,1.6,200,42,
oficina x245,eventos recientes,6.024,96.0,89.81,6.19,200,14691,
oficina x245,panel en vivo,6.026,92.97,85.81,7.17,200,42,
oficina x245,estado del sistema,6.031,53.01,43.09,9.91,200,318,
oficina x245,eventos recientes,6.032,24.31,19.91,4.4,200,14691,
oficina x245,eventos recientes,6.034,20.95,20.4,0.55,200,14691,
oficina x245,panel en vivo,6.037,11.08,10.75,0.33,200,42,
oficina x245,resumen de video,6.044,36.68,36.28,0.39,200,13773,
oficina x245,panel en vivo,6.05,13.8,13.47,0.32,200,42,
oficina x245,panel en vivo,6.051,51.95,38.94,13.01,200,42,
oficina x245,estado del sistema,6.054,10.0,8.68,1.33,200,318,
oficina x245,panel en vivo,6.056,6.7,6.04,0.65,200,42,
oficina x245,panel en vivo,6.059,9.94,9.25,0.68,200,42,
oficina x245,panel en vivo,6.064,9.02,8.44,0.58,200,42,
oficina x245,resumen de video,6.069,16.28,15.5,0.77,200,13773,
oficina x245,panel en vivo,6.078,8.05,7.44,0.61,200,42,
oficina x245,estado del sistema,6.085,45.24,35.63,9.61,200,318,
oficina x245,panel en vivo,6.087,6.27,5.15,1.12,200,42,
oficina x245,estado del sistema,6.088,5.46,5.1,0.37,200,318,
oficina x245,resumen de video,6.089,9.9,9.15,0.75,200,13773,
oficina x245,panel en vivo,6.091,14.45,13.43,1.02,200,42,
oficina x245,resumen de video,6.094,14.04,12.33,1.71,200,13773,
oficina x245,panel en vivo,6.1,140.36,127.12,13.24,200,42,
oficina x245,estado del sistema,6.107,8.95,8.12,0.83,200,318,
oficina x245,resumen de video,6.108,26.58,25.5,1.09,200,13773,
oficina x245,eventos recientes,6.11,58.8,47.03,11.77,200,14691,
oficina x245,resumen de video,6.112,27.72,27.18,0.54,200,13773,
oficina x245,resumen de video,6.113,18.3,18.12,0.18,200,13773,
oficina x245,estado del sistema,6.116,12.03,11.32,0.72,200,318,
oficina x245,panel en vivo,6.12,9.53,9.27,0.25,200,42,
oficina x245,resumen de video,6.122,11.31,9.52,1.78,200,13773,
oficina x245,eventos recientes,6.123,98.85,90.83,8.03,200,14691,
oficina x245,resumen de video,6.127,30.37,26.83,3.53,200,13773,
oficina x245,estado del sistema,6.131,92.31,86.55,5.76,200,318,
oficina x245,panel en vivo,6.136,10.82,7.16,3.66,200,42,
oficina x245,panel en vivo,6.142,12.87,9.85,3.02,200,42,
oficina x245,panel en vivo,6.145,35.53,29.53,6.0,200,42,
oficina x245,resumen de video,6.146,14.56,13.22,1.34,200,13773,
oficina x245,resumen de video,6.152,56.73,48.53,8.2,200,13773,
oficina x245,panel en vivo,6.159,18.03,16.61,1.42,200,42,
oficina x245,estado del sistema,6.163,7.71,7.35,0.37,200,318,
oficina x245,panel en vivo,6.164,6.73,6.1,0.63,200,42,
oficina x245,panel en vivo,6.164,6.52,3.7,2.82,200,42,
oficina x245,resumen de video,6.17,10.66,3.94,6.72,200,13773,
oficina x245,estado del sistema,6.173,39.63,30.63,9.0,200,318,
oficina x245,eventos recientes,6.176,5.36,4.82,0.53,200,14691,
oficina x245,panel en vivo,6.177,80.28,71.54,8.74,200,42,
oficina x245,panel en vivo,6.178,116.64,108.55,8.09,200,42,
oficina x245,estado del sistema,6.18,59.31,50.75,8.56,200,318,
oficina x245,eventos recientes,6.187,14.22,14.0,0.22,200,14691,
oficina x245,resumen de video,6.189,10.63,8.64,1.99,200,13773,
oficina x245,panel en vivo,6.19,7.34,6.23,1.11,200,42,
oficina x245,panel en vivo,6.191,38.36,33.69,4.67,200,42,
oficina x245,panel en vivo,6.193,5.44,4.35,1.09,200,42,
oficina x245,panel en vivo,6.197,5.78,1.86,3.92,200,42,
oficina x245,eventos recientes,6.21,3.37,2.31,1.07,200,14691,
oficina x245,panel en vivo,6.213,44.84,38.79,6.05,200,42,
oficina x245,estado del sistema,6.213,4.04,2.12,1.92,200,318,
oficina x245,eventos recientes,6.214,8.41,6.56,1.84,200,14691,
oficina x245,resumen de video,6.225,18.89,10.35,8.53,200,13773,
oficina x245,resumen de video,6.226,7.15,6.4,0.75,200,13773,
oficina x245,resumen de video,6.235,9.57,9.12,0.45,200,13773,
oficina x245,panel en vivo,6.239,58.86,54.85,4.0,200,42,
oficina x245,panel en vivo,6.241,11.68,9.82,1.87,200,42,
oficina x245,panel en vivo,6.242,11.02,8.99,2.03,200,42,
oficina x245,resumen de video,6.245,6.08,5.6,0.48,200,13773,
oficina x245,resumen de video,6.249,60.62,56.34,4.28,200,13773,
oficina x245,estado del sistema,6.254,9.63,8.67,0.97,200,318,
oficina x245,panel en vivo,6.255,7.36,5.83,1.53,200,42,
oficina x245,panel en vivo,6.256,40.51,37.22,3.29,200,42,
oficina x245,panel en vivo,6.259,14.66,12.25,2.41,200,42,
oficina x245,panel en vivo,6.26,41.34,25.87,15.47,200,42,
oficina x245,eventos recientes,6.26,17.62,15.83,1.78,200,14691,
oficina x245,panel en vivo,6.26,4.48,3.19,1.29,200,42,
oficina x245,resumen de video,6.261,7.82,5.73,2.09,200,13773,
oficina x245,resumen de video,6.267,33.32,16.78,16.53,200,13773,
oficina x245,panel en vivo,6.267,3.07,2.54,0.53,200,42,
oficina x245,buscar contacto,6.272,10.56,8.25,2.31,200,1667,
oficina x245,eventos recientes,6.276,2.75,2.16,0.58,200,14691,
oficina x245,resumen de video,6.276,27.28,17.66,9.62,200,13773,
oficina x245,eventos recientes,6.279,5.09,2.46,2.64,200,14691,
oficina x245,panel en vivo,6.286,3.42,3.06,0.36,200,42,
oficina x245,panel en vivo,6.29,3.89,3.35,0.54,200,42,
oficina x245,eventos recientes,6.291,3.63,2.83,0.8,200,14691,
oficina x245,panel en vivo,6.296,6.73,5.81,0.91,200,42,
oficina x245,panel en vivo,6.3,5.57,4.85,0.72,200,42,
oficina x245,resumen de video,6.301,12.71,12.11,0.6,200,13773,
oficina x245,panel en vivo,6.304,8.64,8.1,0.55,200,42,
oficina x245,panel en vivo,6.311,3.04,2.62,0.42,200,42,
oficina x245,panel en vivo,6.312,13.39,9.23,4.17,200,42,
oficina x245,eventos recientes,6.315,3.44,2.28,1.16,200,14691,
oficina x245,resumen de video,6.316,14.45,12.82,1.63,200,13773,
oficina x245,eventos recientes,6.318,15.35,11.73,3.62,200,14691,
oficina x245,eventos recientes,6.318,13.1,12.17,0.93,200,14691,
oficina x245,panel en vivo,6.318,16.36,12.33,4.02,200,42,
oficina x245,contactos recientes,6.322,12.04,11.33,0.71,200,1557,
oficina x245,panel en vivo,6.334,2.19,1.97,0.22,200,42,
oficina x245,panel en vivo,6.338,10.54,4.48,6.06,200,42,
oficina x245,panel en vivo,6.342,6.58,4.66,1.92,200,42,
oficina x245,panel en vivo,6.347,5.83,3.66,2.16,200,42,
oficina x245,panel en vivo,6.354,2.86,1.94,0.93,200,42,
oficina x245,panel en vivo,6.355,5.95,3.87,2.07,200,42,
oficina x245,estado del sistema,6.357,4.81,4.01,0.8,200,318,
oficina x245,panel en vivo,6.361,2.87,1.79,1.08,200,42,
oficina x245,eventos recientes,6.362,4.47,2.68,1.78,200,14691,
oficina x245,panel en vivo,6.367,2.47,1.95,0.52,200,42,
oficina x245,eventos recientes,6.373,8.24,7.41,0.83,200,14691,
oficina x245,eventos recientes,6.375,4.99,4.19,0.8,200,14691,
oficina x245,panel en vivo,6.375,5.04,3.92,1.12,200,42,
oficina x245,panel en vivo,6.377,10.38,6.48,3.9,200,42,
oficina x245,resumen de video,6.381,12.45,11.98,0.47,200,13773,
oficina x245,panel en vivo,6.381,5.98,5.66,0.32,200,42,
oficina x245,resumen de video,6.384,9.15,8.74,0.41,200,13773,
oficina x245,eventos recientes,6.387,7.93,7.3,0.63,200,14691,
oficina x245,panel en vivo,6.388,7.95,7.77,0.18,200,42,
oficina x245,panel en vivo,6.392,7.77,5.19,2.58,200,42,
oficina x245,eventos recientes,6.393,5.64,5.04,0.6,200,14691,
oficina x245,panel en vivo,6.394,3.76,3.25,0.51,200,42,
oficina x245,panel en vivo,6.395,6.6,3.83,2.77,200,42,
oficina x245,resumen de video,6.398,11.82,11.1,0.73,200,13773,
oficina x245,eventos recientes,6.401,11.99,11.3,0.69,200,14691,
oficina x245,resumen de video,6.402,11.44,11.29,0.15,200,13773,
oficina x245,eventos recientes,6.404,7.61,7.25,0.36,200,14691,
oficina x245,estado del sistema,6.404,7.15,6.66,0.49,200,318,
oficina x245,resumen de video,6.411,13.88,12.06,1.82,200,13773,
oficina x245,eventos recientes,6.411,8.68,7.38,1.3,200,14691,
oficina x245,eventos recientes,6.411,12.48,9.82,2.66,200,14691,
oficina x245,panel en vivo,6.413,9.15,7.64,1.5,200,42,
oficina x245,eventos recientes,6.415,8.75,8.44,0.3,200,14691,
oficina x245,panel en vivo,6.416,6.02,4.01,2.02,200,42,
oficina x245,panel en vivo,6.419,6.08,5.15,0.93,200,42,
oficina x245,panel en vivo,6.428,17.04,13.03,4.01,200,42,
oficina x245,estado del sistema,6.429,14.9,11.25,3.65,200,318,
oficina x245,resumen de video,6.433,8.51,5.66,2.85,200,13773,
oficina x245,panel en vivo,6.439,4.56,3.95,0.61,200,42,
oficina x245,estado del sistema,6.44,4.36,3.62,0.75,200,318,
oficina x245,resumen de video,6.442,8.89,7.76,1.13,200,13773,
oficina x245,panel en vivo,6.443,9.09,8.69,0.39,200,42,
oficina x245,estado del sistema,6.444,9.33,8.05,1.28,200,318,
oficina x245,eventos recientes,6.444,8.72,7.33,1.39,200,14691,
oficina x245,eventos recientes,6.446,6.32,5.95,0.37,200,14691,
oficina x245,panel en vivo,6.447,5.34,5.1,0.24,200,42,
oficina x245,panel en vivo,6.45,6.48,4.64,1.83,200,42,
oficina x245,panel en vivo,6.45,8.15,6.02,2.13,200,42,
oficina x245,panel en vivo,6.452,5.95,4.39,1.56,200,42,
oficina x245,eventos recientes,6.457,2.6,2.31,0.29,200,14691,
oficina x245,panel en vivo,6.46,5.35,5.05,0.29,200,42,
oficina x245,panel en vivo,6.462,4.55,2.11,2.44,200,42,
oficina x245,eventos recientes,6.468,3.7,3.13,0.57,200,14691,
oficina x245,resumen de video,6.471,4.19,3.66,0.52,200,13773,
oficina x245,resumen de video,6.476,10.38,9.5,0.88,200,13773,
oficina x245,estado del sistema,6.477,12.23,11.95,0.29,200,318,
oficina x245,resumen de video,6.479,10.88,9.61,1.26,200,13773,
oficina x245,panel en vivo,6.48,9.84,8.13,1.71,200,42,
oficina x245,estado del sistema,6.485,5.26,4.57,0.69,200,318,
oficina x245,panel en vivo,6.487,4.38,3.96,0.42,200,42,
oficina x245,panel en vivo,6.492,5.23,1.78,3.45,200,42,
oficina x245,panel en vivo,6.499,2.26,1.71,0.54,200,42,
oficina x245,resumen de video,6.502,4.97,4.32,0.65,200,13773,
oficina x245,panel en vivo,6.504,6.97,5.09,1.87,200,42,
oficina x245,eventos recientes,6.506,3.64,3.13,0.5,200,14691,
oficina x245,eventos recientes,6.508,5.65,3.08,2.58,200,14691,
oficina x245,panel en vivo,6.508,3.67,3.1,0.57,200,42,
oficina x245,panel en vivo,6.515,8.15,7.17,0.99,200,42,
oficina x245,panel en vivo,6.515,5.43,5.17,0.26,200,42,
oficina x245,eventos recientes,6.517,5.86,5.79,0.07,200,14691,
oficina x245,panel en vivo,6.517,9.27,7.06,2.21,200,42,
oficina x245,resumen de video,6.518,10.84,10.41,0.44,200,13773,
oficina x245,panel en vivo,6.519,9.68,6.34,3.33,200,42,
oficina x245,panel en vivo,6.524,3.74,2.8,0.94,200,42,
oficina x245,eventos recientes,6.525,5.98,3.12,2.86,200,14691,
oficina x245,panel en vivo,6.529,2.82,2.37,0.45,200,42,
oficina x245,panel en vivo,6.533,9.27,8.2,1.07,200,42,
oficina x245,estado del sistema,6.533,12.61,11.6,1.01,200,318,
oficina x245,panel en vivo,6.536,6.77,5.22,1.55,200,42,
oficina x245,panel en vivo,6.536,6.31,5.79,0.52,200,42,
oficina x245,estado del sistema,6.537,9.4,7.89,1.51,200,318,
oficina x245,resumen de video,6.538,9.5,7.82,1.69,200,13773,
oficina x245,panel en vivo,6.541,5.77,4.27,1.5,200,42,
oficina x245,panel en vivo,6.543,6.39,3.08,3.31,200,42,
oficina x245,panel en vivo,6.545,7.58,5.02,2.56,200,42,
oficina x245,eventos recientes,6.55,4.18,3.13,1.05,200,14691,
oficina x245,eventos recientes,6.554,3.02,2.7,0.32,200,14691,
oficina x245,panel en vivo,6.557,3.53,2.7,0.84,200,42,
oficina x245,panel en vivo,6.558,2.96,2.41,0.55,200,42,
oficina x245,eventos recientes,6.561,12.33,11.38,0.95,200,14691,
oficina x245,panel en vivo,6.561,6.43,5.46,0.97,200,42,
oficina x245,resumen de video,6.562,8.59,7.83,0.76,200,13773,
oficina x245,estado del sistema,6.563,12.67,11.83,0.84,200,318,
oficina x245,panel en vivo,6.564,3.82,2.73,1.09,200,42,
oficina x245,resumen de video,6.567,10.59,10.02,0.57,200,13773,
oficina x245,estado del sistema,6.567,10.65,9.48,1.17,200,318,
oficina x245,eventos recientes,6.568,11.62,9.58,2.04,200,14691,
oficina x245,panel en vivo,6.571,8.76,6.75,2.01,200,42,
oficina x245,panel en vivo,6.574,7.04,5.25,1.79,200,42,
oficina x245,eventos recientes,6.576,5.3,4.23,1.07,200,14691,
oficina x245,panel en vivo,6.578,2.57,2.22,0.34,200,42,
oficina x245,panel en vivo,6.583,3.59,3.0,0.59,200,42,
oficina x245,eventos recientes,6.583,3.5,3.05,0.45,200,14691,
oficina x245,panel en vivo,6.588,16.91,16.45,0.46,200,42,
oficina x245,resumen de video,6.588,10.42,10.15,0.28,200,13773,
oficina x245,eventos recientes,6.59,20.26,18.58,1.68,200,14691,
oficina x245,resumen de video,6.59,17.69,16.64,1.05,200,13773,
oficina x245,resumen de video,6.591,21.63,20.17,1.46,200,13773,
oficina x245,resumen de video,6.592,15.52,14.83,0.69,200,13773,
oficina x245,buscar contacto,6.592,3.38,3.29,0.09,200,6883,
oficina x245,eventos recientes,6.597,15.75,15.3,0.45,200,14691,
oficina x245,panel en vivo,6.597,12.8,12.02,0.78,200,42,
oficina x245,panel en vivo,6.603,9.19,8.35,0.84,200,42,
oficina x245,eventos recientes,6.605,7.88,7.28,0.6,200,14691,
oficina x245,panel en vivo,6.618,10.15,9.08,1.07,200,42,
oficina x245,resumen de video,6.619,10.78,9.86,0.92,200,13773,
oficina x245,estado del sistema,6.619,7.45,7.09,0.37,200,318,
oficina x245,panel en vivo,6.62,6.44,5.76,0.68,200,42,
oficina x245,panel en vivo,6.621,8.69,5.12,3.57,200,42,
oficina x245,resumen de video,6.628,4.19,4.1,0.09,200,13773,
oficina x245,eventos recientes,6.633,3.62,2.72,0.9,200,14691,
oficina x245,buscar contacto,6.639,4.38,3.23,1.15,200,542,
oficina x245,resumen de video,6.646,10.26,9.89,0.36,200,13773,
oficina x245,resumen de video,6.647,7.81,7.55,0.27,200,13773,
oficina x245,resumen de video,6.65,7.15,6.84,0.32,200,13773,
oficina x245,panel en vivo,6.65,4.59,3.88,0.71,200,42,
oficina x245,eventos recientes,6.656,3.48,2.77,0.72,200,14691,
oficina x245,eventos recientes,6.665,9.54,7.92,1.61,200,14691,
oficina x245,resumen de video,6.665,4.43,4.1,0.33,200,13773,
oficina x245,panel en vivo,6.681,3.83,2.82,1.01,200,42,
oficina x245,panel en vivo,6.682,3.37,2.6,0.77,200,42,
oficina x245,resumen de video,6.684,5.24,4.45,0.79,200,13773,
oficina x245,panel en vivo,6.69,2.77,2.36,0.41,200,42,
oficina x245,eventos recientes,6.693,13.25,13.04,0.21,200,14691,
oficina x245,panel en vivo,6.697,5.82,3.83,1.98,200,42,
oficina x245,eventos recientes,6.698,12.2,10.38,1.82,200,14691,
oficina x245,resumen de video,6.704,8.75,8.5,0.24,200,13773,
oficina x245,eventos recientes,6.705,10.61,8.04,2.56,200,14691,
oficina x245,panel en vivo,6.707,7.97,6.47,1.51,200,42,
oficina x245,panel en vivo,6.708,5.2,4.42,0.78,200,42,
oficina x245,panel en vivo,6.713,7.05,5.66,1.39,200,42,
oficina x245,eventos recientes,6.715,3.38,2.82,0.56,200,14691,
oficina x245,resumen de video,6.719,6.24,5.85,0.39,200,13773,
oficina x245,panel en vivo,6.721,4.72,3.14,1.58,200,42,
oficina x245,panel en vivo,6.723,2.88,2.06,0.82,200,42,
oficina x245,panel en vivo,6.726,2.03,1.97,0.06,200,42,
oficina x245,estado del sistema,6.73,4.35,2.13,2.22,200,318,
oficina x245,panel en vivo,6.73,2.91,2.62,0.29,200,42,
oficina x245,estado del sistema,6.734,2.08,2.04,0.04,200,318,
oficina x245,eventos recientes,6.734,3.32,3.07,0.25,200,14691,
oficina x245,estado del sistema,6.738,7.96,6.19,1.77,200,318,
oficina x245,panel en vivo,6.741,6.43,5.47,0.95,200,42,
oficina x245,panel en vivo,6.742,6.43,5.39,1.04,200,42,
oficina x245,eventos recientes,6.744,5.11,4.83,0.28,200,14691,
oficina x245,panel en vivo,6.744,5.61,3.66,1.95,200,42,
oficina x245,panel en vivo,6.751,3.97,3.8,0.17,200,42,
oficina x245,resumen de video,6.752,10.16,9.46,0.7,200,13773,
oficina x245,panel en vivo,6.754,7.81,7.15,0.66,200,42,
oficina x245,eventos recientes,6.756,9.95,9.18,0.77,200,14691,
oficina x245,estado del sistema,6.758,9.85,7.11,2.74,200,318,
oficina x245,panel en vivo,6.76,6.1,5.14,0.96,200,42,
oficina x245,eventos recientes,6.761,6.48,5.14,1.34,200,14691,
oficina x245,estado del sistema,6.761,7.12,6.35,0.77,200,318,
oficina x245,panel en vivo,6.767,4.03,2.82,1.21,200,42,
oficina x245,panel en vivo,6.783,3.43,2.64,0.8,200,42,
oficina x245,resumen de video,6.792,5.55,4.73,0.82,200,13773,
oficina x245,panel en vivo,6.794,6.94,6.49,0.45,200,42,
oficina x245,estado del sistema,6.797,4.76,3.88,0.88,200,318,
oficina x245,resumen de video,6.799,8.73,8.21,0.51,200,13773,
oficina x245,estado del sistema,6.804,8.23,6.32,1.91,200,318,
oficina x245,resumen de video,6.805,8.02,6.42,1.6,200,13773,
oficina x245,panel en vivo,6.807,5.75,5.05,0.71,200,42,
oficina x245,estado del sistema,6.807,9.52,8.09,1.43,200,318,
oficina x245,eventos recientes,6.808,9.2,5.08,4.11,200,14691,
oficina x245,eventos recientes,6.813,3.97,3.61,0.35,200,14691,
oficina x245,estado del sistema,6.818,3.75,2.39,1.36,200,318,
oficina x245,eventos recientes,6.82,3.15,2.79,0.36,200,14691,
oficina x245,estado del sistema,6.823,2.11,1.97,0.15,200,318,
oficina x245,estado del sistema,6.824,5.39,5.02,0.37,200,318,
oficina x245,panel en vivo,6.825,5.94,5.46,0.48,200,42,
oficina x245,panel en vivo,6.827,4.54,2.96,1.58,200,42,
oficina x245,panel en vivo,6.83,4.56,3.67,0.9,200,42,
oficina x245,panel en vivo,6.831,3.66,2.64,1.02,200,42,
oficina x245,panel en vivo,6.831,24.88,22.94,1.94,200,42,
oficina x245,estado del sistema,6.832,24.98,20.2,4.79,200,318,
oficina x245,resumen de video,6.832,21.81,20.84,0.97,200,13773,
oficina x245,resumen de video,6.834,13.21,12.5,0.71,200,13773,
oficina x245,estado del sistema,6.836,20.78,19.33,1.45,200,318,
oficina x245,panel en vivo,6.838,13.45,12.12,1.33,200,42,
oficina x245,resumen de video,6.841,19.24,18.22,1.03,200,13773,
oficina x245,resumen de video,6.842,19.85,17.79,2.07,200,13773,
oficina x245,resumen de video,6.843,15.39,15.23,0.16,200,13773,
oficina x245,resumen de video,6.845,16.57,14.52,2.05,200,13773,
oficina x245,panel en vivo,6.849,10.59,10.29,0.3,200,42,
oficina x245,resumen de video,6.85,11.89,9.18,2.71,200,13773,
oficina x245,resumen de video,6.865,4.17,3.71,0.45,200,13773,
oficina x245,panel en vivo,6.868,3.57,3.11,0.46,200,42,
oficina x245,panel en vivo,6.869,4.25,3.76,0.49,200,42,
oficina x245,panel en vivo,6.87,2.77,2.61,0.16,200,42,
oficina x245,eventos recientes,6.874,3.71,2.61,1.1,200,14691,
oficina x245,eventos recientes,6.882,5.39,4.1,1.29,200,14691,
oficina x245,resumen de video,6.882,12.35,11.91,0.44,200,13773,
oficina x245,eventos recientes,6.882,8.13,7.92,0.21,200,14691,
oficina x245,estado del sistema,6.884,6.81,6.07,0.74,200,318,
oficina x245,panel en vivo,6.886,5.75,4.2,1.56,200,42,
oficina x245,resumen de video,6.891,4.37,3.52,0.85,200,13773,
oficina x245,resumen de video,6.891,18.84,17.87,0.97,200,13773,
oficina x245,eventos recientes,6.893,18.03,15.02,3.0,200,14691,
oficina x245,panel en vivo,6.894,9.58,8.92,0.66,200,42,
oficina x245,eventos recientes,6.894,11.62,11.1,0.52,200,14691,
oficina x245,eventos recientes,6.896,9.9,6.4,3.51,200,14691,
oficina x245,eventos recientes,6.897,9.36,5.77,3.58,200,14691,
oficina x245,estado del sistema,6.898,13.17,12.64,0.53,200,318,
oficina x245,panel en vivo,6.899,7.5,6.3,1.2,200,42,
oficina x245,resumen de video,6.902,11.19,9.55,1.64,200,13773,
oficina x245,resumen de video,6.911,11.58,10.54,1.04,200,13773,
oficina x245,panel en vivo,6.913,11.5,10.53,0.97,200,42,
oficina x245,panel en vivo,6.916,10.85,6.99,3.86,200,42,
oficina x245,eventos recientes,6.917,7.52,6.61,0.91,200,14691,
oficina x245,eventos recientes,6.919,7.62,4.93,2.7,200,14691,
oficina x245,eventos recientes,6.923,3.47,2.61,0.87,200,14691,
oficina x245,eventos recientes,6.927,5.39,4.72,0.67,200,14691,
oficina x245,eventos recientes,6.932,7.89,4.01,3.88,200,14691,
oficina x245,panel en vivo,6.938,3.15,2.33,0.83,200,42,
oficina x245,panel en vivo,6.944,8.25,5.16,3.09,200,42,
oficina x245,panel en vivo,6.947,4.35,3.12,1.23,200,42,
oficina x245,eventos recientes,6.95,10.84,9.81,1.03,200,14691,
oficina x245,panel en vivo,6.95,6.55,4.8,1.75,200,42,
oficina x245,eventos recientes,6.951,7.15,5.9,1.25,200,14691,
oficina x245,panel en vivo,6.952,5.07,3.83,1.24,200,42,
oficina x245,estado del sistema,6.955,6.88,6.09,0.79,200,318,
oficina x245,panel en vivo,6.958,5.76,2.85,2.92,200,42,
oficina x245,eventos recientes,6.968,3.26,3.01,0.25,200,14691,
oficina x245,estado del sistema,6.973,2.88,2.34,0.55,200,318,
oficina x245,eventos recientes,6.975,9.38,7.33,2.05,200,14691,
oficina x245,panel en vivo,6.977,10.7,7.83,2.87,200,42,
oficina x245,panel en vivo,6.977,7.66,7.17,0.49,200,42,
oficina x245,eventos recientes,6.982,13.01,8.22,4.79,200,14691,
oficina x245,eventos recientes,6.983,5.38,4.57,0.81,200,14691,
oficina x245,eventos recientes,6.984,6.15,4.94,1.21,200,14691,
oficina x245,resumen de video,6.984,8.4,7.24,1.16,200,13773,
oficina x245,panel en vivo,6.989,8.13,6.88,1.25,200,42,
oficina x245,resumen de video,6.989,6.63,6.05,0.58,200,13773,
oficina x245,resumen de video,6.993,6.11,5.97,0.14,200,13773,
oficina x245,panel en vivo,7.001,6.01,5.53,0.47,200,42,
oficina x245,eventos recientes,7.001,5.92,5.34,0.58,200,14691,
oficina x245,estado del sistema,7.003,5.24,3.52,1.72,200,318,
oficina x245,eventos recientes,7.006,4.83,3.0,1.82,200,14691,
oficina x245,resumen de video,7.01,27.34,26.66,0.69,200,13773,
oficina x245,resumen de video,7.01,22.53,21.06,1.47,200,13773,
oficina x245,resumen de video,7.011,19.15,18.4,0.74,200,13773,
oficina x245,eventos recientes,7.011,14.08,12.3,1.78,200,14691,
oficina x245,eventos recientes,7.011,12.62,8.62,4.01,200,14691,
oficina x245,metricas documentos,7.012,3.27,2.44,0.82,200,2650,
oficina x245,panel en vivo,7.017,10.8,10.0,0.8,200,42,
oficina x245,eventos recientes,7.018,13.14,12.35,0.78,200,14691,
oficina x245,resumen de video,7.018,19.32,17.4,1.91,200,13773,
oficina x245,panel en vivo,7.019,17.29,15.12,2.17,200,42,
oficina x245,resumen de video,7.022,22.6,17.78,4.81,200,13773,
oficina x245,resumen de video,7.024,13.95,12.92,1.03,200,13773,
oficina x245,panel en vivo,7.026,16.86,14.82,2.04,200,42,
oficina x245,panel en vivo,7.026,16.03,13.2,2.83,200,42,
oficina x245,eventos recientes,7.028,17.06,12.04,5.02,200,14691,
oficina x245,estado del sistema,7.032,12.81,11.31,1.5,200,318,
oficina x245,eventos recientes,7.037,6.31,3.5,2.81,200,14691,
oficina x245,eventos recientes,7.041,6.95,6.68,0.27,200,14691,
oficina x245,panel en vivo,7.044,3.83,3.53,0.3,200,42,
oficina x245,estado del sistema,7.045,2.41,1.83,0.58,200,318,
oficina x245,panel en vivo,7.046,3.7,2.01,1.69,200,42,
oficina x245,eventos recientes,7.048,6.51,2.46,4.05,200,14691,
oficina x245,resumen de video,7.056,20.19,16.4,3.79,200,13773,
oficina x245,panel en vivo,7.056,2.16,1.91,0.25,200,42,
oficina x245,eventos recientes,7.06,13.25,12.1,1.15,200,14691,
oficina x245,eventos recientes,7.06,11.65,10.3,1.35,200,14691,
oficina x245,resumen de video,7.062,8.52,6.92,1.6,200,13773,
oficina x245,panel en vivo,7.065,11.88,11.42,0.46,200,42,
oficina x245,resumen de video,7.067,9.33,8.8,0.53,200,13773,
oficina x245,panel en vivo,7.068,5.35,4.46,0.89,200,42,
oficina x245,panel en vivo,7.069,5.99,5.04,0.95,200,42,
oficina x245,resumen de video,7.071,10.06,8.0,2.06,200,13773,
oficina x245,estado del sistema,7.072,12.88,11.2,1.68,200,318,
oficina x245,resumen de video,7.074,9.6,6.66,2.94,200,13773,
oficina x245,panel en vivo,7.08,8.06,5.82,2.24,200,42,
oficina x245,panel en vivo,7.08,9.84,7.47,2.38,200,42,
oficina x245,eventos recientes,7.082,4.31,3.02,1.29,200,14691,
oficina x245,panel en vivo,7.082,6.99,5.95,1.03,200,42,
oficina x245,resumen de video,7.092,6.09,3.71,2.38,200,13773,
oficina x245,panel en vivo,7.093,8.15,7.71,0.43,200,42,
oficina x245,eventos recientes,7.093,7.84,7.35,0.49,200,14691,
oficina x245,panel en vivo,7.101,20.62,19.49,1.12,200,42,
oficina x245,eventos recientes,7.102,16.4,15.64,0.76,200,14691,
oficina x245,eventos recientes,7.102,19.95,19.26,0.69,200,14691,
oficina x245,panel en vivo,7.102,16.03,15.35,0.68,200,42,
oficina x245,eventos recientes,7.103,16.02,14.36,1.66,200,14691,
oficina x245,contactos recientes,7.111,11.18,10.11,1.07,200,1557,
oficina x245,panel en vivo,7.111,2.91,2.49,0.42,200,42,
oficina x245,resumen de video,7.114,8.66,8.12,0.55,200,13773,
oficina x245,panel en vivo,7.117,9.64,6.9,2.74,200,42,
oficina x245,resumen de video,7.118,6.84,6.69,0.15,200,13773,
oficina x245,panel en vivo,7.121,5.07,3.69,1.38,200,42,
oficina x245,panel en vivo,7.121,5.42,3.99,1.43,200,42,
oficina x245,panel en vivo,7.125,3.07,2.48,0.59,200,42,
oficina x245,panel en vivo,7.129,2.68,1.82,0.86,200,42,
oficina x245,resumen de video,7.133,4.29,3.57,0.73,200,13773,
oficina x245,resumen de video,7.135,14.41,13.03,1.38,200,13773,
oficina x245,resumen de video,7.138,13.32,12.4,0.93,200,13773,
oficina x245,eventos recientes,7.14,8.89,8.12,0.77,200,14691,
oficina x245,panel en vivo,7.141,7.11,6.76,0.36,200,42,
oficina x245,panel en vivo,7.143,5.65,4.53,1.12,200,42,
oficina x245,estado del sistema,7.146,3.15,2.85,0.3,200,318,
oficina x245,resumen de video,7.157,6.73,5.56,1.16,200,13773,
oficina x245,panel en vivo,7.158,4.84,2.87,1.97,200,42,
oficina x245,panel en vivo,7.16,5.94,2.51,3.43,200,42,
oficina x245,panel en vivo,7.167,4.3,3.76,0.54,200,42,
oficina x245,estado del sistema,7.167,8.09,2.6,5.49,200,318,
oficina x245,eventos recientes,7.167,4.33,3.89,0.43,200,14691,
oficina x245,eventos recientes,7.168,12.38,12.13,0.25,200,14691,
oficina x245,panel en vivo,7.168,12.17,10.88,1.29,200,42,
oficina x245,panel en vivo,7.175,3.79,2.44,1.35,200,42,
oficina x245,panel en vivo,7.179,4.94,4.64,0.29,200,42,
oficina x245,estado del sistema,7.179,7.08,5.89,1.18,200,318,
oficina x245,estado del sistema,7.179,6.5,5.33,1.17,200,318,
oficina x245,resumen de video,7.18,9.01,8.03,0.98,200,13773,
oficina x245,resumen de video,7.181,13.96,13.64,0.32,200,13773,
oficina x245,resumen de video,7.185,12.09,11.29,0.8,200,13773,
oficina x245,eventos recientes,7.189,6.63,6.57,0.05,200,14691,
oficina x245,panel en vivo,7.191,3.59,3.25,0.34,200,42,
oficina x245,resumen de video,7.195,5.8,5.27,0.53,200,13773,
oficina x245,panel en vivo,7.198,5.65,4.61,1.04,200,42,
oficina x245,panel en vivo,7.198,2.73,2.32,0.41,200,42,
oficina x245,eventos recientes,7.2,2.94,2.78,0.15,200,14691,
oficina x245,eventos recientes,7.208,3.71,2.88,0.83,200,14691,
oficina x245,panel en vivo,7.211,5.69,5.19,0.49,200,42,
oficina x245,eventos recientes,7.213,6.02,4.98,1.04,200,14691,
oficina x245,panel en vivo,7.214,4.71,4.24,0.47,200,42,
oficina x245,panel en vivo,7.215,4.64,3.57,1.07,200,42,
oficina x245,resumen de video,7.217,6.1,5.81,0.28,200,13773,
oficina x245,panel en vivo,7.221,7.93,6.79,1.15,200,42,
oficina x245,eventos recientes,7.221,8.05,6.95,1.09,200,14691,
oficina x245,panel en vivo,7.222,7.48,6.68,0.8,200,42,
oficina x245,resumen de video,7.229,4.44,3.85,0.59,200,13773,
oficina x245,panel en vivo,7.232,3.01,2.07,0.94,200,42,
oficina x245,resumen de video,7.238,5.57,4.72,0.85,200,13773,
oficina x245,panel en vivo,7.24,3.15,3.04,0.12,200,42,
oficina x245,panel en vivo,7.247,2.72,2.12,0.6,200,42,
oficina x245,estado del sistema,7.247,5.59,3.8,1.79,200,318,
oficina x245,panel en vivo,7.25,3.55,3.17,0.38,200,42,
oficina x245,resumen de video,7.254,4.38,3.69,0.69,200,13773,
oficina x245,panel en vivo,7.257,5.64,5.4,0.24,200,42,
oficina x245,panel en vivo,7.264,6.59,2.27,4.32,200,42,
oficina x245,contactos recientes,7.272,5.74,3.34,2.4,200,1557,
oficina x245,panel en vivo,7.274,4.39,3.04,1.36,200,42,
oficina x245,resumen de video,7.28,4.59,3.79,0.81,200,13773,
oficina x245,panel en vivo,7.287,2.59,2.32,0.27,200,42,
oficina x245,resumen de video,7.289,12.88,12.2,0.68,200,13773,
oficina x245,panel en vivo,7.289,7.5,6.21,1.29,200,42,
oficina x245,resumen de video,7.29,7.41,6.29,1.12,200,13773,
oficina x245,panel en vivo,7.294,5.12,4.95,0.17,200,42,
oficina x245,panel en vivo,7.294,3.39,3.33,0.05,200,42,
oficina x245,panel en vivo,7.296,4.38,3.27,1.11,200,42,
oficina x245,panel en vivo,7.297,4.17,3.29,0.88,200,42,
oficina x245,estado del sistema,7.307,3.13,2.42,0.72,200,318,
oficina x245,panel en vivo,7.313,4.42,2.38,2.05,200,42,
oficina x245,panel en vivo,7.321,10.53,9.55,0.98,200,42,
oficina x245,panel en vivo,7.323,9.89,9.25,0.64,200,42,
oficina x245,panel en vivo,7.324,9.01,8.78,0.23,200,42,
oficina x245,eventos recientes,7.325,12.77,11.64,1.14,200,14691,
oficina x245,panel en vivo,7.325,8.41,8.16,0.25,200,42,
oficina x245,eventos recientes,7.327,10.56,10.22,0.34,200,14691,
oficina x245,eventos recientes,7.328,9.36,8.55,0.8,200,14691,
oficina x245,panel en vivo,7.328,6.16,4.78,1.39,200,42,
oficina x245,panel en vivo,7.332,2.62,2.41,0.22,200,42,
oficina x245,estado del sistema,7.332,6.7,4.82,1.88,200,318,
oficina x245,resumen de video,7.333,8.48,5.17,3.31,200,13773,
oficina x245,eventos recientes,7.334,4.38,4.22,0.16,200,14691,
oficina x245,eventos recientes,7.336,4.23,4.08,0.15,200,14691,
oficina x245,panel en vivo,7.342,11.43,9.72,1.7,200,42,
oficina x245,panel en vivo,7.344,8.83,8.69,0.14,200,42,
oficina x245,panel en vivo,7.345,8.39,8.11,0.28,200,42,
oficina x245,estado del sistema,7.345,12.65,11.98,0.67,200,318,
oficina x245,panel en vivo,7.345,12.08,10.87,1.21,200,42,
oficina x245,panel en vivo,7.346,13.43,11.84,1.59,200,42,
oficina x245,eventos recientes,7.347,14.48,13.31,1.17,200,14691,
oficina x245,panel en vivo,7.348,8.73,7.63,1.11,200,42,
oficina x245,eventos recientes,7.354,12.3,7.36,4.94,200,14691,
oficina x245,eventos recientes,7.355,5.2,4.63,0.57,200,14691,
oficina x245,estado del sistema,7.361,4.09,3.95,0.14,200,318,
oficina x245,eventos recientes,7.363,9.69,8.99,0.69,200,14691,
oficina x245,eventos recientes,7.364,8.96,7.71,1.25,200,14691,
oficina x245,resumen de video,7.367,8.28,7.47,0.8,200,13773,
oficina x245,panel en vivo,7.37,7.34,7.21,0.13,200,42,
oficina x245,panel en vivo,7.37,5.19,4.41,0.77,200,42,
oficina x245,eventos recientes,7.375,7.75,6.35,1.4,200,14691,
oficina x245,eventos recientes,7.376,6.69,6.08,0.62,200,14691,
oficina x245,eventos recientes,7.376,7.13,6.14,0.99,200,14691,
oficina x245,eventos recientes,7.379,5.0,4.74,0.26,200,14691,
oficina x245,panel en vivo,7.381,5.54,4.38,1.16,200,42,
oficina x245,resumen de video,7.382,6.77,5.97,0.8,200,13773,
oficina x245,panel en vivo,7.384,7.96,1.82,6.14,200,42,
oficina x245,resumen de video,7.385,4.37,3.93,0.44,200,13773,
oficina x245,panel en vivo,7.385,8.54,5.47,3.08,200,42,
oficina x245,panel en vivo,7.389,6.3,6.17,0.13,200,42,
oficina x245,panel en vivo,7.39,6.29,2.72,3.57,200,42,
oficina x245,eventos recientes,7.395,2.46,2.25,0.21,200,14691,
oficina x245,estado del sistema,7.398,7.2,6.28,0.92,200,318,
oficina x245,resumen de video,7.398,11.89,10.93,0.96,200,13773,
oficina x245,panel en vivo,7.406,5.07,4.22,0.85,200,42,
oficina x245,panel en vivo,7.407,4.26,3.64,0.62,200,42,
oficina x245,resumen de video,7.412,6.19,3.41,2.78,200,13773,
oficina x245,eventos recientes,7.413,3.74,3.25,0.49,200,14691,
oficina x245,panel en vivo,7.42,8.94,7.95,0.99,200,42,
oficina x245,panel en vivo,7.42,9.83,8.34,1.49,200,42,
oficina x245,resumen de video,7.422,6.56,3.93,2.63,200,13773,
oficina x245,resumen de video,7.424,18.2,10.11,8.08,200,13773,
oficina x245,resumen de video,7.427,14.66,11.87,2.79,200,13773,
oficina x245,panel en vivo,7.427,20.96,20.33,0.63,200,42,
oficina x245,estado del sistema,7.428,20.81,10.51,10.3,200,318,
oficina x245,resumen de video,7.432,18.16,17.04,1.12,200,13773,
oficina x245,panel en vivo,7.438,27.13,21.84,5.29,200,42,
oficina x245,panel en vivo,7.438,7.62,6.95,0.67,200,42,
oficina x245,panel en vivo,7.439,5.8,3.75,2.05,200,42,
oficina x245,eventos recientes,7.44,30.69,27.54,3.15,200,14691,
oficina x245,estado del sistema,7.44,8.06,4.03,4.04,200,318,
oficina x245,estado del sistema,7.443,10.54,4.92,5.63,200,318,
oficina x245,resumen de video,7.443,8.97,7.77,1.2,200,13773,
oficina x245,abrir ficha,7.444,26.79,20.16,6.63,200,1045,
oficina x245,resumen de video,7.45,9.77,6.83,2.94,200,13773,
oficina x245,eventos recientes,7.452,27.08,21.06,6.02,200,14691,
oficina x245,panel en vivo,7.455,29.73,26.53,3.2,200,42,
oficina x245,panel en vivo,7.457,4.81,2.76,2.05,200,42,
oficina x245,panel en vivo,7.457,4.94,1.74,3.2,200,42,
oficina x245,panel en vivo,7.458,9.85,8.84,1.01,200,42,
oficina x245,eventos recientes,7.46,22.59,17.36,5.23,200,14691,
oficina x245,panel en vivo,7.46,13.12,9.44,3.68,200,42,
oficina x245,eventos recientes,7.462,9.59,9.16,0.43,200,14691,
oficina x245,eventos recientes,7.463,8.41,7.95,0.45,200,14691,
oficina x245,resumen de video,7.468,10.44,3.82,6.62,200,13773,
oficina x245,panel en vivo,7.47,9.91,7.34,2.57,200,42,
oficina x245,panel en vivo,7.472,13.86,5.4,8.47,200,42,
oficina x245,panel en vivo,7.475,2.87,2.64,0.23,200,42,
oficina x245,abrir ficha,7.48,4.18,3.11,1.07,200,1045,
oficina x245,panel en vivo,7.483,3.62,1.9,1.72,200,42,
oficina x245,eventos recientes,7.488,9.73,9.08,0.65,200,14691,
oficina x245,resumen de video,7.489,8.85,8.73,0.12,200,13773,
oficina x245,panel en vivo,7.491,5.61,4.86,0.76,200,42,
oficina x245,eventos recientes,7.492,9.13,6.25,2.88,200,14691,
oficina x245,contactos recientes,7.495,16.01,13.46,2.55,200,1557,
oficina x245,eventos recientes,7.495,11.33,6.48,4.85,200,14691,
oficina x245,panel en vivo,7.499,9.99,7.54,2.45,200,42,
oficina x245,panel en vivo,7.499,5.61,5.09,0.52,200,42,
oficina x245,resumen de video,7.5,21.9,14.26,7.63,200,13773,
oficina x245,resumen de video,7.5,5.75,4.72,1.03,200,13773,
oficina x245,panel en vivo,7.501,28.75,22.62,6.13,200,42,
oficina x245,panel en vivo,7.502,7.56,4.93,2.63,200,42,
oficina x245,eventos recientes,7.503,45.95,38.62,7.33,200,14691,
oficina x245,eventos recientes,7.504,38.13,31.47,6.66,200,14691,
oficina x245,panel en vivo,7.508,6.37,2.59,3.78,200,42,
oficina x245,panel en vivo,7.513,5.11,1.84,3.27,200,42,
oficina x245,panel en vivo,7.514,18.31,17.08,1.22,200,42,
oficina x245,resumen de video,7.517,6.1,4.89,1.21,200,13773,
oficina x245,eventos recientes,7.52,34.54,26.95,7.59,200,14691,
oficina x245,eventos recientes,7.521,21.13,18.38,2.75,200,14691,
oficina x245,estado del sistema,7.521,33.79,30.74,3.06,200,318,
oficina x245,panel en vivo,7.521,69.18,65.93,3.25,200,42,
oficina x245,panel en vivo,7.521,61.95,58.42,3.53,200,42,
oficina x245,eventos recientes,7.525,4.72,2.15,2.57,200,14691,
oficina x245,panel en vivo,7.528,26.22,21.94,4.28,200,42,
oficina x245,panel en vivo,7.529,27.92,23.74,4.18,200,42,
oficina x245,resumen de video,7.53,42.71,36.49,6.22,200,13773,
oficina x245,eventos recientes,7.532,13.62,12.35,1.27,200,14691,
oficina x245,panel en vivo,7.532,13.9,11.75,2.15,200,42,
oficina x245,panel en vivo,7.535,65.6,63.23,2.37,200,42,
oficina x245,panel en vivo,7.535,15.34,11.97,3.36,200,42,
oficina x245,panel en vivo,7.538,27.41,18.15,9.26,200,42,
oficina x245,panel en vivo,7.538,31.38,30.62,0.75,200,42,
oficina x245,eventos recientes,7.54,34.07,28.44,5.63,200,14691,
oficina x245,panel en vivo,7.541,24.14,17.36,6.78,200,42,
oficina x245,panel en vivo,7.542,10.19,7.6,2.59,200,42,
oficina x245,resumen de video,7.543,22.04,15.3,6.74,200,13773,
oficina x245,eventos recientes,7.544,21.96,15.96,6.01,200,14691,
oficina x245,resumen de video,7.544,82.2,57.8,24.4,200,13773,
oficina x245,estado del sistema,7.545,87.67,63.43,24.24,200,318,
oficina x245,resumen de video,7.547,57.96,51.6,6.36,200,13773,
oficina x245,eventos recientes,7.547,40.78,34.13,6.65,200,14691,
oficina x245,panel en vivo,7.549,35.09,16.98,18.1,200,42,
oficina x245,eventos recientes,7.551,53.13,34.0,19.13,200,14691,
oficina x245,resumen de video,7.555,86.32,68.03,18.29,200,13773,
oficina x245,panel en vivo,7.559,8.38,7.38,1.0,200,42,
oficina x245,eventos recientes,7.561,6.54,5.67,0.87,200,14691,
oficina x245,estado del sistema,7.562,6.29,4.15,2.14,200,318,
oficina x245,panel en vivo,7.566,3.42,2.56,0.87,200,42,
oficina x245,estado del sistema,7.566,38.47,32.18,6.29,200,318,
oficina x245,panel en vivo,7.569,4.15,2.9,1.25,200,42,
oficina x245,resumen de video,7.57,27.16,26.0,1.16,200,13773,
oficina x245,estado del sistema,7.571,54.89,43.02,11.88,200,318,
oficina x245,estado del sistema,7.577,54.19,43.05,11.13,200,318,
oficina x245,estado del sistema,7.577,9.09,8.67,0.42,200,318,
oficina x245,eventos recientes,7.58,5.99,5.23,0.76,200,14691,
oficina x245,buscar contacto,7.583,44.73,36.7,8.02,200,3096,
oficina x245,eventos recientes,7.588,19.58,18.66,0.92,200,14691,
oficina x245,resumen de video,7.59,22.42,21.56,0.86,200,13773,
oficina x245,panel en vivo,7.59,8.38,6.77,1.62,200,42,
oficina x245,panel en vivo,7.591,8.82,8.15,0.67,200,42,
oficina x245,resumen de video,7.593,16.84,15.91,0.94,200,13773,
oficina x245,panel en vivo,7.594,11.28,10.8,0.48,200,42,
oficina x245,resumen de video,7.595,170.8,155.61,15.2,200,13773,
oficina x245,panel en vivo,7.599,18.78,11.86,6.92,200,42,
oficina x245,resumen de video,7.599,24.0,16.86,7.15,200,13773,
oficina x245,estado del sistema,7.601,23.97,18.2,5.78,200,318,
oficina x245,eventos recientes,7.601,23.28,17.32,5.96,200,14691,
oficina x245,panel en vivo,7.604,14.29,11.22,3.08,200,42,
oficina x245,estado del sistema,7.604,46.14,31.43,14.71,200,318,
oficina x245,resumen de video,7.608,17.03,16.28,0.75,200,13773,
oficina x245,panel en vivo,7.611,12.38,12.17,0.21,200,42,
oficina x245,resumen de video,7.614,72.67,67.4,5.27,200,13773,
oficina x245,panel en vivo,7.618,10.95,10.47,0.48,200,42,
oficina x245,eventos recientes,7.619,8.77,7.78,0.99,200,14691,
oficina x245,resumen de video,7.626,9.39,9.07,0.33,200,13773,
oficina x245,estado del sistema,7.629,7.5,6.96,0.54,200,318,
oficina x245,panel en vivo,7.629,34.63,27.07,7.56,200,42,
oficina x245,estado del sistema,7.63,5.71,5.67,0.04,200,318,
oficina x245,panel en vivo,7.634,8.49,7.53,0.95,200,42,
oficina x245,eventos recientes,7.635,29.55,23.74,5.81,200,14691,
oficina x245,eventos recientes,7.636,7.12,6.81,0.32,200,14691,
oficina x245,resumen de video,7.64,18.52,16.96,1.56,200,13773,
oficina x245,resumen de video,7.641,18.09,16.15,1.94,200,13773,
oficina x245,eventos recientes,7.641,17.85,15.58,2.27,200,14691,
oficina x245,resumen de video,7.641,18.35,17.96,0.39,200,13773,
oficina x245,panel en vivo,7.642,15.46,15.01,0.45,200,42,
oficina x245,panel en vivo,7.643,16.86,15.87,1.0,200,42,
oficina x245,eventos recientes,7.647,32.73,30.11,2.63,200,14691,
oficina x245,resumen de video,7.651,44.26,43.6,0.66,200,13773,
oficina x245,resumen de video,7.651,43.87,43.26,0.61,200,13773,
oficina x245,resumen de video,7.653,85.86,85.1,0.75,200,13773,
oficina x245,eventos recientes,7.654,26.87,19.94,6.93,200,14691,
oficina x245,resumen de video,7.655,51.64,50.94,0.7,200,13773,
oficina x245,eventos recientes,7.659,5.3,4.57,0.72,200,14691,
oficina x245,eventos recientes,7.664,32.56,32.31,0.24,200,14691,
oficina x245,panel en vivo,7.666,12.56,11.72,0.84,200,42,
oficina x245,resumen de video,7.668,59.3,58.62,0.68,200,13773,
oficina x245,panel en vivo,7.669,9.4,9.03,0.37,200,42,
oficina x245,panel en vivo,7.679,6.16,5.99,0.16,200,42,
oficina x245,eventos recientes,7.68,9.91,9.23,0.68,200,14691,
oficina x245,eventos recientes,7.681,8.75,8.27,0.48,200,14691,
oficina x245,eventos recientes,7.686,14.87,14.34,0.53,200,14691,
oficina x245,resumen de video,7.687,82.56,81.61,0.95,200,13773,
oficina x245,resumen de video,7.687,64.47,62.93,1.53,200,13773,
oficina x245,panel en vivo,7.688,8.35,7.32,1.03,200,42,
oficina x245,panel en vivo,7.69,8.33,7.38,0.96,200,42,
oficina x245,panel en vivo,7.692,8.84,8.26,0.58,200,42,
oficina x245,panel en vivo,7.694,7.6,7.42,0.18,200,42,
oficina x245,panel en vivo,7.696,6.03,5.68,0.36,200,42,
oficina x245,eventos recientes,7.696,7.35,6.68,0.66,200,14691,
oficina x245,resumen de video,7.706,69.08,67.85,1.23,200,13773,
oficina x245,eventos recientes,7.706,39.66,39.65,0.02,200,14691,
oficina x245,eventos recientes,7.709,45.54,44.77,0.77,200,14691,
oficina x245,panel en vivo,7.713,16.44,15.72,0.72,200,42,
oficina x245,eventos recientes,7.715,44.82,44.52,0.3,200,14691,
oficina x245,eventos recientes,7.717,25.83,25.58,0.25,200,14691,
oficina x245,panel en vivo,7.717,22.51,21.26,1.25,200,42,
oficina x245,bandeja de documentos,7.717,6.45,4.94,1.51,200,12476,
oficina x245,panel en vivo,7.723,13.52,12.62,0.91,200,42,
oficina x245,estado del sistema,7.725,21.54,21.03,0.51,200,318,
oficina x245,contactos recientes,7.725,3.59,3.29,0.3,200,1557,
oficina x245,estado del sistema,7.727,36.68,36.55,0.13,200,318,
oficina x245,panel en vivo,7.727,12.94,12.23,0.71,200,42,
oficina x245,eventos recientes,7.728,18.42,17.84,0.58,200,14691,
oficina x245,eventos recientes,7.731,15.71,14.72,0.99,200,14691,
oficina x245,eventos recientes,7.732,37.89,37.58,0.31,200,14691,
oficina x245,eventos recientes,7.734,38.75,38.18,0.57,200,14691,
oficina x245,eventos recientes,7.739,18.2,17.56,0.64,200,14691,
oficina x245,resumen de video,7.741,26.9,26.27,0.63,200,13773,
oficina x245,resumen de video,7.745,29.95,26.65,3.3,200,13773,
oficina x245,resumen de video,7.745,30.03,26.33,3.7,200,13773,
oficina x245,estado del sistema,7.746,26.35,24.02,2.33,200,318,
oficina x245,eventos recientes,7.75,23.03,22.74,0.29,200,14691,
oficina x245,panel en vivo,7.758,4.17,3.7,0.48,200,42,
oficina x245,bandeja de documentos,7.76,10.26,9.59,0.67,200,12476,
oficina x245,panel en vivo,7.777,3.36,2.42,0.95,200,42,
oficina x245,estado del sistema,7.783,4.63,2.46,2.17,200,318,
oficina x245,panel en vivo,7.783,3.67,3.34,0.33,200,42,
oficina x245,eventos recientes,7.787,12.69,12.46,0.23,200,14691,
oficina x245,panel en vivo,7.79,7.51,6.57,0.94,200,42,
oficina x245,panel en vivo,7.794,4.76,3.76,1.0,200,42,
oficina x245,panel en vivo,7.797,3.36,2.48,0.87,200,42,
oficina x245,resumen de video,7.8,4.29,3.71,0.58,200,13773,
oficina x245,panel en vivo,7.805,2.68,2.2,0.48,200,42,
oficina x245,panel en vivo,7.812,3.14,2.07,1.07,200,42,
oficina x245,resumen de video,7.817,8.5,7.59,0.91,200,13773,
oficina x245,estado del sistema,7.817,4.9,4.03,0.87,200,318,
oficina x245,panel en vivo,7.82,4.62,4.16,0.46,200,42,
oficina x245,panel en vivo,7.821,4.35,3.71,0.64,200,42,
oficina x245,eventos recientes,7.822,5.46,4.3,1.15,200,14691,
oficina x245,estado del sistema,7.823,8.99,7.77,1.23,200,318,
oficina x245,panel en vivo,7.832,3.18,2.11,1.07,200,42,
oficina x245,resumen de video,7.833,12.99,11.36,1.63,200,13773,
oficina x245,panel en vivo,7.833,8.93,6.76,2.16,200,42,
oficina x245,resumen de video,7.834,12.23,10.93,1.3,200,13773,
oficina x245,panel en vivo,7.841,3.96,3.34,0.62,200,42,
oficina x245,estado del sistema,7.847,5.99,4.7,1.29,200,318,
oficina x245,eventos recientes,7.847,4.29,3.34,0.96,200,14691,
oficina x245,panel en vivo,7.851,5.91,5.4,0.51,200,42,
oficina x245,panel en vivo,7.855,2.77,2.25,0.52,200,42,
oficina x245,panel en vivo,7.855,3.72,2.0,1.72,200,42,
oficina x245,panel en vivo,7.859,2.23,1.93,0.3,200,42,
oficina x245,resumen de video,7.865,6.31,4.83,1.48,200,13773,
oficina x245,panel en vivo,7.866,6.62,4.75,1.87,200,42,
oficina x245,eventos recientes,7.866,6.24,5.1,1.14,200,14691,
oficina x245,eventos recientes,7.873,3.29,2.4,0.89,200,14691,
oficina x245,panel en vivo,7.875,2.81,2.37,0.44,200,42,
oficina x245,panel en vivo,7.877,4.12,4.01,0.11,200,42,
oficina x245,estado del sistema,7.88,2.61,2.08,0.53,200,318,
oficina x245,panel en vivo,7.882,2.58,1.94,0.64,200,42,
oficina x245,panel en vivo,7.885,3.76,2.3,1.46,200,42,
oficina x245,panel en vivo,7.886,2.74,2.37,0.38,200,42,
oficina x245,panel en vivo,7.893,4.6,1.82,2.78,200,42,
oficina x245,panel en vivo,7.898,2.51,1.91,0.6,200,42,
oficina x245,panel en vivo,7.9,3.35,2.07,1.29,200,42,
oficina x245,panel en vivo,7.902,2.93,1.78,1.15,200,42,
oficina x245,panel en vivo,7.91,2.62,1.96,0.65,200,42,
oficina x245,resumen de video,7.91,5.35,4.57,0.78,200,13773,
oficina x245,panel en vivo,7.917,3.47,3.13,0.34,200,42,
oficina x245,panel en vivo,7.917,2.54,2.44,0.11,200,42,
oficina x245,estado del sistema,7.918,2.7,2.18,0.52,200,318,
oficina x245,resumen de video,7.92,3.68,3.52,0.15,200,13773,
oficina x245,panel en vivo,7.929,6.49,3.99,2.51,200,42,
oficina x245,panel en vivo,7.929,4.35,3.51,0.84,200,42,
oficina x245,eventos recientes,7.931,3.68,2.8,0.88,200,14691,
oficina x245,panel en vivo,7.932,6.66,5.11,1.55,200,42,
oficina x245,estado del sistema,7.934,3.82,2.67,1.15,200,318,
oficina x245,eventos recientes,7.934,3.14,2.77,0.37,200,14691,
oficina x245,resumen de video,7.939,12.69,7.43,5.26,200,13773,
oficina x245,eventos recientes,7.939,3.24,2.24,1.0,200,14691,
oficina x245,estado del sistema,7.942,8.37,6.08,2.29,200,318,
oficina x245,resumen de video,7.945,6.62,6.16,0.45,200,13773,
oficina x245,panel en vivo,7.949,4.0,3.43,0.57,200,42,
oficina x245,panel en vivo,7.95,6.91,6.16,0.75,200,42,
oficina x245,panel en vivo,7.956,2.6,2.15,0.45,200,42,
oficina x245,resumen de video,7.957,3.93,3.64,0.29,200,13773,
oficina x245,panel en vivo,7.96,2.69,1.74,0.95,200,42,
oficina x245,resumen de video,7.961,4.55,3.95,0.61,200,13773,
oficina x245,panel en vivo,7.963,2.34,2.22,0.12,200,42,
oficina x245,eventos recientes,7.966,3.73,3.02,0.71,200,14691,
oficina x245,resumen de video,7.968,4.58,3.6,0.98,200,13773,
oficina x245,estado del sistema,7.968,4.3,3.76,0.54,200,318,
oficina x245,abrir ficha,7.969,3.77,2.74,1.03,200,1045,
oficina x245,panel en vivo,7.974,2.45,1.85,0.59,200,42,
oficina x245,panel en vivo,7.978,2.43,1.87,0.57,200,42,
oficina x245,panel en vivo,7.98,3.77,1.94,1.83,200,42,
oficina x245,panel en vivo,7.983,8.54,6.51,2.03,200,42,
oficina x245,resumen de video,7.983,7.58,5.29,2.28,200,13773,
oficina x245,panel en vivo,7.985,6.64,6.24,0.4,200,42,
oficina x245,eventos recientes,7.985,7.17,6.63,0.54,200,14691,
oficina x245,panel en vivo,7.989,4.84,2.5,2.34,200,42,
oficina x245,eventos recientes,7.99,4.08,2.94,1.13,200,14691,
oficina x245,eventos recientes,7.998,2.61,2.29,0.32,200,14691,
oficina x245,panel en vivo,8.002,2.94,1.88,1.06,200,42,
oficina x245,panel en vivo,8.004,5.29,4.3,0.99,200,42,
oficina x245,resumen de video,8.004,5.46,4.65,0.81,200,13773,
oficina x245,estado del sistema,8.006,3.6,2.72,0.88,200,318,
oficina x245,resumen de video,8.009,7.67,7.45,0.22,200,13773,
oficina x245,panel en vivo,8.01,2.29,2.24,0.05,200,42,
oficina x245,resumen de video,8.014,4.23,3.58,0.65,200,13773,
oficina x245,eventos recientes,8.022,3.71,2.58,1.13,200,14691,
oficina x245,estado del sistema,8.026,3.2,2.66,0.54,200,318,
oficina x245,panel en vivo,8.026,3.01,2.51,0.5,200,42,
oficina x245,panel en vivo,8.027,3.44,3.02,0.42,200,42,
oficina x245,panel en vivo,8.027,3.98,3.09,0.89,200,42,
oficina x245,panel en vivo,8.031,6.92,6.68,0.25,200,42,
oficina x245,eventos recientes,8.032,8.15,7.49,0.66,200,14691,
oficina x245,resumen de video,8.043,4.82,3.72,1.1,200,13773,
oficina x245,panel en vivo,8.045,2.82,2.52,0.3,200,42,
oficina x245,panel en vivo,8.048,3.28,2.45,0.84,200,42,
oficina x245,panel en vivo,8.048,5.71,1.97,3.74,200,42,
oficina x245,resumen de video,8.049,5.29,4.61,0.67,200,13773,
oficina x245,panel en vivo,8.05,4.77,4.68,0.09,200,42,
oficina x245,eventos recientes,8.057,6.59,6.43,0.16,200,14691,
oficina x245,estado del sistema,8.058,4.32,4.13,0.18,200,318,
oficina x245,panel en vivo,8.06,2.8,2.03,0.77,200,42,
oficina x245,panel en vivo,8.061,2.99,2.13,0.86,200,42,
oficina x245,eventos recientes,8.063,3.35,3.04,0.31,200,14691,
oficina x245,panel en vivo,8.063,3.04,2.36,0.68,200,42,
oficina x245,panel en vivo,8.066,2.67,2.09,0.58,200,42,
oficina x245,panel en vivo,8.068,2.86,2.39,0.47,200,42,
oficina x245,eventos recientes,8.07,6.65,5.85,0.8,200,14691,
oficina x245,resumen de video,8.07,17.25,16.35,0.9,200,13773,
oficina x245,resumen de video,8.072,17.19,17.09,0.1,200,13773,
oficina x245,resumen de video,8.075,35.41,33.52,1.9,200,13773,
oficina x245,panel en vivo,8.077,15.31,14.34,0.98,200,42,
oficina x245,resumen de video,8.081,20.44,20.08,0.36,200,13773,
oficina x245,resumen de video,8.084,12.91,12.27,0.63,200,13773,
oficina x245,eventos recientes,8.087,12.24,11.77,0.48,200,14691,
oficina x245,eventos recientes,8.087,11.52,6.75,4.77,200,14691,
oficina x245,panel en vivo,8.088,11.96,9.5,2.46,200,42,
oficina x245,resumen de video,8.089,30.81,27.81,3.0,200,13773,
oficina x245,resumen de video,8.089,14.69,13.79,0.9,200,13773,
oficina x245,panel en vivo,8.089,7.81,6.96,0.85,200,42,
oficina x245,eventos recientes,8.098,4.76,4.33,0.44,200,14691,
oficina x245,panel en vivo,8.101,10.51,9.11,1.4,200,42,
oficina x245,panel en vivo,8.101,4.68,4.19,0.5,200,42,
oficina x245,panel en vivo,8.102,8.08,7.03,1.04,200,42,
oficina x245,resumen de video,8.102,12.29,11.4,0.89,200,13773,
oficina x245,panel en vivo,8.103,5.42,4.35,1.08,200,42,
oficina x245,panel en vivo,8.103,5.55,4.85,0.7,200,42,
oficina x245,eventos recientes,8.104,13.46,12.78,0.68,200,14691,
oficina x245,eventos recientes,8.105,11.29,11.01,0.28,200,14691,
oficina x245,panel en vivo,8.111,7.83,7.21,0.63,200,42,
oficina x245,panel en vivo,8.117,3.84,1.9,1.94,200,42,
oficina x245,resumen de video,8.121,4.18,3.66,0.52,200,13773,
oficina x245,panel en vivo,8.125,2.02,1.79,0.23,200,42,
oficina x245,panel en vivo,8.127,4.04,1.96,2.08,200,42,
oficina x245,resumen de video,8.131,4.15,3.37,0.78,200,13773,
oficina x245,panel en vivo,8.134,3.5,2.1,1.4,200,42,
oficina x245,eventos recientes,8.141,2.59,2.4,0.2,200,14691,
oficina x245,panel en vivo,8.141,2.91,1.89,1.03,200,42,
oficina x245,panel en vivo,8.142,2.94,1.93,1.0,200,42,
oficina x245,eventos recientes,8.143,3.76,2.72,1.04,200,14691,
oficina x245,panel en vivo,8.146,2.35,1.85,0.5,200,42,
oficina x245,eventos recientes,8.151,4.67,4.08,0.59,200,14691,
oficina x245,resumen de video,8.151,4.71,4.11,0.6,200,13773,
oficina x245,panel en vivo,8.155,4.18,2.1,2.08,200,42,
oficina x245,panel en vivo,8.157,1.98,1.84,0.13,200,42,
oficina x245,panel en vivo,8.158,4.19,3.29,0.9,200,42,
oficina x245,estado del sistema,8.158,4.2,3.36,0.84,200,318,
oficina x245,eventos recientes,8.16,8.77,7.94,0.83,200,14691,
oficina x245,eventos recientes,8.161,8.48,7.69,0.79,200,14691,
oficina x245,resumen de video,8.167,3.75,3.55,0.21,200,13773,
oficina x245,estado del sistema,8.169,2.77,1.87,0.89,200,318,
oficina x245,eventos recientes,8.169,3.23,2.31,0.92,200,14691,
oficina x245,panel en vivo,8.174,4.95,4.56,0.39,200,42,
oficina x245,resumen de video,8.175,4.01,3.61,0.39,200,13773,
oficina x245,panel en vivo,8.178,4.1,3.51,0.59,200,42,
oficina x245,eventos recientes,8.181,3.9,2.75,1.15,200,14691,
oficina x245,eventos recientes,8.186,8.1,6.96,1.14,200,14691,
oficina x245,eventos recientes,8.186,7.98,6.45,1.53,200,14691,
oficina x245,eventos recientes,8.189,7.88,6.83,1.05,200,14691,
oficina x245,panel en vivo,8.193,2.77,1.98,0.79,200,42,
oficina x245,panel en vivo,8.197,3.97,2.37,1.59,200,42,
oficina x245,resumen de video,8.2,4.14,3.99,0.15,200,13773,
oficina x245,eventos recientes,8.204,3.32,2.81,0.51,200,14691,
oficina x245,panel en vivo,8.206,6.95,6.31,0.65,200,42,
oficina x245,panel en vivo,8.206,7.29,6.11,1.17,200,42,
oficina x245,panel en vivo,8.207,3.25,2.52,0.74,200,42,
oficina x245,eventos recientes,8.207,10.35,9.82,0.53,200,14691,
oficina x245,panel en vivo,8.21,9.95,3.43,6.52,200,42,
oficina x245,eventos recientes,8.213,3.11,2.87,0.24,200,14691,
oficina x245,panel en vivo,8.216,3.08,2.65,0.43,200,42,
oficina x245,resumen de video,8.217,7.42,5.8,1.62,200,13773,
oficina x245,panel en vivo,8.22,6.1,4.92,1.18,200,42,
oficina x245,panel en vivo,8.22,3.29,2.92,0.36,200,42,
oficina x245,estado del sistema,8.221,6.1,5.05,1.05,200,318,
oficina x245,eventos recientes,8.222,3.63,3.2,0.43,200,14691,
oficina x245,panel en vivo,8.223,3.27,2.86,0.41,200,42,
oficina x245,panel en vivo,8.226,8.14,7.08,1.07,200,42,
oficina x245,resumen de video,8.227,5.67,4.26,1.41,200,13773,
oficina x245,eventos recientes,8.228,4.72,4.55,0.17,200,14691,
oficina x245,resumen de video,8.231,4.31,3.66,0.65,200,13773,
oficina x245,eventos recientes,8.235,3.29,2.49,0.79,200,14691,
oficina x245,eventos recientes,8.238,3.08,2.58,0.49,200,14691,
oficina x245,eventos recientes,8.245,2.6,2.43,0.17,200,14691,
oficina x245,resumen de video,8.255,3.9,3.69,0.21,200,13773,
oficina x245,panel en vivo,8.257,7.67,6.7,0.97,200,42,
oficina x245,panel en vivo,8.263,5.38,4.47,0.91,200,42,
oficina x245,panel en vivo,8.27,8.4,7.95,0.45,200,42,
oficina x245,resumen de video,8.271,4.48,3.7,0.78,200,13773,
oficina x245,panel en vivo,8.271,8.17,2.0,6.17,200,42,
oficina x245,panel en vivo,8.275,5.1,3.81,1.29,200,42,
oficina x245,resumen de video,8.279,4.85,3.83,1.03,200,13773,
oficina x245,panel en vivo,8.281,5.32,4.24,1.07,200,42,
oficina x245,panel en vivo,8.281,3.84,3.37,0.46,200,42,
oficina x245,eventos recientes,8.282,3.98,3.56,0.42,200,14691,
oficina x245,panel en vivo,8.283,3.21,2.03,1.18,200,42,
oficina x245,eventos recientes,8.285,4.34,3.03,1.31,200,14691,
oficina x245,panel en vivo,8.285,5.18,3.67,1.51,200,42,
oficina x245,eventos recientes,8.288,2.48,2.35,0.13,200,14691,
oficina x245,estado del sistema,8.289,2.78,2.47,0.31,200,318,
oficina x245,panel en vivo,8.29,2.27,2.11,0.17,200,42,
oficina x245,resumen de video,8.296,4.75,4.4,0.35,200,13773,
oficina x245,panel en vivo,8.296,4.57,3.54,1.03,200,42,
oficina x245,panel en vivo,8.298,2.35,2.31,0.04,200,42,
oficina x245,eventos recientes,8.301,3.18,2.31,0.87,200,14691,
oficina x245,eventos recientes,8.306,3.88,3.42,0.46,200,14691,
oficina x245,panel en vivo,8.306,4.57,3.88,0.69,200,42,
oficina x245,panel en vivo,8.309,2.89,1.97,0.93,200,42,
oficina x245,eventos recientes,8.309,4.73,3.17,1.57,200,14691,
oficina x245,eventos recientes,8.311,4.03,3.48,0.54,200,14691,
oficina x245,panel en vivo,8.313,7.35,6.93,0.43,200,42,
oficina x245,panel en vivo,8.314,8.12,7.49,0.62,200,42,
oficina x245,panel en vivo,8.317,6.74,3.17,3.57,200,42,
oficina x245,estado del sistema,8.317,6.92,3.38,3.53,200,318,
oficina x245,panel en vivo,8.319,3.86,3.08,0.78,200,42,
oficina x245,panel en vivo,8.319,9.14,7.41,1.73,200,42,
oficina x245,resumen de video,8.323,9.95,5.36,4.59,200,13773,
oficina x245,panel en vivo,8.324,5.89,5.21,0.68,200,42,
oficina x245,panel en vivo,8.325,5.07,4.89,0.17,200,42,
oficina x245,panel en vivo,8.327,5.77,3.78,1.99,200,42,
oficina x245,panel en vivo,8.328,4.72,3.95,0.77,200,42,
oficina x245,eventos recientes,8.333,2.98,2.5,0.48,200,14691,
oficina x245,panel en vivo,8.334,4.04,3.57,0.46,200,42,
oficina x245,panel en vivo,8.335,3.78,3.28,0.5,200,42,
oficina x245,panel en vivo,8.335,5.04,3.92,1.11,200,42,
oficina x245,panel en vivo,8.337,5.05,3.9,1.15,200,42,
oficina x245,panel en vivo,8.339,7.3,5.31,1.99,200,42,
oficina x245,eventos recientes,8.339,5.4,3.02,2.38,200,14691,
oficina x245,resumen de video,8.342,4.9,4.01,0.89,200,13773,
oficina x245,panel en vivo,8.347,2.69,1.9,0.8,200,42,
oficina x245,eventos recientes,8.348,9.31,4.98,4.33,200,14691,
oficina x245,eventos recientes,8.349,2.61,2.14,0.47,200,14691,
oficina x245,resumen de video,8.351,6.62,5.02,1.6,200,13773,
oficina x245,estado del sistema,8.358,9.1,3.2,5.9,200,318,
oficina x245,panel en vivo,8.358,7.94,7.66,0.28,200,42,
oficina x245,panel en vivo,8.359,9.65,9.63,0.02,200,42,
oficina x245,resumen de video,8.36,12.14,6.2,5.94,200,13773,
oficina x245,panel en vivo,8.363,4.2,2.91,1.29,200,42,
oficina x245,eventos recientes,8.367,5.69,4.41,1.28,200,14691,
oficina x245,eventos recientes,8.372,3.54,3.05,0.49,200,14691,
oficina x245,estado del sistema,8.374,2.71,1.92,0.79,200,318,
oficina x245,eventos recientes,8.38,7.06,2.96,4.1,200,14691,
oficina x245,estado del sistema,8.389,3.42,2.51,0.91,200,318,
oficina x245,eventos recientes,8.392,2.78,2.38,0.4,200,14691,
oficina x245,eventos recientes,8.4,7.73,5.9,1.84,200,14691,
oficina x245,eventos recientes,8.402,5.28,5.12,0.16,200,14691,
oficina x245,panel en vivo,8.402,6.83,6.04,0.79,200,42,
oficina x245,panel en vivo,8.402,6.51,5.38,1.13,200,42,
oficina x245,panel en vivo,8.407,2.55,2.31,0.24,200,42,
oficina x245,resumen de video,8.412,4.06,3.75,0.31,200,13773,
oficina x245,panel en vivo,8.415,4.49,3.79,0.7,200,42,
oficina x245,eventos recientes,8.416,2.99,2.85,0.14,200,14691,
oficina x245,panel en vivo,8.42,3.86,2.7,1.16,200,42,
oficina x245,panel en vivo,8.42,4.36,4.13,0.22,200,42,
oficina x245,panel en vivo,8.422,2.95,2.64,0.31,200,42,
oficina x245,panel en vivo,8.423,2.93,2.1,0.83,200,42,
oficina x245,panel en vivo,8.43,2.76,2.22,0.54,200,42,
oficina x245,resumen de video,8.43,6.63,5.67,0.97,200,13773,
oficina x245,panel en vivo,8.433,11.58,10.69,0.88,200,42,
oficina x245,resumen de video,8.435,12.03,11.97,0.06,200,13773,
oficina x245,eventos recientes,8.435,8.79,8.06,0.73,200,14691,
oficina x245,panel en vivo,8.435,8.96,8.04,0.93,200,42,
oficina x245,panel en vivo,8.436,8.86,8.14,0.73,200,42,
oficina x245,eventos recientes,8.439,7.91,6.84,1.07,200,14691,
oficina x245,eventos recientes,8.446,3.3,3.03,0.27,200,14691,
oficina x245,panel en vivo,8.454,10.77,8.68,2.1,200,42,
oficina x245,panel en vivo,8.454,10.88,8.31,2.57,200,42,
oficina x245,estado del sistema,8.454,10.64,9.87,0.77,200,318,
oficina x245,eventos recientes,8.456,13.47,11.8,1.66,200,14691,
oficina x245,resumen de video,8.458,11.83,11.23,0.6,200,13773,
oficina x245,resumen de video,8.469,8.81,7.74,1.06,200,13773,
oficina x245,panel en vivo,8.469,11.58,10.4,1.18,200,42,
oficina x245,metricas documentos,8.471,12.99,10.48,2.51,200,2650,
oficina x245,quien es quien,8.473,9.07,5.1,3.96,200,3475,
oficina x245,panel en vivo,8.474,7.27,2.19,5.09,200,42,
oficina x245,panel en vivo,8.474,8.98,8.85,0.13,200,42,
oficina x245,resumen de video,8.484,12.94,8.98,3.96,200,13773,
oficina x245,panel en vivo,8.486,5.14,2.38,2.76,200,42,
oficina x245,panel en vivo,8.496,3.71,2.47,1.24,200,42,
oficina x245,resumen de video,8.5,4.76,4.09,0.67,200,13773,
oficina x245,panel en vivo,8.503,3.81,2.2,1.61,200,42,
oficina x245,panel en vivo,8.506,2.3,1.89,0.41,200,42,
oficina x245,resumen de video,8.51,20.06,14.26,5.8,200,13773,
oficina x245,contactos recientes,8.51,8.45,7.86,0.58,200,1557,
oficina x245,resumen de video,8.514,11.28,8.53,2.75,200,13773,
oficina x245,panel en vivo,8.517,3.38,2.42,0.96,200,42,
oficina x245,resumen de video,8.518,9.43,8.3,1.13,200,13773,
oficina x245,panel en vivo,8.525,5.99,5.81,0.19,200,42,
oficina x245,estado del sistema,8.528,2.99,2.73,0.26,200,318,
oficina x245,panel en vivo,8.532,3.85,2.32,1.53,200,42,
oficina x245,estado del sistema,8.532,2.79,1.93,0.86,200,318,
oficina x245,resumen de video,8.535,4.49,3.74,0.75,200,13773,
oficina x245,eventos recientes,8.538,3.63,2.82,0.81,200,14691,
oficina x245,panel en vivo,8.539,5.84,4.74,1.09,200,42,
oficina x245,eventos recientes,8.548,4.63,3.75,0.89,200,14691,
oficina x245,resumen de video,8.549,6.33,5.43,0.91,200,13773,
oficina x245,panel en vivo,8.549,9.95,8.78,1.18,200,42,
oficina x245,estado del sistema,8.551,5.44,3.99,1.45,200,318,
oficina x245,panel en vivo,8.553,4.88,4.33,0.55,200,42,
oficina x245,estado del sistema,8.553,4.45,2.0,2.45,200,318,
oficina x245,panel en vivo,8.559,2.65,2.44,0.22,200,42,
oficina x245,panel en vivo,8.563,5.75,5.0,0.75,200,42,
oficina x245,resumen de video,8.568,16.33,15.16,1.18,200,13773,
oficina x245,panel en vivo,8.57,7.91,7.29,0.61,200,42,
oficina x245,panel en vivo,8.57,8.9,7.9,1.0,200,42,
oficina x245,estado del sistema,8.574,8.82,7.97,0.86,200,318,
oficina x245,estado del sistema,8.575,8.54,7.4,1.14,200,318,
oficina x245,panel en vivo,8.578,31.91,26.17,5.73,200,42,
oficina x245,eventos recientes,8.58,32.91,28.66,4.25,200,14691,
oficina x245,eventos recientes,8.581,34.53,29.58,4.95,200,14691,
oficina x245,eventos recientes,8.581,38.51,33.28,5.23,200,14691,
oficina x245,eventos recientes,8.581,14.69,13.65,1.03,200,14691,
oficina x245,panel en vivo,8.585,12.83,9.69,3.14,200,42,
oficina x245,panel en vivo,8.592,13.3,9.57,3.72,200,42,
oficina x245,eventos recientes,8.594,13.13,10.59,2.54,200,14691,
oficina x245,eventos recientes,8.597,13.17,11.42,1.75,200,14691,
oficina x245,panel en vivo,8.597,12.99,11.02,1.98,200,42,
oficina x245,resumen de video,8.601,17.97,16.91,1.06,200,13773,
oficina x245,panel en vivo,8.601,12.27,11.18,1.09,200,42,
oficina x245,resumen de video,8.605,15.48,13.96,1.52,200,13773,
oficina x245,panel en vivo,8.608,5.23,3.67,1.56,200,42,
oficina x245,estado del sistema,8.609,5.76,4.5,1.26,200,318,
oficina x245,estado del sistema,8.611,5.43,4.81,0.62,200,318,
oficina x245,resumen de video,8.612,7.54,6.15,1.39,200,13773,
oficina x245,panel en vivo,8.613,8.31,7.13,1.18,200,42,
oficina x245,estado del sistema,8.614,10.54,5.26,5.28,200,318,
oficina x245,eventos recientes,8.614,8.12,4.05,4.07,200,14691,
oficina x245,buscar contacto,8.621,15.88,15.31,0.57,200,3096,
oficina x245,panel en vivo,8.625,12.15,6.22,5.93,200,42,
oficina x245,eventos recientes,8.626,2.73,2.49,0.24,200,14691,
oficina x245,eventos recientes,8.626,15.31,9.79,5.53,200,14691,
oficina x245,panel en vivo,8.627,6.12,5.34,0.78,200,42,
oficina x245,eventos recientes,8.627,16.13,10.75,5.38,200,14691,
oficina x245,estado del sistema,8.627,13.32,7.58,5.73,200,318,
oficina x245,resumen de video,8.628,4.12,3.61,0.5,200,13773,
oficina x245,panel en vivo,8.631,2.81,1.99,0.83,200,42,
oficina x245,estado del sistema,8.632,6.74,4.96,1.77,200,318,
oficina x245,panel en vivo,8.638,2.76,2.53,0.23,200,42,
oficina x245,eventos recientes,8.639,10.56,9.46,1.1,200,14691,
oficina x245,eventos recientes,8.641,8.45,7.68,0.78,200,14691,
oficina x245,estado del sistema,8.644,3.21,2.19,1.01,200,318,
oficina x245,panel en vivo,8.647,2.6,2.15,0.45,200,42,
oficina x245,panel en vivo,8.647,4.5,2.91,1.59,200,42,
oficina x245,estado del sistema,8.652,5.67,5.45,0.22,200,318,
oficina x245,eventos recientes,8.652,5.69,5.15,0.54,200,14691,
oficina x245,estado del sistema,8.654,6.1,3.79,2.31,200,318,
oficina x245,panel en vivo,8.655,5.51,3.2,2.31,200,42,
oficina x245,panel en vivo,8.662,3.08,2.09,0.99,200,42,
oficina x245,panel en vivo,8.665,3.74,2.79,0.95,200,42,
oficina x245,resumen de video,8.666,4.48,4.34,0.13,200,13773,
oficina x245,panel en vivo,8.667,4.44,3.39,1.05,200,42,
oficina x245,eventos recientes,8.672,2.43,2.26,0.17,200,14691,
oficina x245,panel en vivo,8.677,2.28,1.93,0.35,200,42,
oficina x245,eventos recientes,8.679,5.0,4.39,0.61,200,14691,
oficina x245,resumen de video,8.681,8.24,7.43,0.81,200,13773,
oficina x245,resumen de video,8.683,4.63,3.81,0.82,200,13773,
oficina x245,eventos recientes,8.683,7.32,2.48,4.83,200,14691,
oficina x245,panel en vivo,8.689,3.16,2.19,0.97,200,42,
oficina x245,panel en vivo,8.692,2.1,1.88,0.22,200,42,
oficina x245,panel en vivo,8.694,2.54,2.27,0.26,200,42,
oficina x245,estado del sistema,8.695,2.58,2.39,0.19,200,318,
oficina x245,eventos recientes,8.702,2.56,2.33,0.23,200,14691,
oficina x245,panel en vivo,8.706,3.48,3.31,0.17,200,42,
oficina x245,panel en vivo,8.706,3.03,2.42,0.61,200,42,
oficina x245,eventos recientes,8.708,3.33,2.75,0.58,200,14691,
oficina x245,buscar contacto,8.71,4.55,3.42,1.13,200,841,
oficina x245,resumen de video,8.717,7.62,6.52,1.1,200,13773,
oficina x245,eventos recientes,8.717,7.07,6.05,1.02,200,14691,
oficina x245,panel en vivo,8.718,6.34,6.05,0.29,200,42,
oficina x245,eventos recientes,8.719,4.97,4.69,0.28,200,14691,
oficina x245,eventos recientes,8.721,4.25,3.5,0.75,200,14691,
oficina x245,panel en vivo,8.725,2.01,1.83,0.19,200,42,
oficina x245,eventos recientes,8.727,2.8,2.45,0.35,200,14691,
oficina x245,resumen de video,8.728,4.32,3.9,0.42,200,13773,
oficina x245,panel en vivo,8.73,3.5,2.1,1.4,200,42,
oficina x245,resumen de video,8.736,4.61,3.53,1.08,200,13773,
oficina x245,panel en vivo,8.74,9.14,8.43,0.72,200,42,
oficina x245,panel en vivo,8.741,8.38,7.49,0.89,200,42,
oficina x245,eventos recientes,8.749,3.84,2.54,1.3,200,14691,
oficina x245,resumen de video,8.753,7.87,6.7,1.16,200,13773,
oficina x245,panel en vivo,8.754,3.9,2.92,0.99,200,42,
oficina x245,eventos recientes,8.758,6.56,4.86,1.7,200,14691,
oficina x245,panel en vivo,8.758,5.5,2.87,2.62,200,42,
oficina x245,panel en vivo,8.759,4.3,2.67,1.63,200,42,
oficina x245,eventos recientes,8.762,3.04,2.45,0.59,200,14691,
oficina x245,panel en vivo,8.763,2.43,1.91,0.52,200,42,
oficina x245,eventos recientes,8.763,4.12,2.96,1.15,200,14691,
oficina x245,estado del sistema,8.766,2.89,2.11,0.78,200,318,
oficina x245,eventos recientes,8.766,7.85,2.32,5.53,200,14691,
oficina x245,panel en vivo,8.769,3.71,3.62,0.09,200,42,
oficina x245,estado del sistema,8.783,4.08,3.21,0.87,200,318,
oficina x245,estado del sistema,8.783,4.19,3.18,1.02,200,318,
oficina x245,resumen de video,8.79,6.2,4.44,1.76,200,13773,
oficina x245,resumen de video,8.799,6.43,5.63,0.8,200,13773,
oficina x245,resumen de video,8.8,5.26,4.46,0.79,200,13773,
oficina x245,eventos recientes,8.808,2.96,2.72,0.24,200,14691,
oficina x245,eventos recientes,8.811,9.51,4.9,4.61,200,14691,
oficina x245,resumen de video,8.813,3.78,3.56,0.22,200,13773,
oficina x245,panel en vivo,8.815,6.48,4.55,1.92,200,42,
oficina x245,eventos recientes,8.817,3.76,3.08,0.68,200,14691,
oficina x245,eventos recientes,8.826,8.65,8.1,0.55,200,14691,
oficina x245,eventos recientes,8.83,5.27,4.44,0.83,200,14691,
oficina x245,eventos recientes,8.831,3.83,3.58,0.26,200,14691,
oficina x245,panel en vivo,8.834,2.77,2.3,0.47,200,42,
oficina x245,eventos recientes,8.835,4.89,4.55,0.34,200,14691,
oficina x245,eventos recientes,8.836,4.56,4.2,0.37,200,14691,
oficina x245,eventos recientes,8.837,4.22,3.15,1.06,200,14691,
oficina x245,estado del sistema,8.844,3.44,3.0,0.44,200,318,
oficina x245,panel en vivo,8.845,2.29,2.14,0.15,200,42,
oficina x245,panel en vivo,8.846,3.39,2.06,1.33,200,42,
oficina x245,panel en vivo,8.851,2.85,2.4,0.45,200,42,
oficina x245,eventos recientes,8.856,3.76,2.62,1.13,200,14691,
oficina x245,panel en vivo,8.864,2.68,2.12,0.56,200,42,
oficina x245,eventos recientes,8.869,2.49,2.29,0.2,200,14691,
oficina x245,panel en vivo,8.87,2.89,2.34,0.55,200,42,
oficina x245,panel en vivo,8.871,4.47,3.95,0.52,200,42,
oficina x245,resumen de video,8.873,6.98,5.81,1.16,200,13773,
oficina x245,panel en vivo,8.876,3.22,2.18,1.04,200,42,
oficina x245,eventos recientes,8.878,3.99,3.45,0.54,200,14691,
oficina x245,panel en vivo,8.878,4.28,2.65,1.63,200,42,
oficina x245,panel en vivo,8.879,3.74,2.68,1.06,200,42,
oficina x245,eventos recientes,8.883,3.0,2.61,0.39,200,14691,
oficina x245,panel en vivo,8.887,6.89,2.32,4.57,200,42,
oficina x245,panel en vivo,8.897,3.17,2.62,0.55,200,42,
oficina x245,estado del sistema,8.902,4.49,2.38,2.11,200,318,
oficina x245,panel en vivo,8.905,3.76,3.43,0.33,200,42,
oficina x245,eventos recientes,8.915,5.81,4.98,0.83,200,14691,
oficina x245,panel en vivo,8.922,5.26,4.43,0.83,200,42,
oficina x245,eventos recientes,8.922,4.74,4.33,0.41,200,14691,
oficina x245,panel en vivo,8.923,3.61,3.22,0.4,200,42,
oficina x245,resumen de video,8.924,5.97,4.91,1.06,200,13773,
oficina x245,panel en vivo,8.926,3.22,2.43,0.79,200,42,
oficina x245,panel en vivo,8.938,2.79,2.33,0.46,200,42,
oficina x245,panel en vivo,8.94,9.22,5.03,4.19,200,42,
oficina x245,panel en vivo,8.942,3.42,2.75,0.67,200,42,
oficina x245,panel en vivo,8.947,4.38,4.06,0.32,200,42,
oficina x245,panel en vivo,8.947,5.46,4.89,0.57,200,42,
oficina x245,eventos recientes,8.948,3.74,3.04,0.7,200,14691,
oficina x245,panel en vivo,8.949,8.83,8.16,0.68,200,42,
oficina x245,panel en vivo,8.954,4.83,2.76,2.07,200,42,
oficina x245,panel en vivo,8.957,8.72,5.99,2.73,200,42,
oficina x245,panel en vivo,8.957,8.73,5.68,3.05,200,42,
oficina x245,eventos recientes,8.962,6.74,5.29,1.45,200,14691,
oficina x245,eventos recientes,8.963,4.08,3.73,0.35,200,14691,
oficina x245,panel en vivo,8.965,3.16,2.36,0.8,200,42,
oficina x245,panel en vivo,8.969,2.63,1.97,0.66,200,42,
oficina x245,eventos recientes,8.971,3.21,2.48,0.72,200,14691,
oficina x245,resumen de video,8.976,9.0,7.96,1.04,200,13773,
oficina x245,panel en vivo,8.977,2.89,2.7,0.18,200,42,
oficina x245,panel en vivo,8.978,11.55,10.86,0.69,200,42,
oficina x245,panel en vivo,8.979,11.02,10.48,0.53,200,42,
oficina x245,panel en vivo,8.98,11.65,11.24,0.41,200,42,
oficina x245,eventos recientes,8.981,11.88,10.98,0.9,200,14691,
oficina x245,panel en vivo,8.982,11.82,11.69,0.13,200,42,
oficina x245,eventos recientes,8.984,14.29,9.3,4.98,200,14691,
oficina x245,estado del sistema,8.984,14.0,12.07,1.93,200,318,
oficina x245,panel en vivo,8.985,12.33,10.79,1.54,200,42,
oficina x245,panel en vivo,8.988,11.12,9.98,1.15,200,42,
oficina x245,eventos recientes,8.992,8.16,7.45,0.71,200,14691,
oficina x245,eventos recientes,8.994,6.36,5.97,0.38,200,14691,
oficina x245,panel en vivo,8.994,4.93,4.6,0.33,200,42,
oficina x245,panel en vivo,9.0,3.03,2.04,1.0,200,42,
oficina x245,estado del sistema,9.004,3.53,2.53,1.0,200,318,
oficina x245,eventos recientes,9.006,4.57,3.98,0.59,200,14691,
oficina x245,panel en vivo,9.007,4.34,3.18,1.15,200,42,
oficina x245,panel en vivo,9.012,9.74,7.78,1.95,200,42,
oficina x245,resumen de video,9.013,10.46,9.2,1.27,200,13773,
oficina x245,eventos recientes,9.014,3.61,3.04,0.57,200,14691,
oficina x245,estado del sistema,9.017,11.84,11.02,0.82,200,318,
oficina x245,panel en vivo,9.018,10.78,10.32,0.46,200,42,
oficina x245,resumen de video,9.022,8.7,8.67,0.03,200,13773,
oficina x245,panel en vivo,9.029,3.4,2.35,1.04,200,42,
oficina x245,eventos recientes,9.031,10.63,9.34,1.29,200,14691,
oficina x245,eventos recientes,9.036,7.51,6.38,1.13,200,14691,
oficina x245,panel en vivo,9.04,5.21,4.06,1.16,200,42,
oficina x245,panel en vivo,9.041,7.06,6.11,0.95,200,42,
oficina x245,panel en vivo,9.043,6.56,6.29,0.27,200,42,
oficina x245,eventos recientes,9.045,5.64,5.57,0.07,200,14691,
oficina x245,panel en vivo,9.045,4.11,3.87,0.24,200,42,
oficina x245,resumen de video,9.049,4.89,4.59,0.3,200,13773,
oficina x245,panel en vivo,9.054,5.03,3.96,1.07,200,42,
oficina x245,panel en vivo,9.054,4.61,3.5,1.1,200,42,
oficina x245,resumen de video,9.058,5.08,4.62,0.46,200,13773,
oficina x245,panel en vivo,9.058,4.95,4.12,0.83,200,42,
oficina x245,eventos recientes,9.063,6.86,6.44,0.42,200,14691,
oficina x245,panel en vivo,9.064,2.5,2.37,0.13,200,42,
oficina x245,panel en vivo,9.068,4.2,2.8,1.4,200,42,
oficina x245,panel en vivo,9.07,6.45,5.55,0.9,200,42,
oficina x245,eventos recientes,9.071,9.83,8.92,0.92,200,14691,
oficina x245,eventos recientes,9.073,4.84,4.75,0.08,200,14691,
oficina x245,eventos recientes,9.073,7.25,5.74,1.51,200,14691,
oficina x245,panel en vivo,9.076,5.16,4.38,0.78,200,42,
oficina x245,resumen de video,9.089,8.3,5.33,2.98,200,13773,
oficina x245,eventos recientes,9.09,4.26,2.95,1.31,200,14691,
oficina x245,eventos recientes,9.096,4.6,4.01,0.59,200,14691,
oficina x245,estado del sistema,9.096,4.39,3.7,0.69,200,318,
oficina x245,panel en vivo,9.102,2.43,2.18,0.25,200,42,
oficina x245,eventos recientes,9.11,16.42,15.37,1.05,200,14691,
oficina x245,resumen de video,9.111,6.2,5.68,0.52,200,13773,
oficina x245,estado del sistema,9.113,11.43,11.06,0.36,200,318,
oficina x245,panel en vivo,9.117,3.02,2.61,0.4,200,42,
oficina x245,resumen de video,9.123,4.58,3.97,0.6,200,13773,
oficina x245,panel en vivo,9.129,2.99,2.42,0.58,200,42,
oficina x245,resumen de video,9.134,5.57,4.97,0.6,200,13773,
oficina x245,panel en vivo,9.136,3.93,3.47,0.46,200,42,
oficina x245,resumen de video,9.139,11.77,10.5,1.28,200,13773,
oficina x245,panel en vivo,9.141,3.09,2.72,0.37,200,42,
oficina x245,panel en vivo,9.145,3.07,2.44,0.62,200,42,
oficina x245,estado del sistema,9.159,5.94,4.85,1.09,200,318,
oficina x245,eventos recientes,9.162,3.91,3.61,0.31,200,14691,
oficina x245,panel en vivo,9.165,6.9,4.51,2.39,200,42,
oficina x245,panel en vivo,9.167,3.37,1.86,1.51,200,42,
oficina x245,panel en vivo,9.17,4.61,2.03,2.58,200,42,
oficina x245,panel en vivo,9.171,5.43,3.54,1.89,200,42,
oficina x245,eventos recientes,9.174,3.2,2.86,0.34,200,14691,
oficina x245,panel en vivo,9.18,2.75,1.8,0.95,200,42,
oficina x245,estado del sistema,9.182,3.46,2.62,0.84,200,318,
oficina x245,panel en vivo,9.186,2.74,2.06,0.69,200,42,
oficina x245,contactos recientes,9.188,4.33,3.46,0.87,200,1557,
oficina x245,panel en vivo,9.19,4.93,3.48,1.45,200,42,
oficina x245,panel en vivo,9.191,4.23,3.01,1.22,200,42,
oficina x245,eventos recientes,9.192,3.9,2.76,1.14,200,14691,
oficina x245,estado del sistema,9.196,5.62,4.79,0.82,200,318,
oficina x245,eventos recientes,9.196,4.34,3.84,0.5,200,14691,
oficina x245,panel en vivo,9.205,4.81,4.53,0.28,200,42,
oficina x245,panel en vivo,9.207,6.43,4.95,1.48,200,42,
oficina x245,eventos recientes,9.208,4.49,3.25,1.24,200,14691,
oficina x245,panel en vivo,9.214,16.8,14.82,1.99,200,42,
oficina x245,resumen de video,9.214,20.69,20.06,0.63,200,13773,
oficina x245,resumen de video,9.215,16.46,16.28,0.18,200,13773,
oficina x245,eventos recientes,9.219,14.01,12.99,1.01,200,14691,
oficina x245,panel en vivo,9.221,12.88,12.13,0.75,200,42,
oficina x245,panel en vivo,9.222,13.38,12.9,0.48,200,42,
oficina x245,panel en vivo,9.222,11.7,11.03,0.66,200,42,
oficina x245,resumen de video,9.233,7.18,7.15,0.02,200,13773,
oficina x245,panel en vivo,9.234,6.88,5.76,1.12,200,42,
oficina x245,resumen de video,9.235,5.41,5.03,0.38,200,13773,
oficina x245,resumen de video,9.238,4.38,3.99,0.39,200,13773,
oficina x245,estado del sistema,9.239,5.99,3.06,2.93,200,318,
oficina x245,eventos recientes,9.242,9.42,7.34,2.08,200,14691,
oficina x245,panel en vivo,9.242,6.93,3.82,3.1,200,42,
oficina x245,resumen de video,9.242,18.55,16.77,1.79,200,13773,
oficina x245,resumen de video,9.244,14.36,11.66,2.71,200,13773,
oficina x245,eventos recientes,9.25,10.91,10.12,0.79,200,14691,
oficina x245,panel en vivo,9.251,12.16,11.45,0.71,200,42,
oficina x245,panel en vivo,9.252,5.21,4.94,0.26,200,42,
oficina x245,resumen de video,9.254,8.41,5.13,3.27,200,13773,
oficina x245,panel en vivo,9.261,8.29,6.38,1.91,200,42,
oficina x245,eventos recientes,9.263,11.69,10.74,0.96,200,14691,
oficina x245,resumen de video,9.266,6.82,6.48,0.34,200,13773,
oficina x245,resumen de video,9.268,9.18,8.66,0.52,200,13773,
oficina x245,panel en vivo,9.269,5.62,5.49,0.13,200,42,
oficina x245,panel en vivo,9.271,7.93,6.27,1.65,200,42,
oficina x245,resumen de video,9.271,7.24,5.67,1.57,200,13773,
oficina x245,panel en vivo,9.272,4.33,3.84,0.48,200,42,
oficina x245,panel en vivo,9.276,4.44,3.88,0.56,200,42,
oficina x245,eventos recientes,9.276,2.38,2.28,0.1,200,14691,
oficina x245,resumen de video,9.281,4.66,3.71,0.95,200,13773,
oficina x245,eventos recientes,9.289,3.28,2.66,0.63,200,14691,
oficina x245,resumen de video,9.291,4.18,3.37,0.8,200,13773,
oficina x245,resumen de video,9.295,7.28,6.96,0.32,200,13773,
oficina x245,panel en vivo,9.297,15.02,12.4,2.62,200,42,
oficina x245,eventos recientes,9.298,14.11,12.26,1.84,200,14691,
oficina x245,eventos recientes,9.306,5.64,4.59,1.05,200,14691,
oficina x245,panel en vivo,9.307,9.58,8.33,1.25,200,42,
oficina x245,eventos recientes,9.31,7.94,6.28,1.66,200,14691,
oficina x245,estado del sistema,9.316,3.21,2.78,0.43,200,318,
oficina x245,eventos recientes,9.321,5.65,4.73,0.92,200,14691,
oficina x245,estado del sistema,9.322,7.59,6.04,1.55,200,318,
oficina x245,estado del sistema,9.323,5.28,2.51,2.78,200,318,
oficina x245,estado del sistema,9.323,6.28,5.22,1.06,200,318,
oficina x245,resumen de video,9.329,3.97,3.79,0.17,200,13773,
oficina x245,resumen de video,9.337,16.71,13.53,3.18,200,13773,
oficina x245,panel en vivo,9.338,7.47,6.64,0.83,200,42,
oficina x245,estado del sistema,9.343,9.64,9.47,0.17,200,318,
oficina x245,panel en vivo,9.344,9.1,8.56,0.54,200,42,
oficina x245,panel en vivo,9.344,7.45,6.82,0.63,200,42,
oficina x245,resumen de video,9.345,8.49,8.02,0.47,200,13773,
oficina x245,quien es quien,9.346,4.32,3.07,1.25,200,3475,
oficina x245,panel en vivo,9.368,2.89,2.3,0.59,200,42,
oficina x245,panel en vivo,9.372,6.07,5.88,0.19,200,42,
oficina x245,resumen de video,9.373,5.3,4.94,0.36,200,13773,
oficina x245,panel en vivo,9.379,6.41,5.48,0.93,200,42,
oficina x245,estado del sistema,9.379,3.56,3.02,0.54,200,318,
oficina x245,panel en vivo,9.381,7.54,6.34,1.21,200,42,
oficina x245,resumen de video,9.381,15.73,15.27,0.45,200,13773,
oficina x245,resumen de video,9.382,5.93,5.14,0.78,200,13773,
oficina x245,panel en vivo,9.384,6.37,5.45,0.92,200,42,
oficina x245,estado del sistema,9.385,12.14,11.55,0.6,200,318,
oficina x245,panel en vivo,9.388,9.99,8.59,1.39,200,42,
oficina x245,eventos recientes,9.388,24.25,22.56,1.69,200,14691,
oficina x245,eventos recientes,9.39,17.08,16.16,0.92,200,14691,
oficina x245,resumen de video,9.393,16.98,14.55,2.43,200,13773,
oficina x245,eventos recientes,9.397,16.22,15.7,0.52,200,14691,
oficina x245,panel en vivo,9.398,7.13,6.64,0.5,200,42,
oficina x245,resumen de video,9.401,22.12,21.68,0.45,200,13773,
oficina x245,panel en vivo,9.402,10.13,9.48,0.65,200,42,
oficina x245,panel en vivo,9.403,8.76,7.77,0.99,200,42,
oficina x245,resumen de video,9.404,12.65,9.73,2.92,200,13773,
oficina x245,panel en vivo,9.405,4.78,4.59,0.2,200,42,
oficina x245,panel en vivo,9.406,5.53,4.47,1.07,200,42,
oficina x245,estado del sistema,9.408,8.88,8.69,0.18,200,318,
oficina x245,panel en vivo,9.41,3.3,3.23,0.07,200,42,
oficina x245,eventos recientes,9.413,6.16,5.47,0.69,200,14691,
oficina x245,panel en vivo,9.414,3.44,2.94,0.5,200,42,
oficina x245,eventos recientes,9.417,5.47,4.83,0.64,200,14691,
oficina x245,panel en vivo,9.418,3.02,2.37,0.64,200,42,
oficina x245,panel en vivo,9.424,6.22,1.89,4.34,200,42,
oficina x245,panel en vivo,9.426,6.63,5.74,0.89,200,42,
oficina x245,panel en vivo,9.426,7.11,5.83,1.28,200,42,
oficina x245,panel en vivo,9.429,4.24,2.15,2.09,200,42,
oficina x245,panel en vivo,9.429,3.02,2.6,0.42,200,42,
oficina x245,panel en vivo,9.43,3.84,3.44,0.4,200,42,
oficina x245,eventos recientes,9.435,5.6,5.0,0.6,200,14691,
oficina x245,estado del sistema,9.435,6.71,2.45,4.25,200,318,
oficina x245,resumen de video,9.435,5.23,4.49,0.74,200,13773,
oficina x245,eventos recientes,9.444,4.04,3.15,0.89,200,14691,
oficina x245,resumen de video,9.444,6.66,5.93,0.73,200,13773,
oficina x245,panel en vivo,9.448,2.69,2.07,0.62,200,42,
oficina x245,panel en vivo,9.45,3.09,2.5,0.59,200,42,
oficina x245,panel en vivo,9.452,2.97,2.22,0.75,200,42,
oficina x245,panel en vivo,9.457,2.8,2.14,0.67,200,42,
oficina x245,panel en vivo,9.474,5.55,4.83,0.72,200,42,
oficina x245,eventos recientes,9.474,5.17,4.4,0.77,200,14691,
oficina x245,eventos recientes,9.478,6.54,4.53,2.0,200,14691,
oficina x245,eventos recientes,9.481,4.95,4.18,0.77,200,14691,
oficina x245,panel en vivo,9.484,4.12,3.41,0.72,200,42,
oficina x245,eventos recientes,9.484,5.19,4.15,1.04,200,14691,
oficina x245,resumen de video,9.487,6.66,5.21,1.44,200,13773,
oficina x245,eventos recientes,9.488,5.55,4.87,0.67,200,14691,
oficina x245,resumen de video,9.497,4.96,4.72,0.24,200,13773,
oficina x245,panel en vivo,9.499,9.96,9.18,0.78,200,42,
oficina x245,eventos recientes,9.5,12.46,12.16,0.31,200,14691,
oficina x245,resumen de video,9.501,14.49,13.36,1.13,200,13773,
oficina x245,resumen de video,9.503,18.04,16.98,1.07,200,13773,
oficina x245,panel en vivo,9.504,3.97,3.22,0.75,200,42,
oficina x245,resumen de video,9.505,12.8,12.1,0.7,200,13773,
oficina x245,panel en vivo,9.505,12.0,11.3,0.7,200,42,
oficina x245,resumen de video,9.507,22.41,21.53,0.87,200,13773,
oficina x245,panel en vivo,9.51,4.1,3.24,0.86,200,42,
oficina x245,panel en vivo,9.512,7.74,6.2,1.54,200,42,
oficina x245,eventos recientes,9.513,8.3,7.12,1.18,200,14691,
oficina x245,resumen de video,9.513,15.47,12.95,2.52,200,13773,
oficina x245,panel en vivo,9.515,4.57,4.48,0.09,200,42,
oficina x245,panel en vivo,9.517,4.7,4.06,0.64,200,42,
oficina x245,panel en vivo,9.52,3.75,2.82,0.92,200,42,
oficina x245,resumen de video,9.524,21.89,20.51,1.38,200,13773,
oficina x245,eventos recientes,9.524,9.05,7.96,1.08,200,14691,
oficina x245,resumen de video,9.526,10.61,10.44,0.17,200,13773,
oficina x245,panel en vivo,9.527,5.06,4.89,0.17,200,42,
oficina x245,panel en vivo,9.527,5.53,4.79,0.74,200,42,
oficina x245,eventos recientes,9.528,6.01,5.49,0.52,200,14691,
oficina x245,eventos recientes,9.534,14.67,14.3,0.37,200,14691,
oficina x245,panel en vivo,9.535,10.84,9.03,1.81,200,42,
oficina x245,panel en vivo,9.539,4.22,3.73,0.49,200,42,
oficina x245,eventos recientes,9.542,9.15,8.5,0.65,200,14691,
oficina x245,panel en vivo,9.542,11.25,9.05,2.2,200,42,
oficina x245,resumen de video,9.545,19.76,16.3,3.46,200,13773,
oficina x245,panel en vivo,9.546,7.01,6.83,0.18,200,42,
oficina x245,panel en vivo,9.546,18.46,17.91,0.55,200,42,
oficina x245,panel en vivo,9.546,15.7,15.24,0.46,200,42,
oficina x245,panel en vivo,9.547,16.17,15.87,0.3,200,42,
oficina x245,panel en vivo,9.549,14.83,11.48,3.35,200,42,
oficina x245,resumen de video,9.552,10.63,10.32,0.31,200,13773,
oficina x245,eventos recientes,9.558,6.26,5.88,0.38,200,14691,
oficina x245,eventos recientes,9.563,10.2,10.06,0.14,200,14691,
oficina x245,panel en vivo,9.565,8.82,8.14,0.68,200,42,
oficina x245,panel en vivo,9.565,9.73,9.16,0.57,200,42,
oficina x245,eventos recientes,9.567,11.32,10.39,0.93,200,14691,
oficina x245,estado del sistema,9.568,9.23,7.91,1.32,200,318,
oficina x245,panel en vivo,9.569,11.88,10.49,1.39,200,42,
oficina x245,resumen de video,9.572,8.13,7.39,0.74,200,13773,
oficina x245,resumen de video,9.573,10.23,7.84,2.39,200,13773,
oficina x245,eventos recientes,9.577,7.36,5.53,1.83,200,14691,
oficina x245,eventos recientes,9.58,7.62,5.84,1.79,200,14691,
oficina x245,panel en vivo,9.585,3.41,3.05,0.36,200,42,
oficina x245,eventos recientes,9.592,14.05,13.58,0.47,200,14691,
oficina x245,resumen de video,9.592,13.88,11.56,2.32,200,13773,
oficina x245,panel en vivo,9.594,6.05,4.19,1.86,200,42,
oficina x245,panel en vivo,9.598,11.18,10.11,1.07,200,42,
oficina x245,panel en vivo,9.598,8.4,7.79,0.61,200,42,
oficina x245,resumen de video,9.601,9.64,8.81,0.82,200,13773,
oficina x245,eventos recientes,9.603,6.45,5.83,0.62,200,14691,
oficina x245,resumen de video,9.604,7.03,6.24,0.79,200,13773,
oficina x245,resumen de video,9.607,14.29,12.03,2.26,200,13773,
oficina x245,eventos recientes,9.608,19.06,16.89,2.17,200,14691,
oficina x245,eventos recientes,9.61,11.51,10.92,0.59,200,14691,
oficina x245,panel en vivo,9.612,14.53,6.33,8.21,200,42,
oficina x245,eventos recientes,9.617,9.66,3.07,6.59,200,14691,
oficina x245,resumen de video,9.617,20.68,19.75,0.93,200,13773,
oficina x245,panel en vivo,9.624,7.67,5.53,2.14,200,42,
oficina x245,resumen de video,9.626,12.16,11.36,0.8,200,13773,
oficina x245,panel en vivo,9.628,5.0,3.92,1.08,200,42,
oficina x245,eventos recientes,9.629,8.49,7.69,0.8,200,14691,
oficina x245,eventos recientes,9.629,7.09,6.07,1.02,200,14691,
oficina x245,panel en vivo,9.64,5.19,4.8,0.39,200,42,
oficina x245,panel en vivo,9.641,6.44,5.78,0.66,200,42,
oficina x245,eventos recientes,9.641,6.54,5.97,0.58,200,14691,
oficina x245,panel en vivo,9.642,2.74,1.98,0.76,200,42,
oficina x245,eventos recientes,9.648,3.8,3.0,0.81,200,14691,
oficina x245,eventos recientes,9.651,4.3,2.76,1.54,200,14691,
oficina x245,panel en vivo,9.653,3.54,2.95,0.59,200,42,
oficina x245,eventos recientes,9.654,8.05,6.21,1.84,200,14691,
oficina x245,panel en vivo,9.655,6.46,5.39,1.06,200,42,
oficina x245,metricas documentos,9.66,6.47,5.03,1.44,200,2650,
oficina x245,contactos recientes,9.663,4.58,4.03,0.54,200,1557,
oficina x245,resumen de video,9.665,11.6,10.15,1.45,200,13773,
oficina x245,resumen de video,9.667,8.17,7.56,0.61,200,13773,
oficina x245,resumen de video,9.671,18.6,18.2,0.4,200,13773,
oficina x245,panel en vivo,9.676,3.17,2.63,0.55,200,42,
oficina x245,resumen de video,9.678,10.57,9.95,0.62,200,13773,
oficina x245,panel en vivo,9.678,9.71,8.99,0.72,200,42,
oficina x245,estado del sistema,9.68,18.44,16.33,2.11,200,318,
oficina x245,panel en vivo,9.682,8.88,8.23,0.65,200,42,
oficina x245,panel en vivo,9.682,15.08,14.55,0.54,200,42,
oficina x245,resumen de video,9.682,30.41,29.59,0.82,200,13773,
oficina x245,resumen de video,9.684,27.71,27.23,0.49,200,13773,
oficina x245,panel en vivo,9.685,8.15,7.65,0.5,200,42,
oficina x245,eventos recientes,9.685,17.94,17.83,0.11,200,14691,
oficina x245,estado del sistema,9.686,21.49,21.47,0.02,200,318,
oficina x245,estado del sistema,9.687,19.45,17.89,1.56,200,318,
oficina x245,resumen de video,9.691,36.56,35.7,0.86,200,13773,
oficina x245,eventos recientes,9.695,10.23,9.82,0.41,200,14691,
oficina x245,eventos recientes,9.696,11.04,9.98,1.06,200,14691,
oficina x245,estado del sistema,9.697,18.68,18.18,0.51,200,318,
oficina x245,eventos recientes,9.699,16.82,16.14,0.68,200,14691,
oficina x245,panel en vivo,9.7,12.45,9.73,2.72,200,42,
oficina x245,resumen de video,9.704,15.32,15.05,0.26,200,13773,
oficina x245,estado del sistema,9.705,13.74,11.34,2.4,200,318,
oficina x245,panel en vivo,9.707,13.97,12.33,1.63,200,42,
oficina x245,eventos recientes,9.709,20.67,14.85,5.82,200,14691,
oficina x245,panel en vivo,9.711,15.76,14.72,1.04,200,42,
oficina x245,panel en vivo,9.719,10.39,9.32,1.07,200,42,
oficina x245,resumen de video,9.72,12.07,8.85,3.22,200,13773,
oficina x245,panel en vivo,9.72,9.75,8.75,0.99,200,42,
oficina x245,eventos recientes,9.721,10.42,7.6,2.82,200,14691,
oficina x245,eventos recientes,9.73,5.99,4.46,1.53,200,14691,
oficina x245,panel en vivo,9.733,6.22,5.19,1.03,200,42,
oficina x245,eventos recientes,9.738,4.51,2.9,1.61,200,14691,
oficina x245,resumen de video,9.74,16.89,16.04,0.84,200,13773,
oficina x245,panel en vivo,9.742,3.36,2.99,0.37,200,42,
oficina x245,panel en vivo,9.744,6.75,6.28,0.47,200,42,
oficina x245,eventos recientes,9.744,19.47,18.41,1.06,200,14691,
oficina x245,eventos recientes,9.746,19.44,16.04,3.4,200,14691,
oficina x245,panel en vivo,9.747,19.71,19.27,0.43,200,42,
oficina x245,resumen de video,9.747,18.51,12.76,5.76,200,13773,
oficina x245,eventos recientes,9.748,17.65,15.84,1.81,200,14691,
oficina x245,panel en vivo,9.749,27.82,21.34,6.48,200,42,
oficina x245,estado del sistema,9.752,40.14,32.14,7.99,200,318,
oficina x245,resumen de video,9.754,48.83,41.56,7.27,200,13773,
oficina x245,panel en vivo,9.756,22.04,21.27,0.76,200,42,
oficina x245,eventos recientes,9.756,28.19,22.41,5.78,200,14691,
oficina x245,eventos recientes,9.757,20.71,20.36,0.35,200,14691,
oficina x245,panel en vivo,9.76,24.67,22.18,2.49,200,42,
oficina x245,panel en vivo,9.763,26.87,22.55,4.32,200,42,
oficina x245,abrir ficha,9.764,5.3,4.22,1.08,200,1045,
oficina x245,estado del sistema,9.764,33.82,30.03,3.78,200,318,
oficina x245,resumen de video,9.766,40.03,39.44,0.59,200,13773,
oficina x245,eventos recientes,9.768,27.63,23.83,3.79,200,14691,
oficina x245,panel en vivo,9.768,14.89,13.26,1.63,200,42,
oficina x245,eventos recientes,9.772,24.41,22.72,1.69,200,14691,
oficina x245,panel en vivo,9.772,19.73,18.24,1.49,200,42,
oficina x245,resumen de video,9.779,27.0,26.29,0.71,200,13773,
oficina x245,eventos recientes,9.78,17.88,16.69,1.19,200,14691,
oficina x245,resumen de video,9.786,15.8,14.82,0.99,200,13773,
oficina x245,resumen de video,9.789,17.04,16.87,0.17,200,13773,
oficina x245,estado del sistema,9.794,10.47,9.56,0.91,200,318,
oficina x245,eventos recientes,9.794,9.87,7.74,2.13,200,14691,
oficina x245,resumen de video,9.802,7.4,4.17,3.23,200,13773,
oficina x245,eventos recientes,9.802,2.61,2.34,0.27,200,14691,
oficina x245,eventos recientes,9.807,3.42,2.79,0.63,200,14691,
oficina x245,eventos recientes,9.807,4.48,3.71,0.76,200,14691,
oficina x245,panel en vivo,9.807,4.73,3.55,1.18,200,42,
oficina x245,eventos recientes,9.81,2.77,2.24,0.54,200,14691,
oficina x245,eventos recientes,9.813,2.7,2.34,0.36,200,14691,
oficina x245,resumen de video,9.818,10.75,10.34,0.41,200,13773,
oficina x245,estado del sistema,9.82,9.46,5.33,4.13,200,318,
oficina x245,resumen de video,9.82,11.41,10.69,0.72,200,13773,
oficina x245,panel en vivo,9.82,7.86,7.03,0.83,200,42,
oficina x245,panel en vivo,9.823,8.95,7.36,1.59,200,42,
oficina x245,eventos recientes,9.824,7.52,7.01,0.51,200,14691,
oficina x245,panel en vivo,9.826,6.33,5.83,0.5,200,42,
oficina x245,eventos recientes,9.826,4.97,4.52,0.45,200,14691,
oficina x245,eventos recientes,9.841,5.59,2.43,3.15,200,14691,
oficina x245,eventos recientes,9.844,4.0,2.49,1.51,200,14691,
oficina x245,eventos recientes,9.85,7.26,6.78,0.49,200,14691,
oficina x245,panel en vivo,9.852,6.81,2.5,4.31,200,42,
oficina x245,panel en vivo,9.853,2.52,1.88,0.65,200,42,
oficina x245,estado del sistema,9.855,2.53,1.9,0.63,200,318,
oficina x245,panel en vivo,9.856,3.53,2.71,0.82,200,42,
oficina x245,eventos recientes,9.856,3.57,2.81,0.76,200,14691,
oficina x245,panel en vivo,9.862,2.98,1.95,1.03,200,42,
oficina x245,eventos recientes,9.872,4.16,3.06,1.1,200,14691,
oficina x245,resumen de video,9.874,10.87,9.64,1.24,200,13773,
oficina x245,eventos recientes,9.875,10.21,8.97,1.24,200,14691,
oficina x245,eventos recientes,9.876,7.31,6.2,1.11,200,14691,
oficina x245,resumen de video,9.877,5.58,5.01,0.57,200,13773,
oficina x245,estado del sistema,9.879,10.38,5.87,4.51,200,318,
oficina x245,panel en vivo,9.884,5.44,4.71,0.73,200,42,
oficina x245,resumen de video,9.887,4.22,3.54,0.68,200,13773,
oficina x245,resumen de video,9.892,7.94,4.31,3.63,200,13773,
oficina x245,resumen de video,9.893,6.47,5.84,0.64,200,13773,
oficina x245,panel en vivo,9.895,5.84,5.11,0.73,200,42,
oficina x245,eventos recientes,9.897,4.31,4.2,0.11,200,14691,
oficina x245,eventos recientes,9.902,2.54,2.3,0.24,200,14691,
oficina x245,estado del sistema,9.908,3.41,2.43,0.97,200,318,
oficina x245,eventos recientes,9.911,3.73,2.72,1.01,200,14691,
oficina x245,panel en vivo,9.913,4.21,3.41,0.8,200,42,
oficina x245,resumen de video,9.913,4.47,4.01,0.46,200,13773,
oficina x245,resumen de video,9.918,4.46,4.3,0.15,200,13773,
oficina x245,panel en vivo,9.92,5.13,3.36,1.78,200,42,
oficina x245,eventos recientes,9.923,7.82,6.99,0.83,200,14691,
oficina x245,estado del sistema,9.926,3.86,3.24,0.62,200,318,
oficina x245,panel en vivo,9.929,3.94,2.96,0.98,200,42,
oficina x245,resumen de video,9.931,9.24,7.98,1.26,200,13773,
oficina x245,eventos recientes,9.932,4.64,4.34,0.3,200,14691,
oficina x245,panel en vivo,9.932,4.29,3.62,0.66,200,42,
oficina x245,panel en vivo,9.936,2.16,1.91,0.25,200,42,
oficina x245,resumen de video,9.937,6.38,3.97,2.4,200,13773,
oficina x245,resumen de video,9.944,6.02,4.94,1.08,200,13773,
oficina x245,panel en vivo,9.945,7.55,7.34,0.21,200,42,
oficina x245,estado del sistema,9.948,3.14,2.37,0.77,200,318,
oficina x245,bandeja de documentos,9.949,3.34,2.75,0.58,200,12476,
oficina x245,eventos recientes,9.951,2.95,2.35,0.6,200,14691,
oficina x245,eventos recientes,9.952,2.64,2.29,0.36,200,14691,
oficina x245,resumen de video,9.953,7.5,6.9,0.59,200,13773,
oficina x245,eventos recientes,9.955,3.12,2.65,0.47,200,14691,
oficina x245,estado del sistema,9.956,2.54,2.29,0.25,200,318,
oficina x245,resumen de video,9.958,6.91,5.9,1.01,200,13773,
oficina x245,resumen de video,9.959,8.05,7.44,0.61,200,13773,
oficina x245,resumen de video,9.96,5.32,4.62,0.7,200,13773,
oficina x245,panel en vivo,9.961,4.1,3.94,0.17,200,42,
oficina x245,panel en vivo,9.974,3.0,1.92,1.08,200,42,
oficina x245,estado del sistema,9.976,2.54,1.97,0.57,200,318,
oficina x245,panel en vivo,9.977,2.12,1.71,0.41,200,42,
oficina x245,panel en vivo,9.984,2.09,1.93,0.16,200,42,
oficina x245,eventos recientes,9.989,12.36,9.06,3.31,200,14691,
oficina x245,estado del sistema,9.989,8.96,8.72,0.24,200,318,
oficina x245,eventos recientes,9.99,12.29,11.72,0.57,200,14691,
oficina x245,eventos recientes,9.99,10.71,9.94,0.77,200,14691,
oficina x245,resumen de video,9.994,8.12,7.6,0.52,200,13773,
oficina x245,eventos recientes,9.995,6.94,6.73,0.2,200,14691,
oficina x245,eventos recientes,10.0,5.33,3.57,1.76,200,14691,
oficina x245,panel en vivo,10.002,4.06,3.76,0.29,200,42,
oficina x245,panel en vivo,10.003,3.57,2.36,1.21,200,42,
oficina x245,panel en vivo,10.008,2.48,1.85,0.63,200,42,
oficina x245,eventos recientes,10.014,4.71,2.79,1.92,200,14691,
oficina x245,eventos recientes,10.015,3.93,2.34,1.58,200,14691,
oficina x245,panel en vivo,10.02,2.82,2.41,0.42,200,42,
oficina x245,panel en vivo,10.02,2.45,2.02,0.43,200,42,
oficina x245,eventos recientes,10.022,9.71,8.9,0.8,200,14691,
oficina x245,resumen de video,10.023,8.93,7.41,1.52,200,13773,
oficina x245,estado del sistema,10.025,6.17,6.06,0.11,200,318,
oficina x245,eventos recientes,10.028,4.11,3.83,0.28,200,14691,
oficina x245,resumen de video,10.035,5.64,4.57,1.07,200,13773,
oficina x245,panel en vivo,10.035,7.1,5.19,1.91,200,42,
oficina x245,resumen de video,10.036,9.29,7.3,1.98,200,13773,
oficina x245,resumen de video,10.037,7.85,7.31,0.54,200,13773,
oficina x245,panel en vivo,10.038,6.63,6.02,0.62,200,42,
oficina x245,estado del sistema,10.045,7.54,6.9,0.63,200,318,
oficina x245,resumen de video,10.047,4.75,3.95,0.8,200,13773,
oficina x245,eventos recientes,10.054,18.26,17.73,0.53,200,14691,
oficina x245,eventos recientes,10.054,18.83,17.67,1.16,200,14691,
oficina x245,panel en vivo,10.054,10.92,10.64,0.28,200,42,
oficina x245,resumen de video,10.055,12.86,11.68,1.18,200,13773,
oficina x245,estado del sistema,10.055,12.58,12.49,0.09,200,318,
oficina x245,resumen de video,10.056,17.63,16.84,0.79,200,13773,
oficina x245,panel en vivo,10.058,9.86,9.6,0.26,200,42,
oficina x245,contactos recientes,10.062,3.42,2.87,0.54,200,1557,
oficina x245,resumen de video,10.064,11.17,9.48,1.69,200,13773,
oficina x245,panel en vivo,10.066,3.12,2.31,0.8,200,42,
oficina x245,eventos recientes,10.068,7.97,3.98,3.99,200,14691,
oficina x245,estado del sistema,10.072,4.76,3.92,0.84,200,318,
oficina x245,eventos recientes,10.079,9.01,8.17,0.83,200,14691,
oficina x245,resumen de video,10.079,8.68,7.92,0.76,200,13773,
oficina x245,panel en vivo,10.081,7.84,6.92,0.92,200,42,
oficina x245,resumen de video,10.083,4.98,4.31,0.67,200,13773,
oficina x245,panel en vivo,10.087,2.85,2.33,0.51,200,42,
oficina x245,panel en vivo,10.089,2.41,1.87,0.54,200,42,
oficina x245,panel en vivo,10.094,7.5,6.87,0.62,200,42,
oficina x245,eventos recientes,10.095,10.56,10.35,0.21,200,14691,
oficina x245,panel en vivo,10.096,6.42,5.6,0.82,200,42,
oficina x245,eventos recientes,10.097,7.95,7.3,0.65,200,14691,
oficina x245,panel en vivo,10.102,5.57,3.35,2.22,200,42,
oficina x245,estado del sistema,10.104,4.6,3.01,1.59,200,318,
oficina x245,resumen de video,10.106,3.57,3.43,0.14,200,13773,
oficina x245,panel en vivo,10.109,3.29,2.21,1.08,200,42,
oficina x245,abrir ficha,10.113,2.82,2.35,0.47,200,1045,
oficina x245,estado del sistema,10.118,2.12,1.92,0.2,200,318,
oficina x245,panel en vivo,10.123,9.91,9.05,0.86,200,42,
oficina x245,resumen de video,10.124,4.49,3.88,0.6,200,13773,
oficina x245,estado del sistema,10.124,9.64,5.08,4.56,200,318,
oficina x245,resumen de video,10.125,5.34,5.04,0.3,200,13773,
oficina x245,panel en vivo,10.128,4.64,4.35,0.29,200,42,
oficina x245,panel en vivo,10.128,4.86,2.95,1.9,200,42,
oficina x245,eventos recientes,10.137,7.27,6.48,0.78,200,14691,
oficina x245,panel en vivo,10.138,10.83,10.45,0.38,200,42,
oficina x245,panel en vivo,10.139,9.49,4.8,4.7,200,42,
oficina x245,estado del sistema,10.143,4.48,3.89,0.59,200,318,
oficina x245,estado del sistema,10.144,3.94,3.66,0.28,200,318,
oficina x245,panel en vivo,10.15,3.12,2.44,0.68,200,42,
oficina x245,eventos recientes,10.151,3.66,2.46,1.2,200,14691,
oficina x245,panel en vivo,10.153,5.2,1.88,3.32,200,42,
oficina x245,eventos recientes,10.159,3.03,2.54,0.49,200,14691,
oficina x245,panel en vivo,10.159,7.08,6.61,0.47,200,42,
oficina x245,estado del sistema,10.16,14.19,13.55,0.63,200,318,
oficina x245,resumen de video,10.16,26.39,22.63,3.76,200,13773,
oficina x245,panel en vivo,10.161,12.9,12.37,0.53,200,42,
oficina x245,panel en vivo,10.161,14.79,14.32,0.47,200,42,
oficina x245,panel en vivo,10.164,26.07,25.68,0.39,200,42,
oficina x245,panel en vivo,10.168,22.75,15.47,7.28,200,42,
oficina x245,panel en vivo,10.169,18.83,17.88,0.95,200,42,
oficina x245,panel en vivo,10.169,21.46,15.37,6.09,200,42,
oficina x245,panel en vivo,10.169,21.49,20.95,0.53,200,42,
oficina x245,resumen de video,10.17,27.22,26.75,0.47,200,13773,
oficina x245,estado del sistema,10.172,16.38,16.04,0.34,200,318,
oficina x245,resumen de video,10.172,19.53,18.62,0.91,200,13773,
oficina x245,panel en vivo,10.172,18.22,17.31,0.92,200,42,
oficina x245,panel en vivo,10.175,16.53,14.91,1.62,200,42,
oficina x245,panel en vivo,10.176,12.76,11.92,0.84,200,42,
oficina x245,panel en vivo,10.176,14.65,11.14,3.51,200,42,
oficina x245,panel en vivo,10.183,12.27,11.85,0.42,200,42,
oficina x245,panel en vivo,10.185,11.29,6.72,4.57,200,42,
oficina x245,eventos recientes,10.185,15.88,11.1,4.79,200,14691,
oficina x245,eventos recientes,10.185,9.81,6.62,3.19,200,14691,
oficina x245,resumen de video,10.186,18.23,17.95,0.27,200,13773,
oficina x245,quien es quien,10.199,3.18,2.78,0.4,200,3475,
oficina x245,panel en vivo,10.206,5.59,4.86,0.73,200,42,
oficina x245,eventos recientes,10.206,9.81,8.76,1.06,200,14691,
oficina x245,resumen de video,10.207,5.11,4.78,0.32,200,13773,
oficina x245,panel en vivo,10.207,9.56,8.84,0.73,200,42,
oficina x245,eventos recientes,10.208,5.74,5.44,0.3,200,14691,
oficina x245,estado del sistema,10.211,7.75,6.54,1.22,200,318,
oficina x245,panel en vivo,10.215,3.8,3.01,0.79,200,42,
oficina x245,panel en vivo,10.219,14.99,14.13,0.86,200,42,
oficina x245,panel en vivo,10.22,2.93,2.79,0.14,200,42,
oficina x245,estado del sistema,10.22,7.66,7.22,0.44,200,318,
oficina x245,panel en vivo,10.228,9.12,4.28,4.84,200,42,
oficina x245,resumen de video,10.231,8.69,6.85,1.84,200,13773,
oficina x245,panel en vivo,10.232,7.1,3.28,3.82,200,42,
oficina x245,panel en vivo,10.234,4.87,4.68,0.19,200,42,
oficina x245,panel en vivo,10.239,2.83,1.98,0.84,200,42,
oficina x245,resumen de video,10.241,7.66,5.22,2.44,200,13773,
oficina x245,eventos recientes,10.242,3.59,2.56,1.03,200,14691,
oficina x245,eventos recientes,10.247,6.43,5.4,1.03,200,14691,
oficina x245,panel en vivo,10.247,4.86,3.78,1.08,200,42,
oficina x245,panel en vivo,10.248,3.62,3.07,0.55,200,42,
oficina x245,resumen de video,10.249,5.73,5.27,0.46,200,13773,
oficina x245,panel en vivo,10.25,2.43,2.28,0.16,200,42,
oficina x245,panel en vivo,10.251,4.24,4.09,0.15,200,42,
oficina x245,eventos recientes,10.255,4.54,3.81,0.74,200,14691,
oficina x245,panel en vivo,10.255,4.5,4.31,0.19,200,42,
oficina x245,eventos recientes,10.256,4.32,3.12,1.19,200,14691,
oficina x245,resumen de video,10.257,13.93,13.63,0.3,200,13773,
oficina x245,eventos recientes,10.26,7.99,7.38,0.61,200,14691,
oficina x245,eventos recientes,10.26,9.18,8.76,0.42,200,14691,
oficina x245,resumen de video,10.261,11.64,10.98,0.66,200,13773,
oficina x245,eventos recientes,10.264,12.51,8.99,3.52,200,14691,
oficina x245,abrir ficha,10.265,8.67,4.37,4.3,200,1045,
oficina x245,resumen de video,10.265,12.31,10.96,1.35,200,13773,
oficina x245,panel en vivo,10.268,7.91,5.93,1.98,200,42,
oficina x245,estado del sistema,10.27,8.36,6.69,1.67,200,318,
oficina x245,estado del sistema,10.27,13.1,12.02,1.09,200,318,
oficina x245,panel en vivo,10.274,3.73,3.03,0.7,200,42,
oficina x245,eventos recientes,10.275,6.09,5.52,0.58,200,14691,
oficina x245,resumen de video,10.276,9.03,7.44,1.6,200,13773,
oficina x245,estado del sistema,10.277,5.65,4.63,1.02,200,318,
oficina x245,eventos recientes,10.279,5.39,4.03,1.36,200,14691,
oficina x245,panel en vivo,10.285,5.07,3.43,1.64,200,42,
oficina x245,panel en vivo,10.286,3.43,3.09,0.34,200,42,
oficina x245,panel en vivo,10.286,3.24,3.02,0.23,200,42,
oficina x245,eventos recientes,10.302,4.56,3.09,1.48,200,14691,
oficina x245,panel en vivo,10.308,6.16,2.22,3.94,200,42,
oficina x245,eventos recientes,10.316,11.15,6.98,4.18,200,14691,
oficina x245,panel en vivo,10.319,5.2,3.56,1.64,200,42,
oficina x245,resumen de video,10.321,15.19,14.14,1.05,200,13773,
oficina x245,panel en vivo,10.323,7.76,7.04,0.72,200,42,
oficina x245,panel en vivo,10.323,7.62,7.38,0.24,200,42,
oficina x245,panel en vivo,10.324,5.56,4.87,0.69,200,42,
oficina x245,estado del sistema,10.325,7.36,7.04,0.32,200,318,
oficina x245,panel en vivo,10.329,8.1,7.92,0.18,200,42,
oficina x245,eventos recientes,10.33,8.5,6.75,1.75,200,14691,
oficina x245,panel en vivo,10.332,5.85,5.47,0.38,200,42,
oficina x245,resumen de video,10.34,6.58,5.7,0.88,200,13773,
oficina x245,eventos recientes,10.341,6.4,4.39,2.01,200,14691,
oficina x245,estado del sistema,10.342,6.29,6.04,0.25,200,318,
oficina x245,panel en vivo,10.342,5.46,4.74,0.71,200,42,
oficina x245,resumen de video,10.345,5.13,4.0,1.12,200,13773,
oficina x245,eventos recientes,10.349,9.49,8.13,1.36,200,14691,
oficina x245,eventos recientes,10.35,9.13,7.78,1.35,200,14691,
oficina x245,panel en vivo,10.351,14.97,14.47,0.5,200,42,
oficina x245,eventos recientes,10.352,7.4,6.67,0.73,200,14691,
oficina x245,eventos recientes,10.354,6.58,5.84,0.74,200,14691,
oficina x245,panel en vivo,10.355,4.76,4.57,0.19,200,42,
oficina x245,resumen de video,10.359,11.82,6.17,5.64,200,13773,
oficina x245,panel en vivo,10.363,5.53,3.22,2.31,200,42,
oficina x245,estado del sistema,10.369,2.99,2.38,0.61,200,318,
oficina x245,panel en vivo,10.386,2.77,2.29,0.48,200,42,
oficina x245,resumen de video,10.39,4.82,4.43,0.39,200,13773,
oficina x245,eventos recientes,10.393,3.52,2.98,0.55,200,14691,
oficina x245,eventos recientes,10.396,13.02,11.87,1.16,200,14691,
oficina x245,eventos recientes,10.399,17.95,13.3,4.65,200,14691,
oficina x245,panel en vivo,10.4,14.67,7.07,7.6,200,42,
oficina x245,eventos recientes,10.403,13.93,8.11,5.82,200,14691,
oficina x245,resumen de video,10.404,15.15,13.99,1.15,200,13773,
oficina x245,panel en vivo,10.405,8.21,8.02,0.19,200,42,
oficina x245,panel en vivo,10.411,4.11,3.53,0.58,200,42,
oficina x245,panel en vivo,10.415,3.61,3.25,0.35,200,42,
oficina x245,eventos recientes,10.416,3.38,3.2,0.19,200,14691,
oficina x245,eventos recientes,10.418,2.86,2.36,0.49,200,14691,
oficina x245,resumen de video,10.43,4.83,4.63,0.2,200,13773,
oficina x245,resumen de video,10.432,5.96,5.22,0.74,200,13773,
oficina x245,panel en vivo,10.433,4.87,4.07,0.8,200,42,
oficina x245,panel en vivo,10.437,3.82,2.68,1.15,200,42,
oficina x245,eventos recientes,10.438,6.21,5.51,0.7,200,14691,
oficina x245,panel en vivo,10.441,2.08,1.99,0.09,200,42,
oficina x245,panel en vivo,10.442,4.14,2.95,1.19,200,42,
oficina x245,panel en vivo,10.442,5.01,4.32,0.68,200,42,
oficina x245,panel en vivo,10.442,3.67,2.12,1.55,200,42,
oficina x245,eventos recientes,10.442,6.06,5.08,0.99,200,14691,
oficina x245,estado del sistema,10.447,2.63,2.14,0.49,200,318,
oficina x245,eventos recientes,10.45,5.48,4.55,0.93,200,14691,
oficina x245,panel en vivo,10.451,3.95,3.16,0.79,200,42,
oficina x245,resumen de video,10.452,6.18,5.56,0.63,200,13773,
oficina x245,panel en vivo,10.46,8.84,5.24,3.6,200,42,
oficina x245,eventos recientes,10.461,13.14,9.5,3.65,200,14691,
oficina x245,resumen de video,10.463,13.2,11.83,1.37,200,13773,
oficina x245,panel en vivo,10.465,3.54,3.32,0.22,200,42,
oficina x245,eventos recientes,10.465,8.34,7.2,1.14,200,14691,
oficina x245,panel en vivo,10.472,6.65,5.83,0.82,200,42,
oficina x245,estado del sistema,10.476,3.12,2.11,1.01,200,318,
oficina x245,panel en vivo,10.485,2.73,2.35,0.38,200,42,
oficina x245,eventos recientes,10.488,3.51,2.73,0.78,200,14691,
oficina x245,eventos recientes,10.491,3.47,2.47,1.0,200,14691,
oficina x245,resumen de video,10.496,24.8,23.12,1.68,200,13773,
oficina x245,panel en vivo,10.498,12.12,11.37,0.75,200,42,
oficina x245,eventos recientes,10.499,4.06,3.17,0.89,200,14691,
oficina x245,panel en vivo,10.5,11.2,6.49,4.71,200,42,
oficina x245,eventos recientes,10.5,3.2,2.94,0.26,200,14691,
oficina x245,resumen de video,10.503,16.04,15.69,0.35,200,13773,
oficina x245,panel en vivo,10.505,4.03,2.94,1.09,200,42,
oficina x245,resumen de video,10.505,6.84,6.73,0.11,200,13773,
oficina x245,panel en vivo,10.508,4.37,3.37,1.0,200,42,
oficina x245,eventos recientes,10.512,5.98,5.49,0.49,200,14691,
oficina x245,panel en vivo,10.512,9.41,8.68,0.73,200,42,
oficina x245,eventos recientes,10.514,4.35,4.19,0.17,200,14691,
oficina x245,eventos recientes,10.519,4.19,3.1,1.09,200,14691,
oficina x245,resumen de video,10.524,4.67,3.82,0.86,200,13773,
oficina x245,estado del sistema,10.528,2.53,2.16,0.37,200,318,
oficina x245,panel en vivo,10.53,4.5,2.6,1.9,200,42,
oficina x245,resumen de video,10.534,4.28,3.53,0.75,200,13773,
oficina x245,eventos recientes,10.536,11.62,11.36,0.26,200,14691,
oficina x245,eventos recientes,10.536,21.66,19.47,2.19,200,14691,
oficina x245,resumen de video,10.538,9.89,8.51,1.37,200,13773,
oficina x245,eventos recientes,10.538,13.53,11.79,1.74,200,14691,
oficina x245,eventos recientes,10.538,15.43,15.28,0.15,200,14691,
oficina x245,panel en vivo,10.54,11.03,6.43,4.6,200,42,
oficina x245,panel en vivo,10.54,8.42,7.77,0.65,200,42,
oficina x245,eventos recientes,10.54,8.78,8.08,0.69,200,14691,
oficina x245,panel en vivo,10.547,4.7,4.56,0.13,200,42,
oficina x245,resumen de video,10.548,6.88,6.66,0.21,200,13773,
oficina x245,eventos recientes,10.551,6.6,5.21,1.39,200,14691,
oficina x245,resumen de video,10.552,11.8,8.74,3.06,200,13773,
oficina x245,eventos recientes,10.552,6.06,5.21,0.85,200,14691,
oficina x245,eventos recientes,10.552,4.35,3.86,0.49,200,14691,
oficina x245,estado del sistema,10.557,7.03,6.68,0.35,200,318,
oficina x245,panel en vivo,10.559,2.22,1.97,0.25,200,42,
oficina x245,resumen de video,10.564,4.09,3.71,0.38,200,13773,
oficina x245,estado del sistema,10.566,3.6,2.55,1.05,200,318,
oficina x245,eventos recientes,10.568,2.95,2.73,0.22,200,14691,
oficina x245,eventos recientes,10.57,4.48,2.79,1.69,200,14691,
oficina x245,eventos recientes,10.571,3.88,3.6,0.28,200,14691,
oficina x245,resumen de video,10.572,5.41,4.32,1.09,200,13773,
oficina x245,eventos recientes,10.575,3.58,3.08,0.5,200,14691,
oficina x245,eventos recientes,10.58,6.18,2.62,3.56,200,14691,
oficina x245,resumen de video,10.583,8.25,6.7,1.56,200,13773,
oficina x245,panel en vivo,10.584,5.06,4.07,0.99,200,42,
oficina x245,eventos recientes,10.585,3.84,3.39,0.45,200,14691,
oficina x245,eventos recientes,10.588,3.52,3.0,0.51,200,14691,
oficina x245,resumen de video,10.593,3.98,3.7,0.27,200,13773,
oficina x245,resumen de video,10.595,4.9,4.76,0.14,200,13773,
oficina x245,estado del sistema,10.596,4.31,3.36,0.94,200,318,
oficina x245,resumen de video,10.599,4.83,4.19,0.63,200,13773,
oficina x245,estado del sistema,10.6,4.71,3.38,1.32,200,318,
oficina x245,panel en vivo,10.607,3.12,2.48,0.64,200,42,
oficina x245,panel en vivo,10.608,3.02,2.08,0.94,200,42,
oficina x245,resumen de video,10.609,12.81,10.62,2.19,200,13773,
oficina x245,panel en vivo,10.611,10.58,9.05,1.53,200,42,
oficina x245,panel en vivo,10.612,8.79,8.46,0.33,200,42,
oficina x245,estado del sistema,10.618,6.04,5.81,0.22,200,318,
oficina x245,eventos recientes,10.622,3.13,2.6,0.53,200,14691,
oficina x245,panel en vivo,10.623,3.57,2.15,1.43,200,42,
oficina x245,panel en vivo,10.63,2.64,2.35,0.3,200,42,
oficina x245,resumen de video,10.637,3.89,3.71,0.18,200,13773,
oficina x245,estado del sistema,10.64,3.52,2.2,1.32,200,318,
oficina x245,panel en vivo,10.647,3.06,2.13,0.93,200,42,
oficina x245,panel en vivo,10.649,3.08,2.02,1.07,200,42,
oficina x245,resumen de video,10.651,7.11,6.11,1.0,200,13773,
oficina x245,estado del sistema,10.652,2.38,2.21,0.17,200,318,
oficina x245,eventos recientes,10.656,5.85,3.45,2.41,200,14691,
oficina x245,eventos recientes,10.657,5.46,4.52,0.94,200,14691,
oficina x245,panel en vivo,10.658,4.98,3.92,1.06,200,42,
oficina x245,panel en vivo,10.66,3.99,2.47,1.52,200,42,
oficina x245,panel en vivo,10.662,6.24,5.29,0.95,200,42,
oficina x245,eventos recientes,10.663,3.17,2.97,0.21,200,14691,
oficina x245,panel en vivo,10.667,2.7,2.43,0.27,200,42,
oficina x245,resumen de video,10.669,4.37,3.76,0.6,200,13773,
oficina x245,panel en vivo,10.671,2.9,1.96,0.95,200,42,
oficina x245,panel en vivo,10.672,2.03,1.82,0.2,200,42,
oficina x245,panel en vivo,10.673,2.61,2.09,0.52,200,42,
oficina x245,resumen de video,10.675,4.19,3.53,0.65,200,13773,
oficina x245,panel en vivo,10.679,2.51,2.23,0.28,200,42,
oficina x245,eventos recientes,10.684,5.63,4.83,0.79,200,14691,
oficina x245,eventos recientes,10.685,4.29,3.7,0.59,200,14691,
oficina x245,panel en vivo,10.689,2.88,2.14,0.73,200,42,
oficina x245,resumen de video,10.689,11.45,9.4,2.05,200,13773,
oficina x245,eventos recientes,10.698,5.96,4.63,1.33,200,14691,
oficina x245,eventos recientes,10.699,5.56,4.39,1.17,200,14691,
oficina x245,panel en vivo,10.7,3.23,2.73,0.5,200,42,
oficina x245,panel en vivo,10.703,7.63,7.3,0.33,200,42,
oficina x245,eventos recientes,10.705,6.16,5.48,0.68,200,14691,
oficina x245,estado del sistema,10.706,4.67,4.28,0.39,200,318,
oficina x245,eventos recientes,10.714,5.27,3.8,1.47,200,14691,
oficina x245,eventos recientes,10.714,4.63,3.94,0.69,200,14691,
oficina x245,panel en vivo,10.714,3.83,3.16,0.68,200,42,
oficina x245,panel en vivo,10.716,2.96,1.95,1.01,200,42,
oficina x245,metricas documentos,10.722,3.61,2.76,0.85,200,2650,
oficina x245,eventos recientes,10.724,4.34,3.48,0.87,200,14691,
oficina x245,eventos recientes,10.726,3.76,2.8,0.95,200,14691,
oficina x245,panel en vivo,10.726,3.84,3.04,0.8,200,42,
oficina x245,eventos recientes,10.73,6.56,6.4,0.16,200,14691,
oficina x245,estado del sistema,10.731,11.88,10.9,0.97,200,318,
oficina x245,resumen de video,10.735,5.95,5.81,0.14,200,13773,
oficina x245,eventos recientes,10.741,4.71,4.46,0.25,200,14691,
oficina x245,eventos recientes,10.742,7.96,7.74,0.23,200,14691,
oficina x245,eventos recientes,10.742,13.22,11.95,1.27,200,14691,
oficina x245,eventos recientes,10.743,14.11,12.89,1.22,200,14691,
oficina x245,panel en vivo,10.743,7.03,6.82,0.21,200,42,
oficina x245,panel en vivo,10.744,9.17,8.58,0.59,200,42,
oficina x245,panel en vivo,10.746,5.13,4.94,0.19,200,42,
oficina x245,resumen de video,10.746,15.97,15.86,0.11,200,13773,
oficina x245,panel en vivo,10.75,4.78,4.27,0.5,200,42,
oficina x245,eventos recientes,10.751,11.05,10.03,1.01,200,14691,
oficina x245,eventos recientes,10.751,11.19,10.05,1.14,200,14691,
oficina x245,eventos recientes,10.755,10.94,10.39,0.55,200,14691,
oficina x245,eventos recientes,10.757,8.82,8.33,0.49,200,14691,
oficina x245,panel en vivo,10.759,5.46,5.27,0.18,200,42,
oficina x245,panel en vivo,10.76,5.66,5.63,0.04,200,42,
oficina x245,estado del sistema,10.761,5.71,3.13,2.58,200,318,
oficina x245,panel en vivo,10.763,3.98,3.37,0.61,200,42,
oficina x245,estado del sistema,10.768,2.44,2.0,0.44,200,318,
oficina x245,panel en vivo,10.769,2.93,2.01,0.92,200,42,
oficina x245,panel en vivo,10.773,3.36,2.61,0.75,200,42,
oficina x245,eventos recientes,10.773,4.32,3.17,1.15,200,14691,
oficina x245,eventos recientes,10.778,3.6,2.77,0.83,200,14691,
oficina x245,resumen de video,10.779,6.99,5.17,1.82,200,13773,
oficina x245,panel en vivo,10.781,3.87,2.72,1.15,200,42,
oficina x245,estado del sistema,10.784,2.36,1.9,0.46,200,318,
oficina x245,panel en vivo,10.785,8.16,7.33,0.84,200,42,
oficina x245,panel en vivo,10.787,5.8,5.12,0.67,200,42,
oficina x245,eventos recientes,10.788,10.62,6.54,4.07,200,14691,
oficina x245,panel en vivo,10.788,6.07,5.69,0.38,200,42,
oficina x245,resumen de video,10.789,6.6,5.73,0.87,200,13773,
oficina x245,panel en vivo,10.793,3.48,3.3,0.18,200,42,
oficina x245,panel en vivo,10.796,4.57,3.63,0.94,200,42,
oficina x245,eventos recientes,10.797,3.77,2.89,0.89,200,14691,
oficina x245,resumen de video,10.798,15.68,15.31,0.37,200,13773,
oficina x245,panel en vivo,10.799,4.37,4.09,0.28,200,42,
oficina x245,panel en vivo,10.8,9.52,8.74,0.77,200,42,
oficina x245,panel en vivo,10.801,12.66,11.98,0.68,200,42,
oficina x245,estado del sistema,10.803,9.07,8.34,0.74,200,318,
oficina x245,resumen de video,10.808,13.59,9.16,4.43,200,13773,
oficina x245,panel en vivo,10.809,4.28,3.02,1.26,200,42,
oficina x245,resumen de video,10.813,12.2,11.03,1.17,200,13773,
oficina x245,panel en vivo,10.814,8.26,6.69,1.57,200,42,
oficina x245,panel en vivo,10.816,9.81,9.06,0.75,200,42,
oficina x245,panel en vivo,10.816,12.86,11.36,1.5,200,42,
oficina x245,resumen de video,10.82,10.62,9.03,1.58,200,13773,
oficina x245,panel en vivo,10.82,8.96,7.57,1.39,200,42,
oficina x245,resumen de video,10.824,7.95,6.9,1.05,200,13773,
oficina x245,panel en vivo,10.832,7.12,2.84,4.28,200,42,
oficina x245,eventos recientes,10.839,4.22,3.21,1.01,200,14691,
oficina x245,resumen de video,10.84,4.82,4.15,0.66,200,13773,
oficina x245,eventos recientes,10.849,6.9,6.64,0.27,200,14691,
oficina x245,panel en vivo,10.849,5.32,4.77,0.55,200,42,
oficina x245,estado del sistema,10.851,5.99,5.09,0.9,200,318,
oficina x245,panel en vivo,10.851,5.19,4.55,0.63,200,42,
oficina x245,panel en vivo,10.852,4.39,4.21,0.18,200,42,
oficina x245,panel en vivo,10.858,4.84,4.39,0.45,200,42,
oficina x245,resumen de video,10.86,7.17,6.8,0.37,200,13773,
oficina x245,panel en vivo,10.86,5.6,4.85,0.75,200,42,
oficina x245,panel en vivo,10.865,2.96,2.26,0.71,200,42,
oficina x245,panel en vivo,10.868,2.83,1.96,0.87,200,42,
oficina x245,panel en vivo,10.872,5.26,4.88,0.38,200,42,
oficina x245,eventos recientes,10.875,4.63,3.51,1.12,200,14691,
oficina x245,eventos recientes,10.878,4.42,3.32,1.1,200,14691,
oficina x245,panel en vivo,10.879,6.04,5.58,0.46,200,42,
oficina x245,panel en vivo,10.879,6.51,5.72,0.79,200,42,
oficina x245,panel en vivo,10.879,8.15,7.02,1.13,200,42,
oficina x245,eventos recientes,10.883,8.34,6.48,1.87,200,14691,
oficina x245,eventos recientes,10.886,6.16,5.41,0.75,200,14691,
oficina x245,resumen de video,10.886,14.15,13.33,0.82,200,13773,
oficina x245,eventos recientes,10.888,8.91,8.73,0.18,200,14691,
oficina x245,panel en vivo,10.888,4.21,4.15,0.06,200,42,
oficina x245,contactos recientes,10.895,3.95,3.11,0.84,200,1557,
oficina x245,resumen de video,10.904,5.39,4.76,0.62,200,13773,
oficina x245,eventos recientes,10.905,7.26,6.88,0.39,200,14691,
oficina x245,panel en vivo,10.908,8.25,6.32,1.93,200,42,
oficina x245,resumen de video,10.91,6.77,5.66,1.12,200,13773,
oficina x245,panel en vivo,10.916,2.8,2.07,0.73,200,42,
oficina x245,eventos recientes,10.918,4.84,3.17,1.66,200,14691,
oficina x245,panel en vivo,10.919,3.44,2.97,0.46,200,42,
oficina x245,panel en vivo,10.92,6.38,5.28,1.1,200,42,
oficina x245,eventos recientes,10.922,4.68,4.42,0.26,200,14691,
oficina x245,panel en vivo,10.925,4.98,4.43,0.54,200,42,
oficina x245,panel en vivo,10.925,4.48,3.71,0.78,200,42,
oficina x245,panel en vivo,10.927,3.63,3.2,0.43,200,42,
oficina x245,eventos recientes,10.928,3.85,2.97,0.88,200,14691,
oficina x245,estado del sistema,10.93,8.12,6.17,1.94,200,318,
oficina x245,bandeja de documentos,10.932,3.36,2.62,0.74,200,12476,
oficina x245,panel en vivo,10.933,2.76,2.54,0.22,200,42,
oficina x245,panel en vivo,10.934,3.3,1.87,1.44,200,42,
oficina x245,panel en vivo,10.94,3.21,2.48,0.73,200,42,
oficina x245,panel en vivo,10.947,6.54,5.48,1.06,200,42,
oficina x245,eventos recientes,10.948,9.27,5.52,3.74,200,14691,
oficina x245,panel en vivo,10.949,11.4,5.5,5.89,200,42,
oficina x245,eventos recientes,10.952,3.52,2.87,0.65,200,14691,
oficina x245,resumen de video,10.953,9.02,6.99,2.03,200,13773,
oficina x245,estado del sistema,10.958,3.26,2.06,1.2,200,318,
oficina x245,panel en vivo,10.961,4.72,4.07,0.65,200,42,
oficina x245,panel en vivo,10.963,5.71,4.93,0.79,200,42,
oficina x245,eventos recientes,10.966,6.24,5.51,0.74,200,14691,
oficina x245,panel en vivo,10.967,3.73,3.0,0.73,200,42,
oficina x245,eventos recientes,10.968,7.42,6.89,0.53,200,14691,
oficina x245,resumen de video,10.969,6.75,6.47,0.28,200,13773,
oficina x245,resumen de video,10.969,11.67,10.05,1.62,200,13773,
oficina x245,eventos recientes,10.974,6.35,4.78,1.56,200,14691,
oficina x245,panel en vivo,10.975,10.27,10.13,0.14,200,42,
oficina x245,eventos recientes,10.976,20.06,16.03,4.04,200,14691,
oficina x245,resumen de video,10.977,20.68,17.4,3.27,200,13773,
oficina x245,resumen de video,10.978,15.53,14.67,0.86,200,13773,
oficina x245,estado del sistema,10.978,10.06,9.8,0.26,200,318,
oficina x245,resumen de video,10.98,17.85,16.93,0.92,200,13773,
oficina x245,panel en vivo,10.983,3.28,2.74,0.54,200,42,
oficina x245,panel en vivo,10.984,8.65,8.49,0.15,200,42,
oficina x245,panel en vivo,10.987,3.84,3.65,0.19,200,42,
oficina x245,panel en vivo,10.989,7.27,6.14,1.13,200,42,
oficina x245,panel en vivo,10.99,6.57,6.22,0.36,200,42,
oficina x245,panel en vivo,10.991,5.19,4.27,0.92,200,42,
oficina x245,resumen de video,10.997,8.31,7.43,0.88,200,13773,
oficina x245,resumen de video,10.997,7.41,6.26,1.15,200,13773,
oficina x245,abrir ficha,11.0,7.43,2.99,4.44,200,1045,
oficina x245,panel en vivo,11.01,2.62,2.2,0.42,200,42,
oficina x245,estado del sistema,11.011,3.75,2.67,1.08,200,318,
oficina x245,resumen de video,11.014,4.34,4.13,0.21,200,13773,
oficina x245,resumen de video,11.015,5.95,5.68,0.27,200,13773,
oficina x245,eventos recientes,11.016,5.37,4.87,0.5,200,14691,
oficina x245,panel en vivo,11.017,5.65,2.57,3.08,200,42,
oficina x245,panel en vivo,11.019,14.37,12.51,1.85,200,42,
oficina x245,resumen de video,11.02,13.07,12.02,1.05,200,13773,
oficina x245,resumen de video,11.022,10.19,9.44,0.75,200,13773,
oficina x245,eventos recientes,11.026,6.61,4.85,1.75,200,14691,
oficina x245,eventos recientes,11.029,6.35,3.0,3.35,200,14691,
oficina x245,resumen de video,11.036,12.75,12.5,0.24,200,13773,
oficina x245,resumen de video,11.039,10.61,10.05,0.56,200,13773,
oficina x245,resumen de video,11.052,13.84,13.62,0.22,200,13773,
oficina x245,resumen de video,11.052,22.16,21.6,0.57,200,13773,
oficina x245,panel en vivo,11.054,19.33,18.41,0.91,200,42,
oficina x245,panel en vivo,11.054,18.4,17.64,0.76,200,42,
oficina x245,eventos recientes,11.059,12.9,12.23,0.67,200,14691,
oficina x245,resumen de video,11.06,12.03,11.09,0.93,200,13773,
oficina x245,eventos recientes,11.06,10.64,10.03,0.61,200,14691,
oficina x245,eventos recientes,11.064,12.06,10.55,1.52,200,14691,
oficina x245,panel en vivo,11.064,10.29,8.33,1.96,200,42,
oficina x245,panel en vivo,11.065,13.18,6.07,7.12,200,42,
oficina x245,panel en vivo,11.073,6.81,5.86,0.95,200,42,
oficina x245,panel en vivo,11.074,3.46,3.15,0.31,200,42,
oficina x245,eventos recientes,11.078,3.35,2.67,0.69,200,14691,
oficina x245,resumen de video,11.083,4.8,3.74,1.06,200,13773,
oficina x245,resumen de video,11.087,6.86,5.96,0.9,200,13773,
oficina x245,panel en vivo,11.088,3.16,2.71,0.45,200,42,
oficina x245,panel en vivo,11.102,2.92,2.61,0.31,200,42,
oficina x245,panel en vivo,11.106,2.39,2.17,0.22,200,42,
oficina x245,panel en vivo,11.108,12.98,12.38,0.6,200,42,
oficina x245,panel en vivo,11.108,9.56,9.19,0.37,200,42,
oficina x245,panel en vivo,11.109,9.39,6.99,2.41,200,42,
oficina x245,eventos recientes,11.111,10.97,9.14,1.83,200,14691,
oficina x245,estado del sistema,11.111,11.06,8.89,2.17,200,318,
oficina x245,panel en vivo,11.115,4.63,3.0,1.63,200,42,
oficina x245,panel en vivo,11.118,7.81,6.85,0.96,200,42,
oficina x245,eventos recientes,11.121,8.38,7.52,0.87,200,14691,
oficina x245,panel en vivo,11.122,7.56,7.13,0.43,200,42,
oficina x245,panel en vivo,11.122,7.37,5.43,1.94,200,42,
oficina x245,panel en vivo,11.122,4.77,4.48,0.28,200,42,
oficina x245,panel en vivo,11.124,9.55,5.03,4.52,200,42,
oficina x245,estado del sistema,11.125,10.47,7.16,3.32,200,318,
oficina x245,estado del sistema,11.129,7.48,7.02,0.45,200,318,
oficina x245,resumen de video,11.13,12.18,11.8,0.39,200,13773,
oficina x245,resumen de video,11.131,11.69,11.18,0.5,200,13773,
oficina x245,panel en vivo,11.131,4.22,3.66,0.56,200,42,
oficina x245,resumen de video,11.136,12.35,12.18,0.17,200,13773,
oficina x245,resumen de video,11.137,8.19,6.61,1.58,200,13773,
oficina x245,resumen de video,11.147,6.21,5.04,1.17,200,13773,
oficina x245,eventos recientes,11.149,5.43,4.89,0.54,200,14691,
oficina x245,eventos recientes,11.151,5.0,4.36,0.64,200,14691,
oficina x245,panel en vivo,11.155,4.16,2.1,2.05,200,42,
oficina x245,panel en vivo,11.159,2.87,2.11,0.76,200,42,
oficina x245,resumen de video,11.163,7.85,6.22,1.62,200,13773,
oficina x245,eventos recientes,11.164,6.26,5.33,0.93,200,14691,
oficina x245,panel en vivo,11.168,2.96,2.3,0.67,200,42,
oficina x245,panel en vivo,11.172,12.93,11.51,1.43,200,42,
oficina x245,resumen de video,11.174,15.97,15.45,0.53,200,13773,
oficina x245,panel en vivo,11.175,9.82,9.62,0.2,200,42,
oficina x245,panel en vivo,11.179,4.78,4.11,0.66,200,42,
oficina x245,resumen de video,11.181,37.6,36.91,0.69,200,13773,
oficina x245,panel en vivo,11.183,9.68,7.94,1.74,200,42,
oficina x245,eventos recientes,11.184,17.12,15.94,1.17,200,14691,
oficina x245,resumen de video,11.184,32.79,30.88,1.91,200,13773,
oficina x245,panel en vivo,11.187,7.2,6.68,0.52,200,42,
oficina x245,panel en vivo,11.188,5.48,5.13,0.35,200,42,
oficina x245,estado del sistema,11.189,13.01,12.45,0.56,200,318,
oficina x245,panel en vivo,11.195,8.31,7.66,0.65,200,42,
oficina x245,resumen de video,11.195,15.87,15.21,0.66,200,13773,
oficina x245,estado del sistema,11.195,16.85,16.17,0.68,200,318,
oficina x245,resumen de video,11.196,18.66,17.91,0.74,200,13773,
oficina x245,panel en vivo,11.196,8.9,7.89,1.01,200,42,
oficina x245,estado del sistema,11.201,4.75,3.86,0.89,200,318,
oficina x245,estado del sistema,11.207,11.36,10.85,0.51,200,318,
oficina x245,panel en vivo,11.214,5.71,3.7,2.0,200,42,
oficina x245,panel en vivo,11.221,3.17,2.12,1.05,200,42,
oficina x245,panel en vivo,11.223,2.94,2.18,0.76,200,42,
oficina x245,estado del sistema,11.225,2.79,2.25,0.54,200,318,
oficina x245,resumen de video,11.229,9.65,8.72,0.93,200,13773,
oficina x245,panel en vivo,11.23,8.16,7.61,0.55,200,42,
oficina x245,panel en vivo,11.234,6.07,5.17,0.89,200,42,
oficina x245,eventos recientes,11.235,8.47,8.04,0.42,200,14691,
oficina x245,eventos recientes,11.236,5.09,4.16,0.92,200,14691,
oficina x245,panel en vivo,11.241,2.95,2.73,0.22,200,42,
oficina x245,panel en vivo,11.248,17.6,16.65,0.94,200,42,
oficina x245,resumen de video,11.249,17.71,16.78,0.93,200,13773,
oficina x245,estado del sistema,11.249,9.37,8.7,0.67,200,318,
oficina x245,panel en vivo,11.249,9.01,7.2,1.8,200,42,
oficina x245,panel en vivo,11.251,10.7,9.51,1.19,200,42,
oficina x245,resumen de video,11.251,16.32,13.0,3.32,200,13773,
oficina x245,estado del sistema,11.255,5.73,5.25,0.48,200,318,
oficina x245,panel en vivo,11.257,10.34,9.17,1.17,200,42,
oficina x245,panel en vivo,11.259,7.44,6.83,0.62,200,42,
oficina x245,eventos recientes,11.261,5.91,5.33,0.58,200,14691,
oficina x245,eventos recientes,11.262,8.59,8.1,0.48,200,14691,
oficina x245,panel en vivo,11.266,3.69,3.03,0.65,200,42,
oficina x245,panel en vivo,11.269,3.53,2.24,1.28,200,42,
oficina x245,panel en vivo,11.273,11.66,10.83,0.83,200,42,
oficina x245,panel en vivo,11.277,4.55,3.66,0.88,200,42,
oficina x245,eventos recientes,11.284,8.4,6.38,2.02,200,14691,
oficina x245,eventos recientes,11.285,8.16,7.91,0.24,200,14691,
oficina x245,resumen de video,11.286,6.95,6.82,0.13,200,13773,
oficina x245,panel en vivo,11.29,2.77,2.2,0.56,200,42,
oficina x245,panel en vivo,11.302,9.78,8.6,1.17,200,42,
oficina x245,panel en vivo,11.303,6.44,5.46,0.99,200,42,
oficina x245,estado del sistema,11.303,18.37,15.63,2.73,200,318,
oficina x245,panel en vivo,11.304,5.4,4.65,0.75,200,42,
oficina x245,panel en vivo,11.304,14.85,12.43,2.42,200,42,
oficina x245,panel en vivo,11.309,11.82,11.09,0.73,200,42,
oficina x245,estado del sistema,11.309,15.16,14.92,0.25,200,318,
oficina x245,eventos recientes,11.309,11.47,8.42,3.06,200,14691,
oficina x245,eventos recientes,11.31,11.83,11.36,0.48,200,14691,
oficina x245,estado del sistema,11.31,14.82,8.48,6.34,200,318,
oficina x245,panel en vivo,11.311,14.9,8.71,6.2,200,42,
oficina x245,panel en vivo,11.313,19.52,14.11,5.41,200,42,
oficina x245,panel en vivo,11.314,7.2,6.74,0.46,200,42,
oficina x245,resumen de video,11.316,16.95,14.33,2.62,200,13773,
oficina x245,eventos recientes,11.316,5.48,4.39,1.09,200,14691,
oficina x245,resumen de video,11.317,14.41,9.86,4.54,200,13773,
oficina x245,resumen de video,11.325,6.02,4.69,1.33,200,13773,
oficina x245,resumen de video,11.329,8.82,6.27,2.54,200,13773,
oficina x245,panel en vivo,11.331,6.02,3.85,2.17,200,42,
oficina x245,eventos recientes,11.336,3.33,2.37,0.96,200,14691,
oficina x245,panel en vivo,11.337,8.47,7.43,1.05,200,42,
oficina x245,panel en vivo,11.338,7.72,7.21,0.52,200,42,
oficina x245,panel en vivo,11.339,9.45,2.17,7.28,200,42,
oficina x245,panel en vivo,11.342,2.62,1.89,0.73,200,42,
oficina x245,estado del sistema,11.343,6.26,4.4,1.86,200,318,
oficina x245,buscar contacto,11.343,14.61,12.61,2.0,200,561,
oficina x245,estado del sistema,11.346,9.51,8.58,0.93,200,318,
oficina x245,eventos recientes,11.347,5.58,4.77,0.81,200,14691,
oficina x245,panel en vivo,11.348,8.6,7.92,0.68,200,42,
oficina x245,resumen de video,11.349,13.42,8.48,4.94,200,13773,
oficina x245,resumen de video,11.35,13.83,12.26,1.57,200,13773,
oficina x245,resumen de video,11.35,10.96,7.27,3.69,200,13773,
oficina x245,eventos recientes,11.352,4.42,4.32,0.1,200,14691,
oficina x245,resumen de video,11.358,6.73,6.57,0.16,200,13773,
oficina x245,panel en vivo,11.361,3.13,2.0,1.13,200,42,
oficina x245,eventos recientes,11.366,3.2,2.44,0.77,200,14691,
oficina x245,resumen de video,11.368,4.25,3.92,0.33,200,13773,
oficina x245,eventos recientes,11.37,3.02,2.17,0.85,200,14691,
oficina x245,eventos recientes,11.37,4.05,3.41,0.64,200,14691,
oficina x245,resumen de video,11.373,7.19,6.64,0.55,200,13773,
oficina x245,resumen de video,11.373,7.51,6.73,0.78,200,13773,
oficina x245,panel en vivo,11.376,5.44,5.04,0.4,200,42,
oficina x245,panel en vivo,11.378,3.55,3.28,0.27,200,42,
oficina x245,panel en vivo,11.383,4.41,3.86,0.54,200,42,
oficina x245,panel en vivo,11.383,5.25,3.62,1.63,200,42,
oficina x245,panel en vivo,11.39,3.69,2.12,1.58,200,42,
oficina x245,estado del sistema,11.391,7.51,6.0,1.51,200,318,
oficina x245,eventos recientes,11.393,3.6,3.31,0.29,200,14691,
oficina x245,panel en vivo,11.394,4.04,3.83,0.21,200,42,
oficina x245,panel en vivo,11.399,3.49,2.37,1.13,200,42,
oficina x245,panel en vivo,11.4,2.8,2.65,0.16,200,42,
oficina x245,metricas contactos,11.404,9.26,5.11,4.15,200,916,
oficina x245,panel en vivo,11.405,11.69,8.91,2.78,200,42,
oficina x245,panel en vivo,11.409,8.83,7.81,1.02,200,42,
oficina x245,eventos recientes,11.41,6.4,5.05,1.34,200,14691,
oficina x245,resumen de video,11.414,14.74,12.38,2.36,200,13773,
oficina x245,resumen de video,11.418,13.31,12.41,0.9,200,13773,
oficina x245,panel en vivo,11.42,12.47,11.5,0.97,200,42,
oficina x245,eventos recientes,11.42,10.96,9.27,1.68,200,14691,
oficina x245,panel en vivo,11.42,16.48,15.71,0.77,200,42,
oficina x245,resumen de video,11.421,10.47,8.68,1.79,200,13773,
oficina x245,panel en vivo,11.423,14.31,11.69,2.62,200,42,
oficina x245,panel en vivo,11.441,3.39,2.25,1.14,200,42,
oficina x245,panel en vivo,11.443,10.8,10.34,0.46,200,42,
oficina x245,eventos recientes,11.444,15.7,14.75,0.96,200,14691,
oficina x245,resumen de video,11.444,9.24,8.85,0.4,200,13773,
oficina x245,resumen de video,11.444,17.78,16.52,1.26,200,13773,
oficina x245,panel en vivo,11.447,8.57,7.78,0.8,200,42,
oficina x245,resumen de video,11.448,26.87,26.39,0.48,200,13773,
oficina x245,resumen de video,11.449,13.74,13.0,0.74,200,13773,
oficina x245,resumen de video,11.454,23.83,22.6,1.23,200,13773,
oficina x245,resumen de video,11.455,10.75,9.66,1.09,200,13773,
oficina x245,panel en vivo,11.456,12.22,10.16,2.06,200,42,
oficina x245,resumen de video,11.458,12.57,11.56,1.01,200,13773,
oficina x245,panel en vivo,11.461,6.59,5.34,1.25,200,42,
oficina x245,estado del sistema,11.465,6.52,5.82,0.7,200,318,
oficina x245,eventos recientes,11.466,7.82,7.43,0.39,200,14691,
oficina x245,panel en vivo,11.471,8.82,7.76,1.05,200,42,
oficina x245,eventos recientes,11.473,8.49,5.06,3.43,200,14691,
oficina x245,eventos recientes,11.473,9.09,8.35,0.74,200,14691,
oficina x245,eventos recientes,11.474,7.76,7.59,0.17,200,14691,
oficina x245,panel en vivo,11.477,6.73,6.05,0.67,200,42,
oficina x245,eventos recientes,11.482,3.62,3.0,0.62,200,14691,
oficina x245,panel en vivo,11.485,3.43,2.6,0.83,200,42,
oficina x245,panel en vivo,11.485,3.36,2.75,0.61,200,42,
oficina x245,panel en vivo,11.492,10.27,9.21,1.05,200,42,
oficina x245,panel en vivo,11.492,10.48,9.07,1.41,200,42,
oficina x245,eventos recientes,11.494,8.5,8.35,0.14,200,14691,
oficina x245,resumen de video,11.495,11.22,5.54,5.68,200,13773,
oficina x245,estado del sistema,11.5,2.84,2.2,0.64,200,318,
oficina x245,panel en vivo,11.505,3.49,2.35,1.14,200,42,
oficina x245,estado del sistema,11.52,4.01,3.83,0.18,200,318,
oficina x245,resumen de video,11.52,8.29,7.04,1.25,200,13773,
oficina x245,panel en vivo,11.522,7.85,7.13,0.71,200,42,
oficina x245,eventos recientes,11.526,7.89,6.48,1.41,200,14691,
oficina x245,resumen de video,11.526,15.74,14.29,1.45,200,13773,
oficina x245,panel en vivo,11.529,4.14,3.5,0.65,200,42,
oficina x245,panel en vivo,11.53,3.51,2.98,0.53,200,42,
oficina x245,eventos recientes,11.531,13.04,10.3,2.74,200,14691,
oficina x245,panel en vivo,11.532,10.74,10.3,0.44,200,42,
oficina x245,eventos recientes,11.534,15.42,14.7,0.72,200,14691,
oficina x245,panel en vivo,11.534,9.13,8.95,0.18,200,42,
oficina x245,resumen de video,11.535,10.79,10.24,0.55,200,13773,
oficina x245,resumen de video,11.536,25.1,23.43,1.67,200,13773,
oficina x245,eventos recientes,11.539,21.05,17.91,3.14,200,14691,
oficina x245,resumen de video,11.541,16.76,16.33,0.42,200,13773,
oficina x245,eventos recientes,11.541,16.46,15.69,0.77,200,14691,
oficina x245,panel en vivo,11.544,7.3,5.7,1.6,200,42,
oficina x245,estado del sistema,11.552,11.86,7.6,4.27,200,318,
oficina x245,eventos recientes,11.558,15.15,12.92,2.23,200,14691,
oficina x245,panel en vivo,11.559,7.18,4.87,2.3,200,42,
oficina x245,eventos recientes,11.56,12.28,11.44,0.84,200,14691,
oficina x245,resumen de video,11.563,10.7,9.16,1.54,200,13773,
oficina x245,eventos recientes,11.564,9.49,8.07,1.42,200,14691,
oficina x245,panel en vivo,11.564,6.64,4.78,1.86,200,42,
oficina x245,estado del sistema,11.572,4.54,2.71,1.84,200,318,
oficina x245,panel en vivo,11.573,4.52,3.0,1.52,200,42,
oficina x245,panel en vivo,11.581,2.42,1.95,0.48,200,42,
oficina x245,panel en vivo,11.584,2.95,1.98,0.97,200,42,
oficina x245,panel en vivo,11.588,3.12,2.75,0.37,200,42,
oficina x245,eventos recientes,11.59,12.05,11.15,0.9,200,14691,
oficina x245,resumen de video,11.595,15.82,14.67,1.14,200,13773,
oficina x245,resumen de video,11.596,16.76,15.93,0.83,200,13773,
oficina x245,panel en vivo,11.597,16.07,15.58,0.49,200,42,
oficina x245,panel en vivo,11.599,19.23,18.92,0.31,200,42,
oficina x245,estado del sistema,11.6,12.19,11.9,0.29,200,318,
oficina x245,panel en vivo,11.601,17.37,16.8,0.57,200,42,
oficina x245,resumen de video,11.602,20.84,18.66,2.18,200,13773,
oficina x245,eventos recientes,11.602,18.49,15.86,2.63,200,14691,
oficina x245,resumen de video,11.604,16.22,15.19,1.03,200,13773,
oficina x245,estado del sistema,11.608,12.23,10.81,1.42,200,318,
oficina x245,resumen de video,11.609,10.64,9.56,1.09,200,13773,
oficina x245,resumen de video,11.613,9.66,8.56,1.1,200,13773,
oficina x245,eventos recientes,11.614,7.96,6.93,1.03,200,14691,
oficina x245,estado del sistema,11.618,9.01,6.29,2.72,200,318,
oficina x245,panel en vivo,11.622,5.31,4.13,1.18,200,42,
oficina x245,resumen de video,11.623,5.64,4.7,0.94,200,13773,
oficina x245,panel en vivo,11.624,8.74,8.57,0.17,200,42,
oficina x245,panel en vivo,11.634,2.78,1.98,0.8,200,42,
oficina x245,resumen de video,11.638,4.52,3.9,0.61,200,13773,
oficina x245,eventos recientes,11.646,8.39,7.4,0.99,200,14691,
oficina x245,resumen de video,11.647,26.08,25.55,0.52,200,13773,
oficina x245,eventos recientes,11.648,21.24,16.27,4.97,200,14691,
oficina x245,panel en vivo,11.648,5.05,3.83,1.22,200,42,
oficina x245,panel en vivo,11.649,10.73,6.27,4.45,200,42,
oficina x245,panel en vivo,11.649,5.32,4.64,0.67,200,42,
oficina x245,resumen de video,11.652,21.24,20.58,0.67,200,13773,
oficina x245,resumen de video,11.659,10.59,9.88,0.71,200,13773,
oficina x245,panel en vivo,11.66,10.09,8.21,1.88,200,42,
oficina x245,panel en vivo,11.66,9.28,8.72,0.56,200,42,
oficina x245,eventos recientes,11.668,5.81,4.82,0.99,200,14691,
oficina x245,panel en vivo,11.67,3.97,3.57,0.4,200,42,
oficina x245,panel en vivo,11.676,2.37,2.06,0.31,200,42,
oficina x245,panel en vivo,11.678,3.44,2.72,0.72,200,42,
oficina x245,estado del sistema,11.679,3.37,2.92,0.45,200,318,
oficina x245,panel en vivo,11.68,3.04,2.04,1.0,200,42,
oficina x245,panel en vivo,11.684,2.81,2.05,0.76,200,42,
oficina x245,panel en vivo,11.685,3.39,2.81,0.57,200,42,
oficina x245,eventos recientes,11.685,4.18,3.44,0.73,200,14691,
oficina x245,panel en vivo,11.697,3.28,2.33,0.94,200,42,
oficina x245,panel en vivo,11.699,3.28,1.9,1.38,200,42,
oficina x245,panel en vivo,11.7,2.81,2.69,0.12,200,42,
oficina x245,resumen de video,11.702,10.72,9.89,0.83,200,13773,
oficina x245,resumen de video,11.704,9.91,8.98,0.93,200,13773,
oficina x245,resumen de video,11.706,39.17,38.13,1.04,200,13773,
oficina x245,eventos recientes,11.706,11.92,11.74,0.18,200,14691,
oficina x245,panel en vivo,11.707,7.98,6.94,1.04,200,42,
oficina x245,eventos recientes,11.708,22.88,19.23,3.65,200,14691,
oficina x245,panel en vivo,11.708,11.12,10.84,0.28,200,42,
oficina x245,panel en vivo,11.71,9.48,7.86,1.62,200,42,
oficina x245,eventos recientes,11.711,21.56,18.53,3.02,200,14691,
oficina x245,panel en vivo,11.712,7.33,4.97,2.36,200,42,
oficina x245,eventos recientes,11.712,24.49,24.04,0.44,200,14691,
oficina x245,estado del sistema,11.719,21.81,20.47,1.34,200,318,
oficina x245,panel en vivo,11.719,3.13,2.28,0.85,200,42,
oficina x245,panel en vivo,11.723,7.07,6.82,0.25,200,42,
oficina x245,eventos recientes,11.729,15.49,15.3,0.19,200,14691,
oficina x245,resumen de video,11.731,16.7,15.54,1.16,200,13773,
oficina x245,panel en vivo,11.732,6.85,5.95,0.9,200,42,
oficina x245,panel en vivo,11.733,6.3,5.34,0.95,200,42,
oficina x245,panel en vivo,11.734,4.24,3.87,0.37,200,42,
oficina x245,eventos recientes,11.736,11.74,11.37,0.37,200,14691,
oficina x245,eventos recientes,11.736,12.58,4.77,7.81,200,14691,
oficina x245,panel en vivo,11.745,10.48,8.79,1.7,200,42,
oficina x245,panel en vivo,11.746,10.39,9.58,0.82,200,42,
oficina x245,panel en vivo,11.746,7.95,2.55,5.4,200,42,
oficina x245,panel en vivo,11.75,3.23,2.35,0.88,200,42,
oficina x245,estado del sistema,11.753,5.24,4.01,1.23,200,318,
oficina x245,resumen de video,11.755,10.65,8.8,1.85,200,13773,
oficina x245,eventos recientes,11.755,6.92,4.87,2.05,200,14691,
oficina x245,estado del sistema,11.758,6.62,6.45,0.17,200,318,
oficina x245,eventos recientes,11.758,4.83,4.25,0.57,200,14691,
oficina x245,resumen de video,11.767,9.56,8.3,1.26,200,13773,
oficina x245,eventos recientes,11.767,7.89,7.26,0.64,200,14691,
oficina x245,panel en vivo,11.767,10.01,7.31,2.69,200,42,
oficina x245,eventos recientes,11.773,4.61,3.98,0.63,200,14691,
oficina x245,panel en vivo,11.777,5.21,4.61,0.6,200,42,
oficina x245,eventos recientes,11.779,6.53,6.08,0.45,200,14691,
oficina x245,panel en vivo,11.779,4.38,4.24,0.14,200,42,
oficina x245,estado del sistema,11.781,5.47,3.57,1.89,200,318,
oficina x245,panel en vivo,11.783,4.95,3.42,1.53,200,42,
oficina x245,panel en vivo,11.784,2.85,2.53,0.32,200,42,
oficina x245,panel en vivo,11.788,4.11,2.45,1.66,200,42,
oficina x245,panel en vivo,11.789,5.61,4.8,0.82,200,42,
oficina x245,eventos recientes,11.791,11.89,10.35,1.55,200,14691,
oficina x245,panel en vivo,11.797,7.72,7.23,0.48,200,42,
oficina x245,resumen de video,11.798,6.64,6.05,0.59,200,13773,
oficina x245,panel en vivo,11.799,5.42,4.44,0.99,200,42,
oficina x245,panel en vivo,11.803,8.66,7.16,1.5,200,42,
oficina x245,panel en vivo,11.804,9.79,8.98,0.82,200,42,
oficina x245,panel en vivo,11.805,9.83,8.82,1.01,200,42,
oficina x245,estado del sistema,11.805,10.61,9.29,1.31,200,318,
oficina x245,panel en vivo,11.81,5.14,4.3,0.85,200,42,
oficina x245,panel en vivo,11.814,4.85,3.72,1.13,200,42,
oficina x245,estado del sistema,11.815,4.74,3.82,0.92,200,318,
oficina x245,eventos recientes,11.818,3.71,2.91,0.8,200,14691,
oficina x245,panel en vivo,11.82,3.58,2.7,0.88,200,42,
oficina x245,estado del sistema,11.822,3.47,1.98,1.49,200,318,
oficina x245,panel en vivo,11.826,2.77,1.96,0.81,200,42,
oficina x245,panel en vivo,11.827,11.49,11.32,0.16,200,42,
oficina x245,eventos recientes,11.83,4.25,3.72,0.54,200,14691,
oficina x245,resumen de video,11.832,6.59,4.6,2.0,200,13773,
oficina x245,resumen de video,11.832,9.19,8.27,0.91,200,13773,
oficina x245,estado del sistema,11.841,2.45,2.31,0.14,200,318,
oficina x245,eventos recientes,11.847,9.21,8.24,0.98,200,14691,
oficina x245,eventos recientes,11.847,10.24,8.91,1.34,200,14691,
oficina x245,estado del sistema,11.85,6.26,5.43,0.84,200,318,
oficina x245,panel en vivo,11.85,6.56,6.23,0.33,200,42,
oficina x245,eventos recientes,11.854,8.45,7.77,0.68,200,14691,
oficina x245,estado del sistema,11.854,8.72,7.84,0.88,200,318,
oficina x245,estado del sistema,11.857,4.3,3.22,1.07,200,318,
oficina x245,resumen de video,11.86,5.11,4.1,1.01,200,13773,
oficina x245,panel en vivo,11.865,2.7,2.06,0.63,200,42,
oficina x245,panel en vivo,11.866,6.43,5.54,0.89,200,42,
oficina x245,panel en vivo,11.869,6.48,5.57,0.9,200,42,
oficina x245,panel en vivo,11.87,6.54,5.15,1.39,200,42,
oficina x245,panel en vivo,11.87,4.85,3.05,1.79,200,42,
oficina x245,panel en vivo,11.872,3.17,2.71,0.46,200,42,
oficina x245,estado del sistema,11.877,2.24,1.96,0.29,200,318,
oficina x245,panel en vivo,11.878,3.62,3.06,0.56,200,42,
oficina x245,resumen de video,11.878,5.35,4.67,0.68,200,13773,
oficina x245,resumen de video,11.883,8.08,7.52,0.57,200,13773,
oficina x245,resumen de video,11.884,8.39,7.63,0.75,200,13773,
oficina x245,resumen de video,11.886,10.36,8.91,1.46,200,13773,
oficina x245,contactos recientes,11.894,4.28,3.26,1.02,200,1557,
oficina x245,estado del sistema,11.896,3.15,2.29,0.86,200,318,
oficina x245,eventos recientes,11.897,4.47,3.1,1.36,200,14691,
oficina x245,resumen de video,11.899,5.06,4.02,1.04,200,13773,
oficina x245,panel en vivo,11.906,6.88,5.9,0.97,200,42,
oficina x245,panel en vivo,11.907,2.66,1.75,0.91,200,42,
oficina x245,panel en vivo,11.913,2.98,2.08,0.9,200,42,
oficina x245,panel en vivo,11.919,4.51,3.95,0.56,200,42,
oficina x245,estado del sistema,11.921,3.84,2.58,1.26,200,318,
oficina x245,estado del sistema,11.925,7.27,6.91,0.36,200,318,
oficina x245,panel en vivo,11.925,5.47,3.9,1.57,200,42,
oficina x245,eventos recientes,11.927,5.39,4.34,1.05,200,14691,
oficina x245,panel en vivo,11.928,7.87,6.92,0.94,200,42,
oficina x245,resumen de video,11.929,5.27,5.06,0.2,200,13773,
oficina x245,panel en vivo,11.932,4.78,3.72,1.06,200,42,
oficina x245,panel en vivo,11.934,4.12,3.53,0.59,200,42,
oficina x245,resumen de video,11.937,4.9,4.52,0.39,200,13773,
oficina x245,panel en vivo,11.939,4.95,4.15,0.81,200,42,
oficina x245,resumen de video,11.94,5.97,4.47,1.5,200,13773,
oficina x245,panel en vivo,11.945,2.44,2.28,0.16,200,42,
oficina x245,panel en vivo,11.949,2.97,2.26,0.71,200,42,
oficina x245,panel en vivo,11.951,2.92,1.89,1.02,200,42,
oficina x245,panel en vivo,11.954,3.48,3.0,0.49,200,42,
oficina x245,eventos recientes,11.955,3.07,2.85,0.22,200,14691,
oficina x245,resumen de video,11.958,9.41,8.4,1.02,200,13773,
oficina x245,panel en vivo,11.963,10.4,9.34,1.06,200,42,
oficina x245,eventos recientes,11.967,14.66,9.69,4.97,200,14691,
oficina x245,eventos recientes,11.972,12.97,11.41,1.56,200,14691,
oficina x245,eventos recientes,11.973,13.9,13.2,0.7,200,14691,
oficina x245,eventos recientes,11.974,11.83,11.62,0.21,200,14691,
oficina x245,resumen de video,11.974,13.46,13.15,0.31,200,13773,
oficina x245,panel en vivo,11.977,7.58,7.05,0.53,200,42,
oficina x245,panel en vivo,11.98,3.38,3.15,0.23,200,42,
oficina x245,eventos recientes,11.99,4.22,3.31,0.9,200,14691,
oficina x245,panel en vivo,11.991,3.38,2.57,0.81,200,42,
oficina x245,resumen de video,11.999,5.39,4.86,0.53,200,13773,
oficina x245,estado del sistema,12.001,3.53,2.65,0.87,200,318,
oficina x245,panel en vivo,12.002,4.59,3.61,0.98,200,42,
oficina x245,panel en vivo,12.003,3.33,3.09,0.24,200,42,
oficina x245,eventos recientes,12.007,5.84,4.13,1.7,200,14691,
oficina x245,panel en vivo,12.01,2.95,2.11,0.84,200,42,
oficina x245,eventos recientes,12.01,4.96,3.55,1.41,200,14691,
oficina x245,eventos recientes,12.018,4.38,3.83,0.56,200,14691,
oficina x245,panel en vivo,12.019,2.92,2.02,0.9,200,42,
oficina x245,eventos recientes,12.021,6.35,3.34,3.01,200,14691,
oficina x245,estado del sistema,12.029,3.22,2.2,1.02,200,318,
oficina x245,eventos recientes,12.03,5.06,3.41,1.65,200,14691,
oficina x245,eventos recientes,12.032,3.97,3.51,0.46,200,14691,
oficina x245,panel en vivo,12.033,3.91,3.4,0.51,200,42,
oficina x245,resumen de video,12.036,4.22,3.88,0.34,200,13773,
oficina x245,resumen de video,12.038,31.38,30.43,0.96,200,13773,
oficina x245,panel en vivo,12.039,8.43,7.28,1.15,200,42,
oficina x245,resumen de video,12.04,17.09,16.25,0.83,200,13773,
oficina x245,panel en vivo,12.041,4.28,3.56,0.72,200,42,
oficina x245,eventos recientes,12.043,10.88,10.51,0.38,200,14691,
oficina x245,eventos recientes,12.044,7.14,7.06,0.08,200,14691,
oficina x245,eventos recientes,12.045,13.56,13.11,0.45,200,14691,
oficina x245,eventos recientes,12.045,10.17,9.6,0.57,200,14691,
oficina x245,resumen de video,12.048,27.3,26.88,0.42,200,13773,
oficina x245,resumen de video,12.051,14.12,13.8,0.32,200,13773,
oficina x245,estado del sistema,12.056,6.39,5.43,0.96,200,318,
oficina x245,eventos recientes,12.059,8.81,8.08,0.73,200,14691,
oficina x245,resumen de video,12.06,12.12,11.25,0.88,200,13773,
oficina x245,panel en vivo,12.062,7.02,5.68,1.33,200,42,
oficina x245,panel en vivo,12.062,3.73,3.6,0.13,200,42,
oficina x245,panel en vivo,12.064,4.17,3.05,1.12,200,42,
oficina x245,resumen de video,12.065,11.75,9.88,1.87,200,13773,
oficina x245,panel en vivo,12.073,4.36,3.6,0.76,200,42,
oficina x245,panel en vivo,12.075,8.22,5.91,2.31,200,42,
oficina x245,estado del sistema,12.075,7.79,5.1,2.69,200,318,
oficina x245,metricas documentos,12.079,4.87,4.68,0.2,200,2650,
oficina x245,panel en vivo,12.079,5.47,3.57,1.9,200,42,
oficina x245,resumen de video,12.083,6.34,4.95,1.39,200,13773,
oficina x245,panel en vivo,12.085,12.64,11.57,1.07,200,42,
oficina x245,estado del sistema,12.086,6.18,3.97,2.21,200,318,
oficina x245,panel en vivo,12.086,11.99,11.23,0.76,200,42,
oficina x245,panel en vivo,12.087,9.5,7.12,2.38,200,42,
oficina x245,panel en vivo,12.088,8.83,6.99,1.84,200,42,
oficina x245,panel en vivo,12.091,3.51,2.8,0.7,200,42,
oficina x245,panel en vivo,12.092,2.95,2.72,0.23,200,42,
oficina x245,estado del sistema,12.093,7.83,7.25,0.58,200,318,
oficina x245,panel en vivo,12.097,10.12,8.68,1.44,200,42,
oficina x245,resumen de video,12.098,8.72,8.41,0.31,200,13773,
oficina x245,panel en vivo,12.098,8.75,8.18,0.56,200,42,
oficina x245,eventos recientes,12.1,12.0,10.92,1.08,200,14691,
oficina x245,panel en vivo,12.102,5.69,5.35,0.34,200,42,
oficina x245,panel en vivo,12.104,7.04,6.52,0.52,200,42,
oficina x245,panel en vivo,12.105,5.25,2.82,2.43,200,42,
oficina x245,panel en vivo,12.109,4.68,2.42,2.26,200,42,
oficina x245,resumen de video,12.116,6.56,5.62,0.94,200,13773,
oficina x245,panel en vivo,12.116,3.68,3.28,0.4,200,42,
oficina x245,resumen de video,12.119,5.04,4.59,0.45,200,13773,
oficina x245,panel en vivo,12.137,3.96,2.5,1.46,200,42,
oficina x245,panel en vivo,12.139,3.41,2.56,0.85,200,42,
oficina x245,bandeja de documentos,12.141,7.26,5.14,2.12,200,12476,
oficina x245,eventos recientes,12.141,15.63,13.04,2.59,200,14691,
oficina x245,resumen de video,12.142,7.7,7.51,0.19,200,13773,
oficina x245,panel en vivo,12.143,11.46,9.52,1.93,200,42,
oficina x245,panel en vivo,12.144,6.7,5.5,1.2,200,42,
oficina x245,resumen de video,12.145,10.94,10.01,0.93,200,13773,
oficina x245,resumen de video,12.149,18.37,17.04,1.33,200,13773,
oficina x245,eventos recientes,12.152,12.73,12.38,0.35,200,14691,
oficina x245,resumen de video,12.154,19.25,18.57,0.69,200,13773,
oficina x245,panel en vivo,12.154,7.74,6.63,1.11,200,42,
oficina x245,estado del sistema,12.156,16.73,15.35,1.38,200,318,
oficina x245,panel en vivo,12.157,19.34,18.27,1.07,200,42,
oficina x245,eventos recientes,12.158,14.0,12.53,1.48,200,14691,
oficina x245,panel en vivo,12.159,14.27,13.74,0.53,200,42,
oficina x245,panel en vivo,12.16,14.13,11.68,2.46,200,42,
oficina x245,resumen de video,12.165,8.36,7.86,0.5,200,13773,
oficina x245,panel en vivo,12.167,6.36,5.44,0.91,200,42,
oficina x245,eventos recientes,12.171,11.84,6.53,5.31,200,14691,
oficina x245,panel en vivo,12.172,5.06,4.24,0.82,200,42,
oficina x245,resumen de video,12.174,13.42,13.28,0.13,200,13773,
oficina x245,eventos recientes,12.175,10.07,9.38,0.69,200,14691,
oficina x245,estado del sistema,12.175,10.91,9.94,0.97,200,318,
oficina x245,panel en vivo,12.181,8.75,4.27,4.48,200,42,
oficina x245,eventos recientes,12.184,15.14,14.94,0.2,200,14691,
oficina x245,resumen de video,12.185,16.83,14.61,2.22,200,13773,
oficina x245,panel en vivo,12.186,6.47,4.25,2.22,200,42,
oficina x245,panel en vivo,12.187,6.23,5.39,0.84,200,42,
oficina x245,eventos recientes,12.188,12.69,12.25,0.44,200,14691,
oficina x245,panel en vivo,12.19,3.99,3.38,0.61,200,42,
oficina x245,eventos recientes,12.192,4.79,3.81,0.98,200,14691,
oficina x245,resumen de video,12.194,11.69,11.4,0.29,200,13773,
oficina x245,panel en vivo,12.194,2.94,2.75,0.19,200,42,
oficina x245,panel en vivo,12.199,9.01,8.82,0.19,200,42,
oficina x245,resumen de video,12.2,19.41,17.24,2.17,200,13773,
oficina x245,panel en vivo,12.202,5.79,5.57,0.22,200,42,
oficina x245,panel en vivo,12.202,4.94,4.36,0.59,200,42,
oficina x245,estado del sistema,12.202,15.8,14.98,0.82,200,318,
oficina x245,panel en vivo,12.204,6.31,5.45,0.86,200,42,
oficina x245,resumen de video,12.205,13.14,9.37,3.78,200,13773,
oficina x245,panel en vivo,12.206,9.47,7.61,1.86,200,42,
oficina x245,eventos recientes,12.208,8.59,7.37,1.22,200,14691,
oficina x245,panel en vivo,12.211,6.7,5.66,1.03,200,42,
oficina x245,panel en vivo,12.211,7.57,7.33,0.24,200,42,
oficina x245,panel en vivo,12.214,7.44,6.48,0.96,200,42,
oficina x245,eventos recientes,12.219,3.75,3.33,0.42,200,14691,
oficina x245,panel en vivo,12.227,2.26,1.89,0.38,200,42,
oficina x245,estado del sistema,12.232,3.08,2.7,0.38,200,318,
oficina x245,eventos recientes,12.235,5.78,4.98,0.79,200,14691,
oficina x245,panel en vivo,12.236,4.74,4.24,0.5,200,42,
oficina x245,eventos recientes,12.237,3.81,3.39,0.42,200,14691,
oficina x245,eventos recientes,12.237,6.39,2.97,3.42,200,14691,
oficina x245,eventos recientes,12.238,2.93,2.26,0.67,200,14691,
oficina x245,panel en vivo,12.244,3.54,1.97,1.57,200,42,
oficina x245,estado del sistema,12.247,2.23,1.87,0.36,200,318,
oficina x245,estado del sistema,12.249,2.26,1.99,0.27,200,318,
oficina x245,panel en vivo,12.25,4.1,3.39,0.71,200,42,
oficina x245,estado del sistema,12.25,11.2,9.75,1.45,200,318,
oficina x245,eventos recientes,12.253,9.99,9.47,0.53,200,14691,
oficina x245,panel en vivo,12.253,9.08,8.52,0.56,200,42,
oficina x245,estado del sistema,12.255,4.7,4.25,0.45,200,318,
oficina x245,resumen de video,12.255,8.13,7.41,0.72,200,13773,
oficina x245,estado del sistema,12.259,5.17,3.91,1.27,200,318,
oficina x245,panel en vivo,12.259,5.14,3.7,1.45,200,42,
oficina x245,panel en vivo,12.266,3.34,2.93,0.42,200,42,
oficina x245,panel en vivo,12.267,4.16,3.86,0.3,200,42,
oficina x245,panel en vivo,12.267,4.9,3.33,1.57,200,42,
oficina x245,eventos recientes,12.27,3.57,2.42,1.15,200,14691,
oficina x245,resumen de video,12.272,5.43,4.24,1.19,200,13773,
oficina x245,panel en vivo,12.275,5.39,4.87,0.52,200,42,
oficina x245,panel en vivo,12.275,5.21,4.96,0.25,200,42,
oficina x245,resumen de video,12.275,4.32,3.52,0.81,200,13773,
oficina x245,panel en vivo,12.28,3.25,2.1,1.15,200,42,
oficina x245,panel en vivo,12.286,2.76,1.82,0.94,200,42,
oficina x245,eventos recientes,12.29,2.98,2.38,0.59,200,14691,
oficina x245,eventos recientes,12.292,2.53,2.28,0.26,200,14691,
oficina x245,panel en vivo,12.295,4.69,4.15,0.54,200,42,
oficina x245,panel en vivo,12.298,4.4,1.9,2.5,200,42,
oficina x245,bandeja de documentos,12.302,4.81,3.7,1.11,200,12476,
oficina x245,resumen de video,12.302,5.51,3.72,1.8,200,13773,
oficina x245,panel en vivo,12.309,4.66,1.91,2.75,200,42,
oficina x245,panel en vivo,12.309,2.67,1.93,0.75,200,42,
oficina x245,eventos recientes,12.31,4.95,3.87,1.08,200,14691,
oficina x245,panel en vivo,12.311,10.3,8.49,1.8,200,42,
oficina x245,eventos recientes,12.311,10.32,8.23,2.09,200,14691,
oficina x245,eventos recientes,12.317,3.9,2.83,1.07,200,14691,
oficina x245,panel en vivo,12.318,2.94,2.21,0.72,200,42,
oficina x245,resumen de video,12.321,11.5,11.2,0.3,200,13773,
oficina x245,panel en vivo,12.321,3.78,2.79,0.99,200,42,
oficina x245,panel en vivo,12.321,11.76,11.34,0.42,200,42,
oficina x245,eventos recientes,12.327,5.39,3.0,2.39,200,14691,
oficina x245,eventos recientes,12.327,2.99,2.28,0.7,200,14691,
oficina x245,panel en vivo,12.333,2.14,1.79,0.35,200,42,
oficina x245,panel en vivo,12.338,2.32,1.95,0.37,200,42,
oficina x245,eventos recientes,12.343,5.23,3.53,1.7,200,14691,
oficina x245,panel en vivo,12.344,7.82,6.13,1.68,200,42,
oficina x245,estado del sistema,12.349,3.02,2.25,0.77,200,318,
oficina x245,panel en vivo,12.353,2.53,1.94,0.59,200,42,
oficina x245,estado del sistema,12.355,4.02,3.57,0.44,200,318,
oficina x245,panel en vivo,12.356,2.52,1.79,0.73,200,42,
oficina x245,panel en vivo,12.357,4.55,3.87,0.68,200,42,
oficina x245,eventos recientes,12.358,3.73,3.48,0.25,200,14691,
oficina x245,panel en vivo,12.359,4.15,3.41,0.74,200,42,
oficina x245,panel en vivo,12.36,2.7,2.0,0.71,200,42,
oficina x245,eventos recientes,12.361,4.26,3.69,0.56,200,14691,
oficina x245,eventos recientes,12.363,6.33,5.53,0.8,200,14691,
oficina x245,resumen de video,12.363,7.28,6.01,1.27,200,13773,
oficina x245,panel en vivo,12.366,4.33,3.33,1.0,200,42,
oficina x245,panel en vivo,12.37,3.23,1.85,1.38,200,42,
oficina x245,panel en vivo,12.374,2.7,1.97,0.73,200,42,
oficina x245,resumen de video,12.376,8.84,7.86,0.98,200,13773,
oficina x245,panel en vivo,12.377,4.72,3.88,0.84,200,42,
oficina x245,panel en vivo,12.378,5.12,4.23,0.89,200,42,
oficina x245,panel en vivo,12.379,7.17,6.37,0.8,200,42,
oficina x245,resumen de video,12.381,9.82,9.22,0.59,200,13773,
oficina x245,eventos recientes,12.383,10.44,9.34,1.1,200,14691,
oficina x245,eventos recientes,12.384,6.98,6.39,0.59,200,14691,
oficina x245,eventos recientes,12.387,10.7,10.38,0.32,200,14691,
oficina x245,panel en vivo,12.389,3.83,3.26,0.57,200,42,
oficina x245,panel en vivo,12.389,5.04,4.38,0.66,200,42,
oficina x245,panel en vivo,12.392,6.93,5.63,1.3,200,42,
oficina x245,resumen de video,12.393,6.92,6.25,0.67,200,13773,
oficina x245,panel en vivo,12.394,5.4,4.58,0.82,200,42,
oficina x245,eventos recientes,12.401,7.57,6.61,0.96,200,14691,
oficina x245,panel en vivo,12.403,9.0,8.36,0.65,200,42,
oficina x245,resumen de video,12.406,8.01,7.03,0.98,200,13773,
oficina x245,panel en vivo,12.407,13.97,10.28,3.69,200,42,
oficina x245,panel en vivo,12.41,11.4,10.61,0.8,200,42,
oficina x245,estado del sistema,12.41,10.17,9.42,0.75,200,318,
oficina x245,resumen de video,12.412,9.3,8.98,0.32,200,13773,
oficina x245,resumen de video,12.413,11.81,10.8,1.01,200,13773,
oficina x245,panel en vivo,12.414,7.87,7.85,0.02,200,42,
oficina x245,resumen de video,12.419,6.44,5.74,0.7,200,13773,
oficina x245,panel en vivo,12.419,7.92,6.24,1.67,200,42,
oficina x245,eventos recientes,12.423,4.09,3.79,0.3,200,14691,
oficina x245,eventos recientes,12.428,2.8,2.62,0.18,200,14691,
oficina x245,eventos recientes,12.433,3.18,2.64,0.54,200,14691,
oficina x245,panel en vivo,12.436,4.3,4.03,0.27,200,42,
oficina x245,panel en vivo,12.439,3.19,2.26,0.93,200,42,
oficina x245,eventos recientes,12.448,4.58,4.22,0.36,200,14691,
oficina x245,eventos recientes,12.449,15.9,14.56,1.33,200,14691,
oficina x245,resumen de video,12.449,11.25,10.52,0.73,200,13773,
oficina x245,panel en vivo,12.449,15.07,13.56,1.5,200,42,
oficina x245,panel en vivo,12.45,14.08,11.52,2.56,200,42,
oficina x245,panel en vivo,12.453,7.73,7.62,0.11,200,42,
oficina x245,eventos recientes,12.455,6.81,5.82,0.99,200,14691,
oficina x245,panel en vivo,12.46,7.0,2.69,4.32,200,42,
oficina x245,panel en vivo,12.461,8.16,6.77,1.38,200,42,
oficina x245,estado del sistema,12.462,6.29,4.56,1.73,200,318,
oficina x245,panel en vivo,12.467,6.3,6.24,0.06,200,42,
oficina x245,panel en vivo,12.467,5.98,5.53,0.45,200,42,
oficina x245,eventos recientes,12.468,3.94,3.31,0.63,200,14691,
oficina x245,panel en vivo,12.468,4.4,4.21,0.19,200,42,
oficina x245,estado del sistema,12.471,4.8,3.72,1.08,200,318,
oficina x245,panel en vivo,12.473,2.81,1.73,1.07,200,42,
oficina x245,panel en vivo,12.477,2.65,2.24,0.41,200,42,
oficina x245,estado del sistema,12.478,2.81,1.81,1.0,200,318,
oficina x245,panel en vivo,12.483,10.78,10.61,0.17,200,42,
oficina x245,resumen de video,12.484,10.78,10.01,0.76,200,13773,
oficina x245,resumen de video,12.484,12.44,11.68,0.77,200,13773,
oficina x245,panel en vivo,12.486,9.96,8.04,1.93,200,42,
oficina x245,panel en vivo,12.487,6.59,5.98,0.61,200,42,
oficina x245,abrir ficha,12.49,5.37,4.29,1.09,200,1045,
oficina x245,panel en vivo,12.501,2.84,2.49,0.35,200,42,
oficina x245,estado del sistema,12.502,7.1,6.16,0.95,200,318,
oficina x245,eventos recientes,12.503,6.97,6.65,0.31,200,14691,
oficina x245,panel en vivo,12.51,2.26,1.92,0.34,200,42,
oficina x245,eventos recientes,12.514,14.35,12.2,2.16,200,14691,
oficina x245,eventos recientes,12.514,13.03,12.4,0.64,200,14691,
oficina x245,estado del sistema,12.515,7.5,6.44,1.06,200,318,
oficina x245,eventos recientes,12.516,13.22,12.67,0.55,200,14691,
oficina x245,panel en vivo,12.516,11.5,11.48,0.02,200,42,
oficina x245,eventos recientes,12.517,11.82,11.58,0.24,200,14691,
oficina x245,panel en vivo,12.521,7.31,7.12,0.19,200,42,
oficina x245,eventos recientes,12.524,5.43,5.1,0.33,200,14691,
oficina x245,panel en vivo,12.528,3.15,2.11,1.04,200,42,
oficina x245,panel en vivo,12.531,1.99,1.87,0.12,200,42,
oficina x245,panel en vivo,12.532,6.66,5.71,0.95,200,42,
oficina x245,estado del sistema,12.533,5.39,5.16,0.24,200,318,
oficina x245,eventos recientes,12.534,4.16,3.46,0.7,200,14691,
oficina x245,eventos recientes,12.536,20.33,19.58,0.75,200,14691,
oficina x245,resumen de video,12.536,17.26,15.98,1.28,200,13773,
oficina x245,panel en vivo,12.539,9.47,8.55,0.92,200,42,
oficina x245,panel en vivo,12.54,14.42,13.48,0.94,200,42,
oficina x245,resumen de video,12.54,17.09,15.85,1.24,200,13773,
oficina x245,panel en vivo,12.54,10.78,9.69,1.08,200,42,
oficina x245,panel en vivo,12.541,10.97,10.61,0.36,200,42,
oficina x245,panel en vivo,12.542,7.71,7.5,0.21,200,42,
oficina x245,panel en vivo,12.543,10.2,10.16,0.04,200,42,
oficina x245,panel en vivo,12.55,4.99,4.44,0.55,200,42,
oficina x245,contactos recientes,12.554,7.5,5.34,2.17,200,1557,
oficina x245,panel en vivo,12.554,9.02,8.52,0.51,200,42,
oficina x245,eventos recientes,12.555,5.37,5.05,0.32,200,14691,
oficina x245,eventos recientes,12.56,6.06,4.75,1.31,200,14691,
oficina x245,panel en vivo,12.562,7.46,5.9,1.56,200,42,
oficina x245,resumen de video,12.564,6.28,5.99,0.29,200,13773,
oficina x245,eventos recientes,12.569,5.62,4.49,1.13,200,14691,
oficina x245,panel en vivo,12.57,3.52,2.89,0.63,200,42,
oficina x245,estado del sistema,12.576,3.69,3.32,0.37,200,318,
oficina x245,resumen de video,12.578,4.08,3.83,0.25,200,13773,
oficina x245,panel en vivo,12.582,2.75,1.91,0.85,200,42,
oficina x245,resumen de video,12.584,12.32,11.72,0.6,200,13773,
oficina x245,panel en vivo,12.585,8.41,5.9,2.5,200,42,
oficina x245,resumen de video,12.587,16.05,14.91,1.14,200,13773,
oficina x245,eventos recientes,12.592,21.69,20.5,1.18,200,14691,
oficina x245,panel en vivo,12.594,10.06,7.93,2.13,200,42,
oficina x245,eventos recientes,12.597,17.33,16.51,0.82,200,14691,
oficina x245,panel en vivo,12.605,9.91,7.91,2.01,200,42,
oficina x245,resumen de video,12.609,5.75,4.99,0.76,200,13773,
oficina x245,estado del sistema,12.616,2.87,2.15,0.72,200,318,
oficina x245,panel en vivo,12.623,3.14,2.07,1.07,200,42,
oficina x245,panel en vivo,12.626,3.19,2.07,1.13,200,42,
oficina x245,resumen de video,12.631,9.41,7.29,2.13,200,13773,
oficina x245,panel en vivo,12.633,9.58,8.59,0.99,200,42,
oficina x245,resumen de video,12.634,11.59,9.81,1.78,200,13773,
oficina x245,panel en vivo,12.641,8.52,5.9,2.62,200,42,
oficina x245,eventos recientes,12.641,6.37,6.01,0.36,200,14691,
oficina x245,eventos recientes,12.645,7.47,6.52,0.95,200,14691,
oficina x245,estado del sistema,12.647,4.44,3.58,0.86,200,318,
oficina x245,resumen de video,12.65,6.34,5.35,0.99,200,13773,
oficina x245,eventos recientes,12.656,8.66,7.42,1.24,200,14691,
oficina x245,panel en vivo,12.664,12.28,10.27,2.01,200,42,
oficina x245,resumen de video,12.666,15.97,14.72,1.24,200,13773,
oficina x245,estado del sistema,12.669,11.31,9.96,1.35,200,318,
oficina x245,eventos recientes,12.671,9.24,8.31,0.93,200,14691,
oficina x245,resumen de video,12.672,15.52,14.96,0.56,200,13773,
oficina x245,resumen de video,12.672,10.13,8.81,1.32,200,13773,
oficina x245,eventos recientes,12.675,7.35,6.6,0.75,200,14691,
oficina x245,panel en vivo,12.679,5.88,3.65,2.23,200,42,
oficina x245,resumen de video,12.682,5.03,4.48,0.56,200,13773,
oficina x245,panel en vivo,12.704,4.53,3.68,0.85,200,42,
oficina x245,estado del sistema,12.704,8.72,7.76,0.96,200,318,
oficina x245,eventos recientes,12.705,7.49,6.0,1.49,200,14691,
oficina x245,panel en vivo,12.709,4.64,3.49,1.15,200,42,
oficina x245,resumen de video,12.712,5.89,5.08,0.81,200,13773,
oficina x245,estado del sistema,12.713,6.52,5.6,0.92,200,318,
oficina x245,panel en vivo,12.714,8.21,7.56,0.65,200,42,
oficina x245,resumen de video,12.716,5.92,5.35,0.56,200,13773,
oficina x245,estado del sistema,12.72,2.29,2.05,0.25,200,318,
oficina x245,resumen de video,12.721,4.62,3.38,1.23,200,13773,
oficina x245,panel en vivo,12.727,2.55,2.14,0.41,200,42,
oficina x245,panel en vivo,12.731,2.8,2.48,0.32,200,42,
oficina x245,panel en vivo,12.734,2.75,2.26,0.49,200,42,
oficina x245,estado del sistema,12.745,4.11,2.28,1.84,200,318,
oficina x245,panel en vivo,12.75,6.93,5.9,1.02,200,42,
oficina x245,eventos recientes,12.751,8.62,6.89,1.73,200,14691,
oficina x245,eventos recientes,12.752,6.83,6.08,0.76,200,14691,
oficina x245,panel en vivo,12.753,12.9,10.85,2.05,200,42,
oficina x245,estado del sistema,12.753,6.55,6.3,0.25,200,318,
oficina x245,panel en vivo,12.754,14.27,12.72,1.54,200,42,
oficina x245,panel en vivo,12.754,4.41,3.86,0.55,200,42,
oficina x245,eventos recientes,12.755,12.89,10.71,2.17,200,14691,
oficina x245,panel en vivo,12.759,7.8,7.29,0.51,200,42,
oficina x245,estado del sistema,12.759,9.78,8.59,1.19,200,318,
oficina x245,panel en vivo,12.762,7.12,6.65,0.48,200,42,
oficina x245,panel en vivo,12.763,5.14,4.54,0.6,200,42,
oficina x245,panel en vivo,12.772,6.99,6.23,0.76,200,42,
oficina x245,panel en vivo,12.772,7.52,6.1,1.42,200,42,
oficina x245,resumen de video,12.773,7.47,5.57,1.89,200,13773,
oficina x245,panel en vivo,12.782,2.51,2.1,0.41,200,42,
oficina x245,resumen de video,12.783,8.15,7.2,0.94,200,13773,
oficina x245,resumen de video,12.785,6.54,5.94,0.6,200,13773,
oficina x245,eventos recientes,12.785,4.25,3.57,0.69,200,14691,
oficina x245,eventos recientes,12.791,3.05,2.47,0.58,200,14691,
oficina x245,resumen de video,12.794,7.63,5.74,1.89,200,13773,
oficina x245,eventos recientes,12.794,3.4,2.98,0.42,200,14691,
oficina x245,resumen de video,12.798,8.47,7.8,0.67,200,13773,
oficina x245,resumen de video,12.798,5.77,4.96,0.81,200,13773,
oficina x245,eventos recientes,12.801,4.47,3.39,1.08,200,14691,
oficina x245,panel en vivo,12.807,3.2,2.07,1.13,200,42,
oficina x245,eventos recientes,12.809,3.32,3.18,0.14,200,14691,
oficina x245,estado del sistema,12.809,3.5,2.76,0.75,200,318,
oficina x245,eventos recientes,12.813,4.55,3.65,0.9,200,14691,
oficina x245,estado del sistema,12.814,6.85,5.58,1.27,200,318,
oficina x245,panel en vivo,12.814,6.32,5.49,0.83,200,42,
oficina x245,panel en vivo,12.825,4.61,4.32,0.29,200,42,
oficina x245,estado del sistema,12.825,4.71,4.31,0.4,200,318,
oficina x245,eventos recientes,12.835,3.62,2.75,0.87,200,14691,
oficina x245,panel en vivo,12.839,3.85,3.57,0.28,200,42,
oficina x245,panel en vivo,12.84,5.15,4.7,0.44,200,42,
oficina x245,estado del sistema,12.841,5.42,3.89,1.54,200,318,
oficina x245,panel en vivo,12.843,8.15,6.89,1.26,200,42,
oficina x245,resumen de video,12.845,4.17,3.99,0.18,200,13773,
oficina x245,estado del sistema,12.847,2.64,2.14,0.5,200,318,
oficina x245,panel en vivo,12.847,5.52,4.43,1.09,200,42,
oficina x245,panel en vivo,12.853,3.47,2.58,0.9,200,42,
oficina x245,resumen de video,12.855,6.42,5.45,0.97,200,13773,
oficina x245,panel en vivo,12.856,6.98,6.53,0.45,200,42,
oficina x245,panel en vivo,12.86,3.46,3.01,0.46,200,42,
oficina x245,eventos recientes,12.864,4.5,3.89,0.61,200,14691,
oficina x245,panel en vivo,12.866,5.58,3.38,2.2,200,42,
oficina x245,panel en vivo,12.868,10.58,9.57,1.02,200,42,
oficina x245,estado del sistema,12.868,6.28,5.69,0.59,200,318,
oficina x245,resumen de video,12.87,14.14,13.35,0.79,200,13773,
oficina x245,resumen de video,12.872,22.02,20.79,1.23,200,13773,
oficina x245,resumen de video,12.872,23.12,21.84,1.28,200,13773,
oficina x245,estado del sistema,12.874,12.18,11.54,0.64,200,318,
oficina x245,eventos recientes,12.876,11.46,9.43,2.03,200,14691,
oficina x245,panel en vivo,12.879,9.04,8.01,1.03,200,42,
oficina x245,resumen de video,12.883,16.9,16.07,0.82,200,13773,
oficina x245,eventos recientes,12.883,4.81,3.71,1.1,200,14691,
oficina x245,panel en vivo,12.888,8.08,7.21,0.88,200,42,
oficina x245,panel en vivo,12.888,12.7,12.65,0.05,200,42,
oficina x245,eventos recientes,12.888,8.74,7.7,1.05,200,14691,
oficina x245,estado del sistema,12.89,9.28,8.75,0.53,200,318,
oficina x245,panel en vivo,12.892,4.69,3.9,0.79,200,42,
oficina x245,eventos recientes,12.894,11.67,11.28,0.39,200,14691,
oficina x245,panel en vivo,12.895,11.14,10.63,0.51,200,42,
oficina x245,panel en vivo,12.896,14.53,11.88,2.65,200,42,
oficina x245,eventos recientes,12.897,5.93,5.32,0.62,200,14691,
oficina x245,panel en vivo,12.899,14.09,12.21,1.88,200,42,
oficina x245,resumen de video,12.9,17.23,14.92,2.31,200,13773,
oficina x245,panel en vivo,12.9,4.75,4.35,0.4,200,42,
oficina x245,resumen de video,12.9,5.18,4.38,0.8,200,13773,
oficina x245,eventos recientes,12.904,9.55,8.01,1.53,200,14691,
oficina x245,eventos recientes,12.908,4.87,4.58,0.29,200,14691,
oficina x245,estado del sistema,12.909,6.43,5.8,0.63,200,318,
oficina x245,eventos recientes,12.91,6.11,5.38,0.72,200,14691,
oficina x245,panel en vivo,12.91,4.74,3.6,1.14,200,42,
oficina x245,resumen de video,12.916,8.27,7.6,0.67,200,13773,
oficina x245,panel en vivo,12.917,4.85,4.44,0.42,200,42,
oficina x245,eventos recientes,12.918,12.37,12.11,0.26,200,14691,
oficina x245,eventos recientes,12.921,9.44,8.88,0.56,200,14691,
oficina x245,panel en vivo,12.921,7.69,7.04,0.65,200,42,
oficina x245,abrir ficha,12.924,3.1,2.47,0.63,200,1045,
oficina x245,resumen de video,12.93,5.5,3.55,1.95,200,13773,
oficina x245,resumen de video,12.938,10.24,9.69,0.54,200,13773,
oficina x245,panel en vivo,12.939,10.52,9.0,1.52,200,42,
oficina x245,estado del sistema,12.939,10.96,9.47,1.49,200,318,
oficina x245,panel en vivo,12.94,9.54,8.36,1.18,200,42,
oficina x245,resumen de video,12.948,7.21,4.7,2.51,200,13773,
oficina x245,eventos recientes,12.95,10.38,9.55,0.83,200,14691,
oficina x245,panel en vivo,12.953,2.58,2.22,0.37,200,42,
oficina x245,panel en vivo,12.956,9.82,5.67,4.15,200,42,
oficina x245,resumen de video,12.956,10.87,6.08,4.78,200,13773,
oficina x245,estado del sistema,12.96,2.36,1.99,0.37,200,318,
oficina x245,panel en vivo,12.963,4.42,4.27,0.15,200,42,
oficina x245,panel en vivo,12.964,5.08,3.01,2.07,200,42,
oficina x245,eventos recientes,12.964,2.7,2.55,0.15,200,14691,
oficina x245,panel en vivo,12.968,2.98,2.02,0.96,200,42,
oficina x245,panel en vivo,12.971,2.91,2.12,0.79,200,42,
oficina x245,eventos recientes,12.973,2.69,2.43,0.27,200,14691,
oficina x245,panel en vivo,12.976,3.21,1.99,1.22,200,42,
oficina x245,panel en vivo,12.976,4.82,3.4,1.42,200,42,
oficina x245,panel en vivo,12.978,2.86,1.88,0.98,200,42,
oficina x245,estado del sistema,12.982,6.15,5.56,0.6,200,318,
oficina x245,estado del sistema,12.984,2.25,2.08,0.17,200,318,
oficina x245,panel en vivo,12.986,2.66,2.04,0.62,200,42,
oficina x245,eventos recientes,12.989,3.06,2.22,0.83,200,14691,
oficina x245,panel en vivo,12.99,2.2,1.86,0.34,200,42,
oficina x245,eventos recientes,12.994,6.49,4.96,1.53,200,14691,
oficina x245,panel en vivo,12.994,3.84,3.52,0.32,200,42,
oficina x245,resumen de video,12.994,6.87,4.91,1.96,200,13773,
oficina x245,estado del sistema,12.999,4.56,2.01,2.55,200,318,
oficina x245,estado del sistema,13.01,2.44,2.23,0.2,200,318,
oficina x245,resumen de video,13.013,7.77,6.91,0.87,200,13773,
oficina x245,eventos recientes,13.014,4.51,3.08,1.43,200,14691,
oficina x245,eventos recientes,13.019,2.53,2.27,0.26,200,14691,
oficina x245,eventos recientes,13.023,3.77,2.61,1.16,200,14691,
oficina x245,panel en vivo,13.023,3.1,2.6,0.5,200,42,
oficina x245,eventos recientes,13.026,2.81,2.27,0.54,200,14691,
oficina x245,panel en vivo,13.033,12.07,11.61,0.46,200,42,
oficina x245,panel en vivo,13.034,10.21,9.12,1.1,200,42,
oficina x245,eventos recientes,13.037,5.3,4.55,0.74,200,14691,
oficina x245,eventos recientes,13.041,5.32,5.13,0.2,200,14691,
oficina x245,panel en vivo,13.042,7.02,4.4,2.62,200,42,
oficina x245,panel en vivo,13.042,6.63,3.72,2.91,200,42,
oficina x245,panel en vivo,13.044,5.39,4.72,0.67,200,42,
oficina x245,estado del sistema,13.046,5.02,4.29,0.73,200,318,
oficina x245,panel en vivo,13.046,6.96,5.66,1.3,200,42,
oficina x245,panel en vivo,13.047,5.42,3.92,1.51,200,42,
oficina x245,panel en vivo,13.05,2.95,2.47,0.48,200,42,
oficina x245,eventos recientes,13.059,6.85,5.09,1.76,200,14691,
oficina x245,panel en vivo,13.06,5.06,4.47,0.6,200,42,
oficina x245,eventos recientes,13.064,3.46,2.74,0.71,200,14691,
oficina x245,panel en vivo,13.07,3.0,2.16,0.84,200,42,
oficina x245,resumen de video,13.071,4.24,3.73,0.51,200,13773,
oficina x245,resumen de video,13.075,5.6,4.97,0.63,200,13773,
oficina x245,panel en vivo,13.076,5.28,4.96,0.32,200,42,
oficina x245,eventos recientes,13.078,3.91,3.54,0.38,200,14691,
oficina x245,eventos recientes,13.079,5.9,4.94,0.96,200,14691,
oficina x245,resumen de video,13.083,10.51,8.31,2.21,200,13773,
oficina x245,resumen de video,13.083,9.69,8.89,0.8,200,13773,
oficina x245,panel en vivo,13.086,2.69,2.21,0.49,200,42,
oficina x245,resumen de video,13.087,8.36,8.09,0.28,200,13773,
oficina x245,estado del sistema,13.088,3.55,3.21,0.34,200,318,
oficina x245,eventos recientes,13.095,4.76,3.85,0.91,200,14691,
oficina x245,panel en vivo,13.097,3.71,2.87,0.83,200,42,
oficina x245,panel en vivo,13.099,4.86,2.13,2.72,200,42,
oficina x245,panel en vivo,13.1,4.4,3.93,0.47,200,42,
oficina x245,eventos recientes,13.101,8.5,7.84,0.65,200,14691,
oficina x245,resumen de video,13.102,6.71,6.55,0.16,200,13773,
oficina x245,resumen de video,13.111,5.97,5.3,0.67,200,13773,
oficina x245,eventos recientes,13.113,8.49,6.72,1.76,200,14691,
oficina x245,eventos recientes,13.12,4.04,3.5,0.55,200,14691,
oficina x245,panel en vivo,13.122,3.15,2.51,0.63,200,42,
oficina x245,resumen de video,13.123,4.78,3.75,1.03,200,13773,
oficina x245,resumen de video,13.129,13.41,12.33,1.08,200,13773,
oficina x245,panel en vivo,13.13,5.98,4.99,0.99,200,42,
oficina x245,panel en vivo,13.133,4.85,3.68,1.17,200,42,
oficina x245,eventos recientes,13.134,11.55,10.35,1.2,200,14691,
oficina x245,panel en vivo,13.134,13.98,7.65,6.33,200,42,
oficina x245,resumen de video,13.135,9.9,9.4,0.5,200,13773,
oficina x245,panel en vivo,13.139,11.43,6.34,5.09,200,42,
oficina x245,eventos recientes,13.142,7.11,4.74,2.37,200,14691,
oficina x245,panel en vivo,13.143,7.58,5.66,1.93,200,42,
oficina x245,eventos recientes,13.143,6.79,3.76,3.03,200,14691,
oficina x245,panel en vivo,13.144,4.56,3.5,1.06,200,42,
oficina x245,resumen de video,13.151,3.99,3.43,0.56,200,13773,
oficina x245,panel en vivo,13.153,2.37,1.88,0.49,200,42,
oficina x245,eventos recientes,13.161,3.03,2.36,0.67,200,14691,
oficina x245,panel en vivo,13.166,3.41,2.53,0.87,200,42,
oficina x245,estado del sistema,13.166,3.11,2.25,0.86,200,318,
oficina x245,resumen de video,13.168,4.85,4.25,0.59,200,13773,
oficina x245,panel en vivo,13.169,6.32,3.37,2.96,200,42,
oficina x245,panel en vivo,13.173,4.48,3.82,0.66,200,42,
oficina x245,eventos recientes,13.174,3.68,2.85,0.83,200,14691,
oficina x245,eventos recientes,13.182,4.27,2.51,1.76,200,14691,
oficina x245,panel en vivo,13.186,2.42,1.97,0.45,200,42,
oficina x245,resumen de video,13.193,4.24,3.83,0.41,200,13773,
oficina x245,contactos recientes,13.197,5.45,4.23,1.22,200,1557,
oficina x245,estado del sistema,13.2,5.27,3.4,1.88,200,318,
oficina x245,panel en vivo,13.202,3.8,3.32,0.48,200,42,
oficina x245,resumen de video,13.205,10.29,9.43,0.86,200,13773,
oficina x245,panel en vivo,13.205,8.5,7.34,1.16,200,42,
oficina x245,panel en vivo,13.209,25.65,18.21,7.44,200,42,
oficina x245,panel en vivo,13.214,14.73,13.39,1.33,200,42,
oficina x245,eventos recientes,13.215,19.43,16.94,2.49,200,14691,
oficina x245,panel en vivo,13.22,9.69,8.53,1.16,200,42,
oficina x245,panel en vivo,13.222,21.2,15.26,5.94,200,42,
oficina x245,resumen de video,13.222,18.9,15.94,2.96,200,13773,
oficina x245,panel en vivo,13.223,20.5,10.03,10.47,200,42,
oficina x245,resumen de video,13.227,12.28,10.45,1.83,200,13773,
oficina x245,eventos recientes,13.228,17.52,11.15,6.37,200,14691,
oficina x245,estado del sistema,13.23,15.74,10.63,5.1,200,318,
oficina x245,resumen de video,13.232,9.02,8.55,0.47,200,13773,
oficina x245,resumen de video,13.236,10.26,5.36,4.9,200,13773,
oficina x245,abrir ficha,13.236,9.7,9.19,0.51,200,1045,
oficina x245,estado del sistema,13.238,9.34,2.4,6.95,200,318,
oficina x245,panel en vivo,13.241,5.33,1.8,3.53,200,42,
oficina x245,eventos recientes,13.248,3.14,2.94,0.2,200,14691,
oficina x245,eventos recientes,13.249,10.56,8.98,1.58,200,14691,
oficina x245,panel en vivo,13.249,5.72,5.41,0.31,200,42,
oficina x245,estado del sistema,13.251,9.41,8.51,0.89,200,318,
oficina x245,resumen de video,13.251,14.29,11.31,2.98,200,13773,
oficina x245,estado del sistema,13.254,9.84,8.28,1.56,200,318,
oficina x245,estado del sistema,13.255,12.67,10.77,1.9,200,318,
oficina x245,panel en vivo,13.256,10.19,5.08,5.11,200,42,
oficina x245,panel en vivo,13.259,7.9,7.03,0.87,200,42,
oficina x245,panel en vivo,13.266,7.71,6.16,1.55,200,42,
oficina x245,panel en vivo,13.268,7.07,5.47,1.6,200,42,
oficina x245,estado del sistema,13.268,9.85,7.41,2.44,200,318,
oficina x245,panel en vivo,13.269,11.13,8.6,2.53,200,42,
oficina x245,resumen de video,13.272,12.96,11.49,1.47,200,13773,
oficina x245,panel en vivo,13.272,10.02,8.04,1.98,200,42,
oficina x245,panel en vivo,13.272,13.45,11.29,2.16,200,42,
oficina x245,panel en vivo,13.276,7.71,7.48,0.23,200,42,
oficina x245,eventos recientes,13.277,6.67,4.6,2.08,200,14691,
oficina x245,eventos recientes,13.283,3.79,3.25,0.53,200,14691,
oficina x245,panel en vivo,13.287,4.32,3.27,1.05,200,42,
oficina x245,panel en vivo,13.287,5.88,4.52,1.35,200,42,
oficina x245,panel en vivo,13.289,3.21,2.87,0.34,200,42,
oficina x245,eventos recientes,13.296,7.82,7.21,0.62,200,14691,
oficina x245,panel en vivo,13.297,7.05,6.77,0.28,200,42,
oficina x245,panel en vivo,13.299,7.87,6.84,1.04,200,42,
oficina x245,panel en vivo,13.299,7.7,6.51,1.2,200,42,
oficina x245,panel en vivo,13.301,15.16,12.98,2.18,200,42,
oficina x245,panel en vivo,13.302,11.32,10.89,0.43,200,42,
oficina x245,resumen de video,13.305,11.62,10.86,0.76,200,13773,
oficina x245,eventos recientes,13.306,8.36,7.67,0.69,200,14691,
oficina x245,panel en vivo,13.306,12.59,11.58,1.01,200,42,
oficina x245,eventos recientes,13.308,18.74,14.21,4.53,200,14691,
oficina x245,resumen de video,13.309,17.88,13.96,3.92,200,13773,
oficina x245,resumen de video,13.31,12.87,10.57,2.3,200,13773,
oficina x245,panel en vivo,13.316,15.23,14.11,1.12,200,42,
oficina x245,estado del sistema,13.316,20.61,19.89,0.72,200,318,
oficina x245,eventos recientes,13.317,26.54,24.47,2.08,200,14691,
oficina x245,resumen de video,13.317,23.72,23.05,0.68,200,13773,
oficina x245,panel en vivo,13.318,26.15,25.31,0.83,200,42,
oficina x245,panel en vivo,13.32,11.4,10.65,0.75,200,42,
oficina x245,eventos recientes,13.322,18.23,17.71,0.52,200,14691,
oficina x245,panel en vivo,13.322,17.81,17.4,0.41,200,42,
oficina x245,eventos recientes,13.324,18.23,16.84,1.39,200,14691,
oficina x245,resumen de video,13.325,17.69,17.16,0.53,200,13773,
oficina x245,panel en vivo,13.329,11.51,10.38,1.13,200,42,
oficina x245,eventos recientes,13.329,15.6,13.17,2.43,200,14691,
oficina x245,panel en vivo,13.33,14.48,12.61,1.87,200,42,
oficina x245,panel en vivo,13.331,10.95,8.52,2.43,200,42,
oficina x245,panel en vivo,13.338,7.71,5.9,1.81,200,42,
oficina x245,eventos recientes,13.339,15.53,11.87,3.66,200,14691,
oficina x245,resumen de video,13.342,14.9,13.93,0.96,200,13773,
oficina x245,eventos recientes,13.343,12.71,10.42,2.29,200,14691,
oficina x245,estado del sistema,13.35,7.84,7.39,0.45,200,318,
oficina x245,eventos recientes,13.351,7.51,7.24,0.27,200,14691,
oficina x245,panel en vivo,13.355,4.5,3.43,1.07,200,42,
oficina x245,eventos recientes,13.358,3.61,2.97,0.64,200,14691,
oficina x245,panel en vivo,13.362,3.01,2.11,0.9,200,42,
oficina x245,eventos recientes,13.368,6.63,5.41,1.23,200,14691,
oficina x245,panel en vivo,13.369,4.3,3.92,0.38,200,42,
oficina x245,panel en vivo,13.371,3.15,2.73,0.42,200,42,
oficina x245,panel en vivo,13.372,3.55,2.66,0.89,200,42,
oficina x245,estado del sistema,13.374,4.49,4.36,0.14,200,318,
oficina x245,eventos recientes,13.374,3.8,3.62,0.18,200,14691,
oficina x245,panel en vivo,13.38,3.28,2.32,0.96,200,42,
oficina x245,eventos recientes,13.385,4.03,3.42,0.62,200,14691,
oficina x245,abrir ficha,13.386,2.89,2.82,0.07,200,1045,
oficina x245,panel en vivo,13.387,5.6,4.27,1.33,200,42,
oficina x245,resumen de video,13.394,10.42,10.22,0.19,200,13773,
oficina x245,resumen de video,13.396,10.57,10.44,0.14,200,13773,
oficina x245,panel en vivo,13.397,15.04,13.83,1.2,200,42,
oficina x245,resumen de video,13.397,33.84,32.1,1.75,200,13773,
oficina x245,estado del sistema,13.397,28.41,20.09,8.32,200,318,
oficina x245,panel en vivo,13.398,10.43,8.87,1.56,200,42,
oficina x245,resumen de video,13.399,26.01,20.3,5.7,200,13773,
oficina x245,panel en vivo,13.399,7.76,6.1,1.66,200,42,
oficina x245,estado del sistema,13.399,21.11,19.15,1.96,200,318,
oficina x245,eventos recientes,13.401,25.04,19.85,5.18,200,14691,
oficina x245,panel en vivo,13.404,13.49,10.88,2.61,200,42,
oficina x245,panel en vivo,13.407,10.0,9.74,0.27,200,42,
oficina x245,estado del sistema,13.409,18.62,15.83,2.79,200,318,
oficina x245,eventos recientes,13.41,14.83,13.84,0.99,200,14691,
oficina x245,panel en vivo,13.412,13.35,12.58,0.77,200,42,
oficina x245,panel en vivo,13.412,15.42,13.65,1.77,200,42,
oficina x245,panel en vivo,13.419,11.47,11.14,0.33,200,42,
oficina x245,resumen de video,13.42,12.23,11.77,0.46,200,13773,
oficina x245,resumen de video,13.421,15.94,15.51,0.43,200,13773,
oficina x245,panel en vivo,13.421,8.22,7.21,1.01,200,42,
oficina x245,resumen de video,13.425,9.97,7.76,2.22,200,13773,
oficina x245,eventos recientes,13.426,11.56,7.5,4.06,200,14691,
oficina x245,panel en vivo,13.431,10.32,6.78,3.54,200,42,
oficina x245,eventos recientes,13.432,21.96,16.95,5.0,200,14691,
oficina x245,eventos recientes,13.434,14.16,13.22,0.94,200,14691,
oficina x245,panel en vivo,13.438,10.57,8.67,1.9,200,42,
oficina x245,eventos recientes,13.438,9.73,7.44,2.29,200,14691,
oficina x245,resumen de video,13.439,18.44,17.36,1.07,200,13773,
oficina x245,resumen de video,13.439,15.67,14.51,1.16,200,13773,
oficina x245,panel en vivo,13.44,13.92,11.63,2.3,200,42,
oficina x245,panel en vivo,13.444,11.37,10.69,0.68,200,42,
oficina x245,resumen de video,13.444,11.69,9.92,1.76,200,13773,
oficina x245,estado del sistema,13.449,8.18,7.3,0.89,200,318,
oficina x245,resumen de video,13.453,6.78,4.76,2.02,200,13773,
oficina x245,eventos recientes,13.458,7.4,6.05,1.35,200,14691,
oficina x245,eventos recientes,13.46,10.92,10.16,0.76,200,14691,
oficina x245,panel en vivo,13.462,14.96,13.83,1.13,200,42,
oficina x245,estado del sistema,13.463,14.64,13.98,0.66,200,318,
oficina x245,resumen de video,13.464,19.97,13.58,6.39,200,13773,
oficina x245,panel en vivo,13.466,13.23,12.6,0.63,200,42,
oficina x245,panel en vivo,13.466,11.19,10.04,1.16,200,42,
oficina x245,resumen de video,13.473,9.88,9.36,0.52,200,13773,
oficina x245,panel en vivo,13.474,5.73,5.52,0.21,200,42,
oficina x245,resumen de video,13.474,12.1,10.02,2.08,200,13773,
oficina x245,eventos recientes,13.475,8.06,6.44,1.62,200,14691,
oficina x245,panel en vivo,13.477,8.02,5.31,2.71,200,42,
oficina x245,panel en vivo,13.484,3.24,2.79,0.45,200,42,
oficina x245,estado del sistema,13.484,3.79,2.63,1.16,200,318,
oficina x245,eventos recientes,13.492,3.79,2.84,0.95,200,14691,
oficina x245,resumen de video,13.496,7.57,7.22,0.35,200,13773,
oficina x245,eventos recientes,13.497,7.36,7.1,0.27,200,14691,
oficina x245,abrir ficha,13.501,3.83,3.49,0.34,200,1045,
oficina x245,eventos recientes,13.503,3.79,2.92,0.87,200,14691,
oficina x245,panel en vivo,13.512,2.47,1.78,0.69,200,42,
oficina x245,eventos recientes,13.516,2.6,2.34,0.26,200,14691,
oficina x245,panel en vivo,13.523,3.88,2.2,1.68,200,42,
oficina x245,panel en vivo,13.524,3.33,2.96,0.37,200,42,
oficina x245,panel en vivo,13.525,10.73,10.32,0.41,200,42,
oficina x245,panel en vivo,13.525,10.83,10.11,0.72,200,42,
oficina x245,panel en vivo,13.525,12.06,6.73,5.33,200,42,
oficina x245,panel en vivo,13.526,2.8,2.22,0.58,200,42,
oficina x245,eventos recientes,13.528,9.65,6.14,3.51,200,14691,
oficina x245,panel en vivo,13.53,4.09,2.52,1.57,200,42,
oficina x245,panel en vivo,13.535,4.28,2.29,1.98,200,42,
oficina x245,panel en vivo,13.539,5.96,5.11,0.85,200,42,
oficina x245,eventos recientes,13.54,4.99,4.75,0.24,200,14691,
oficina x245,resumen de video,13.544,11.7,10.27,1.43,200,13773,
oficina x245,eventos recientes,13.545,11.37,10.45,0.91,200,14691,
oficina x245,panel en vivo,13.546,10.56,8.56,2.0,200,42,
oficina x245,panel en vivo,13.546,11.64,10.82,0.83,200,42,
oficina x245,panel en vivo,13.553,4.26,3.92,0.34,200,42,
oficina x245,resumen de video,13.557,4.05,3.7,0.35,200,13773,
oficina x245,panel en vivo,13.558,3.89,2.84,1.05,200,42,
oficina x245,resumen de video,13.563,6.08,5.41,0.67,200,13773,
oficina x245,eventos recientes,13.563,4.43,3.43,1.0,200,14691,
oficina x245,panel en vivo,13.565,4.01,3.2,0.81,200,42,
oficina x245,panel en vivo,13.568,2.86,1.86,1.0,200,42,
oficina x245,panel en vivo,13.571,2.18,1.83,0.34,200,42,
oficina x245,eventos recientes,13.576,4.32,3.42,0.9,200,14691,
oficina x245,estado del sistema,13.577,3.91,3.24,0.67,200,318,
oficina x245,eventos recientes,13.579,8.82,7.9,0.92,200,14691,
oficina x245,contactos recientes,13.58,3.06,2.7,0.37,200,1557,
oficina x245,resumen de video,13.58,7.36,6.73,0.63,200,13773,
oficina x245,estado del sistema,13.583,8.02,5.25,2.78,200,318,
oficina x245,panel en vivo,13.584,4.05,3.2,0.85,200,42,
oficina x245,panel en vivo,13.584,4.44,3.27,1.17,200,42,
oficina x245,panel en vivo,13.584,2.69,2.48,0.21,200,42,
oficina x245,estado del sistema,13.584,4.51,3.46,1.06,200,318,
oficina x245,contactos recientes,13.586,11.8,9.56,2.23,200,1557,
oficina x245,panel en vivo,13.587,10.35,9.13,1.22,200,42,
oficina x245,panel en vivo,13.592,11.43,6.53,4.9,200,42,
oficina x245,eventos recientes,13.594,8.37,7.67,0.7,200,14691,
oficina x245,panel en vivo,13.596,6.93,5.89,1.04,200,42,
oficina x245,eventos recientes,13.599,3.91,3.54,0.37,200,14691,
oficina x245,resumen de video,13.607,5.55,4.68,0.87,200,13773,
oficina x245,resumen de video,13.608,9.59,8.83,0.76,200,13773,
oficina x245,panel en vivo,13.608,8.91,6.51,2.4,200,42,
oficina x245,panel en vivo,13.608,9.18,8.1,1.08,200,42,
oficina x245,panel en vivo,13.612,6.93,6.6,0.33,200,42,
oficina x245,panel en vivo,13.613,5.92,2.71,3.21,200,42,
oficina x245,estado del sistema,13.617,2.65,2.24,0.41,200,318,
oficina x245,panel en vivo,13.618,2.84,1.95,0.89,200,42,
oficina x245,panel en vivo,13.624,2.55,1.9,0.65,200,42,
oficina x245,panel en vivo,13.626,8.53,6.44,2.09,200,42,
oficina x245,eventos recientes,13.626,8.58,6.26,2.33,200,14691,
oficina x245,panel en vivo,13.626,8.18,5.76,2.43,200,42,
oficina x245,panel en vivo,13.627,6.12,4.09,2.03,200,42,
oficina x245,eventos recientes,13.635,6.8,5.76,1.03,200,14691,
oficina x245,panel en vivo,13.636,8.33,4.28,4.06,200,42,
oficina x245,resumen de video,13.64,12.23,8.13,4.1,200,13773,
oficina x245,estado del sistema,13.641,8.42,5.59,2.83,200,318,
oficina x245,eventos recientes,13.641,2.95,2.5,0.45,200,14691,
oficina x245,resumen de video,13.644,7.03,6.57,0.47,200,13773,
oficina x245,estado del sistema,13.649,9.14,8.13,1.01,200,318,
oficina x245,panel en vivo,13.654,7.54,3.83,3.71,200,42,
oficina x245,resumen de video,13.655,4.45,4.04,0.41,200,13773,
oficina x245,eventos recientes,13.656,5.25,3.17,2.07,200,14691,
oficina x245,panel en vivo,13.659,3.91,2.02,1.9,200,42,
oficina x245,resumen de video,13.664,4.69,3.97,0.73,200,13773,
oficina x245,panel en vivo,13.664,6.98,6.26,0.72,200,42,
oficina x245,panel en vivo,13.665,8.66,5.61,3.06,200,42,
oficina x245,panel en vivo,13.667,6.69,3.06,3.63,200,42,
oficina x245,panel en vivo,13.667,6.89,5.63,1.26,200,42,
oficina x245,resumen de video,13.674,8.63,7.81,0.82,200,13773,
oficina x245,estado del sistema,13.675,9.98,9.1,0.88,200,318,
oficina x245,eventos recientes,13.676,9.15,8.63,0.51,200,14691,
oficina x245,panel en vivo,13.68,2.02,1.83,0.18,200,42,
oficina x245,estado del sistema,13.682,3.34,1.9,1.44,200,318,
oficina x245,resumen de video,13.697,13.4,12.8,0.6,200,13773,
oficina x245,estado del sistema,13.697,8.39,7.92,0.47,200,318,
oficina x245,resumen de video,13.697,9.62,9.37,0.26,200,13773,
oficina x245,panel en vivo,13.699,11.18,8.72,2.47,200,42,
oficina x245,resumen de video,13.701,12.82,11.34,1.48,200,13773,
oficina x245,panel en vivo,13.702,11.83,11.01,0.82,200,42,
oficina x245,panel en vivo,13.705,11.46,11.11,0.35,200,42,
oficina x245,resumen de video,13.705,13.49,11.58,1.91,200,13773,
oficina x245,panel en vivo,13.707,9.55,7.95,1.6,200,42,
oficina x245,panel en vivo,13.71,12.17,11.36,0.82,200,42,
oficina x245,eventos recientes,13.711,10.57,10.4,0.17,200,14691,
oficina x245,eventos recientes,13.711,10.41,9.93,0.49,200,14691,
oficina x245,eventos recientes,13.712,10.3,9.37,0.93,200,14691,
oficina x245,eventos recientes,13.714,8.38,7.8,0.57,200,14691,
oficina x245,panel en vivo,13.716,9.4,5.23,4.17,200,42,
oficina x245,resumen de video,13.719,6.38,5.58,0.79,200,13773,
oficina x245,abrir ficha,13.719,4.94,4.27,0.67,200,1045,
oficina x245,panel en vivo,13.724,2.88,2.0,0.88,200,42,
oficina x245,eventos recientes,13.731,10.16,5.6,4.56,200,14691,
oficina x245,eventos recientes,13.735,7.37,6.88,0.49,200,14691,
oficina x245,eventos recientes,13.74,5.08,4.15,0.94,200,14691,
oficina x245,eventos recientes,13.741,4.3,3.24,1.06,200,14691,
oficina x245,resumen de video,13.744,4.17,3.55,0.62,200,13773,
oficina x245,resumen de video,13.749,6.87,3.63,3.25,200,13773,
oficina x245,resumen de video,13.752,19.2,16.24,2.96,200,13773,
oficina x245,panel en vivo,13.753,2.73,2.52,0.21,200,42,
oficina x245,resumen de video,13.755,16.32,15.39,0.93,200,13773,
oficina x245,resumen de video,13.757,9.06,9.0,0.05,200,13773,
oficina x245,resumen de video,13.758,12.22,11.09,1.12,200,13773,
oficina x245,estado del sistema,13.764,7.62,7.35,0.27,200,318,
oficina x245,eventos recientes,13.766,4.82,4.15,0.68,200,14691,
oficina x245,eventos recientes,13.773,3.52,3.11,0.42,200,14691,
oficina x245,estado del sistema,13.776,9.01,6.93,2.09,200,318,
oficina x245,panel en vivo,13.777,7.19,4.05,3.14,200,42,
oficina x245,resumen de video,13.778,19.3,17.86,1.44,200,13773,
oficina x245,panel en vivo,13.779,5.98,5.47,0.51,200,42,
oficina x245,resumen de video,13.781,14.19,14.06,0.13,200,13773,
oficina x245,estado del sistema,13.788,11.51,8.44,3.07,200,318,
oficina x245,panel en vivo,13.788,7.37,5.16,2.21,200,42,
oficina x245,resumen de video,13.795,6.03,5.97,0.06,200,13773,
oficina x245,panel en vivo,13.797,4.12,3.92,0.2,200,42,
oficina x245,panel en vivo,13.807,6.36,6.1,0.27,200,42,
oficina x245,estado del sistema,13.814,8.44,6.58,1.86,200,318,
oficina x245,resumen de video,13.814,4.69,3.79,0.91,200,13773,
oficina x245,panel en vivo,13.817,4.85,2.76,2.09,200,42,
oficina x245,panel en vivo,13.819,10.44,8.59,1.84,200,42,
oficina x245,resumen de video,13.822,11.92,9.09,2.83,200,13773,
oficina x245,estado del sistema,13.822,2.58,2.08,0.5,200,318,
oficina x245,eventos recientes,13.824,7.18,5.9,1.28,200,14691,
oficina x245,panel en vivo,13.826,7.53,4.65,2.88,200,42,
oficina x245,panel en vivo,13.829,3.73,3.17,0.56,200,42,
oficina x245,panel en vivo,13.836,3.36,3.24,0.12,200,42,
oficina x245,panel en vivo,13.836,3.27,2.47,0.8,200,42,
oficina x245,estado del sistema,13.839,2.81,2.17,0.64,200,318,
oficina x245,panel en vivo,13.841,3.35,2.13,1.22,200,42,
oficina x245,resumen de video,13.844,4.92,4.51,0.41,200,13773,
oficina x245,eventos recientes,13.845,8.14,6.95,1.19,200,14691,
oficina x245,panel en vivo,13.847,6.58,5.18,1.4,200,42,
oficina x245,eventos recientes,13.847,4.73,3.9,0.82,200,14691,
oficina x245,estado del sistema,13.851,2.89,2.61,0.28,200,318,
oficina x245,panel en vivo,13.854,6.28,5.44,0.84,200,42,
oficina x245,eventos recientes,13.854,6.2,4.19,2.01,200,14691,
oficina x245,panel en vivo,13.855,3.84,3.64,0.2,200,42,
oficina x245,panel en vivo,13.86,5.27,3.36,1.91,200,42,
oficina x245,panel en vivo,13.861,3.51,3.01,0.5,200,42,
oficina x245,panel en vivo,13.865,2.76,2.11,0.65,200,42,
oficina x245,panel en vivo,13.872,4.59,3.83,0.75,200,42,
oficina x245,panel en vivo,13.874,4.92,2.08,2.84,200,42,
oficina x245,eventos recientes,13.884,3.78,2.9,0.87,200,14691,
oficina x245,eventos recientes,13.888,9.75,9.13,0.62,200,14691,
oficina x245,panel en vivo,13.888,12.63,10.75,1.88,200,42,
oficina x245,panel en vivo,13.893,7.91,7.77,0.14,200,42,
oficina x245,panel en vivo,13.894,7.1,6.84,0.27,200,42,
oficina x245,panel en vivo,13.895,7.59,5.19,2.4,200,42,
oficina x245,resumen de video,13.899,7.07,6.82,0.25,200,13773,
oficina x245,panel en vivo,13.901,5.41,5.22,0.19,200,42,
oficina x245,quien es quien,13.904,2.72,2.46,0.26,200,3475,
oficina x245,resumen de video,13.913,8.16,7.61,0.55,200,13773,
oficina x245,panel en vivo,13.913,4.49,3.84,0.65,200,42,
oficina x245,resumen de video,13.914,8.13,7.28,0.85,200,13773,
oficina x245,panel en vivo,13.922,6.11,5.41,0.7,200,42,
oficina x245,resumen de video,13.922,7.65,7.45,0.2,200,13773,
oficina x245,panel en vivo,13.923,5.66,4.66,1.0,200,42,
oficina x245,panel en vivo,13.924,6.16,4.94,1.23,200,42,
oficina x245,estado del sistema,13.925,5.03,4.37,0.66,200,318,
oficina x245,resumen de video,13.94,20.94,16.85,4.09,200,13773,
oficina x245,eventos recientes,13.943,12.01,10.95,1.06,200,14691,
oficina x245,eventos recientes,13.944,10.36,9.21,1.14,200,14691,
oficina x245,estado del sistema,13.945,13.21,13.17,0.05,200,318,
oficina x245,panel en vivo,13.946,9.24,7.78,1.46,200,42,
oficina x245,panel en vivo,13.947,11.16,9.08,2.08,200,42,
oficina x245,resumen de video,13.947,18.84,16.74,2.1,200,13773,
oficina x245,estado del sistema,13.949,16.37,14.52,1.85,200,318,
oficina x245,eventos recientes,13.949,10.6,9.07,1.53,200,14691,
oficina x245,resumen de video,13.952,21.17,20.54,0.63,200,13773,
oficina x245,eventos recientes,13.956,11.96,10.6,1.37,200,14691,
oficina x245,eventos recientes,13.958,8.58,7.18,1.39,200,14691,
oficina x245,panel en vivo,13.961,5.68,5.06,0.62,200,42,
oficina x245,resumen de video,13.964,10.84,10.21,0.62,200,13773,
oficina x245,resumen de video,13.967,8.12,7.06,1.07,200,13773,
oficina x245,resumen de video,13.969,7.26,6.61,0.64,200,13773,
oficina x245,panel en vivo,13.983,2.73,2.24,0.49,200,42,
oficina x245,estado del sistema,13.983,3.94,2.16,1.79,200,318,
oficina x245,panel en vivo,13.988,9.02,7.78,1.24,200,42,
oficina x245,eventos recientes,13.989,9.35,8.09,1.26,200,14691,
oficina x245,panel en vivo,13.995,4.08,3.6,0.48,200,42,
oficina x245,panel en vivo,13.999,8.68,7.02,1.66,200,42,
oficina x245,eventos recientes,14.0,5.14,3.02,2.12,200,14691,
oficina x245,panel en vivo,14.003,16.65,12.17,4.48,200,42,
oficina x245,panel en vivo,14.005,14.43,11.12,3.3,200,42,
oficina x245,resumen de video,14.006,14.95,8.34,6.61,200,13773,
oficina x245,eventos recientes,14.007,18.23,16.21,2.02,200,14691,
oficina x245,buscar contacto,14.007,9.54,5.34,4.2,200,489,
oficina x245,panel en vivo,14.008,6.3,4.36,1.95,200,42,
oficina x245,panel en vivo,14.009,17.22,12.18,5.04,200,42,
oficina x245,estado del sistema,14.012,14.05,11.96,2.09,200,318,
oficina x245,panel en vivo,14.018,6.67,2.93,3.74,200,42,
oficina x245,panel en vivo,14.02,7.52,2.54,4.98,200,42,
oficina x245,estado del sistema,14.027,3.51,2.07,1.44,200,318,
oficina x245,eventos recientes,14.033,5.82,2.56,3.26,200,14691,
oficina x245,eventos recientes,14.041,9.63,9.33,0.29,200,14691,
oficina x245,panel en vivo,14.043,9.62,8.8,0.82,200,42,
oficina x245,resumen de video,14.045,7.97,6.5,1.47,200,13773,
oficina x245,panel en vivo,14.052,2.61,2.18,0.43,200,42,
oficina x245,panel en vivo,14.053,4.43,4.39,0.03,200,42,
oficina x245,estado del sistema,14.053,4.79,3.62,1.17,200,318,
oficina x245,estado del sistema,14.054,3.44,2.62,0.82,200,318,
oficina x245,panel en vivo,14.061,2.85,2.46,0.4,200,42,
oficina x245,eventos recientes,14.067,4.69,3.21,1.48,200,14691,
oficina x245,resumen de video,14.069,5.05,4.52,0.53,200,13773,
oficina x245,panel en vivo,14.071,4.59,3.06,1.52,200,42,
oficina x245,eventos recientes,14.072,3.91,3.77,0.14,200,14691,
oficina x245,eventos recientes,14.076,9.76,5.49,4.27,200,14691,
oficina x245,resumen de video,14.076,7.32,6.46,0.87,200,13773,
oficina x245,panel en vivo,14.076,5.1,4.23,0.88,200,42,
oficina x245,panel en vivo,14.077,7.19,4.3,2.9,200,42,
oficina x245,panel en vivo,14.082,6.29,4.93,1.36,200,42,
oficina x245,panel en vivo,14.082,5.04,3.46,1.58,200,42,
oficina x245,panel en vivo,14.083,5.7,4.47,1.23,200,42,
oficina x245,eventos recientes,14.085,3.15,3.1,0.05,200,14691,
oficina x245,panel en vivo,14.087,4.06,3.59,0.48,200,42,
oficina x245,eventos recientes,14.088,2.98,2.9,0.08,200,14691,
oficina x245,panel en vivo,14.094,2.53,2.15,0.38,200,42,
oficina x245,resumen de video,14.098,5.07,4.27,0.8,200,13773,
oficina x245,panel en vivo,14.106,4.9,4.22,0.68,200,42,
oficina x245,eventos recientes,14.106,3.49,3.02,0.47,200,14691,
oficina x245,eventos recientes,14.109,8.74,6.12,2.61,200,14691,
oficina x245,eventos recientes,14.11,7.97,6.95,1.02,200,14691,
oficina x245,contactos recientes,14.111,5.35,3.46,1.88,200,1557,
oficina x245,panel en vivo,14.111,4.72,4.16,0.56,200,42,
oficina x245,eventos recientes,14.112,7.26,6.11,1.15,200,14691,
oficina x245,resumen de video,14.114,5.68,5.43,0.24,200,13773,
oficina x245,resumen de video,14.117,6.32,5.63,0.68,200,13773,
oficina x245,panel en vivo,14.119,5.37,3.29,2.08,200,42,
oficina x245,panel en vivo,14.12,4.04,3.01,1.02,200,42,
oficina x245,panel en vivo,14.123,2.94,2.56,0.38,200,42,
oficina x245,estado del sistema,14.124,2.28,1.8,0.48,200,318,
oficina x245,resumen de video,14.13,4.71,3.58,1.13,200,13773,
oficina x245,eventos recientes,14.133,6.66,6.49,0.17,200,14691,
oficina x245,eventos recientes,14.136,8.34,6.75,1.59,200,14691,
oficina x245,resumen de video,14.137,8.47,7.54,0.93,200,13773,
oficina x245,eventos recientes,14.137,6.8,3.77,3.03,200,14691,
oficina x245,panel en vivo,14.139,11.42,7.19,4.23,200,42,
oficina x245,panel en vivo,14.14,8.83,4.75,4.09,200,42,
oficina x245,panel en vivo,14.14,5.06,4.32,0.74,200,42,
oficina x245,estado del sistema,14.141,9.2,8.73,0.47,200,318,
oficina x245,panel en vivo,14.143,5.75,5.56,0.2,200,42,
oficina x245,panel en vivo,14.143,7.85,5.95,1.9,200,42,
oficina x245,panel en vivo,14.147,5.43,4.2,1.24,200,42,
oficina x245,eventos recientes,14.147,5.8,4.86,0.94,200,14691,
oficina x245,estado del sistema,14.148,8.33,7.81,0.52,200,318,
oficina x245,estado del sistema,14.149,4.97,2.18,2.79,200,318,
oficina x245,panel en vivo,14.151,10.15,7.84,2.31,200,42,
oficina x245,estado del sistema,14.151,10.25,5.3,4.95,200,318,
oficina x245,eventos recientes,14.156,5.5,3.45,2.05,200,14691,
oficina x245,estado del sistema,14.16,3.37,2.11,1.26,200,318,
oficina x245,panel en vivo,14.161,3.23,2.22,1.01,200,42,
oficina x245,resumen de video,14.164,9.67,7.93,1.74,200,13773,
oficina x245,panel en vivo,14.166,4.2,3.71,0.5,200,42,
oficina x245,panel en vivo,14.168,5.31,4.77,0.54,200,42,
oficina x245,eventos recientes,14.177,12.13,9.32,2.81,200,14691,
oficina x245,panel en vivo,14.177,11.5,10.69,0.81,200,42,
oficina x245,panel en vivo,14.178,9.59,9.05,0.54,200,42,
oficina x245,panel en vivo,14.179,7.16,6.87,0.29,200,42,
oficina x245,panel en vivo,14.179,6.49,6.25,0.25,200,42,
oficina x245,panel en vivo,14.18,8.83,8.1,0.73,200,42,
oficina x245,panel en vivo,14.188,6.43,3.76,2.67,200,42,
oficina x245,panel en vivo,14.188,5.52,4.41,1.1,200,42,
oficina x245,panel en vivo,14.19,2.9,1.87,1.03,200,42,
oficina x245,panel en vivo,14.194,3.77,2.8,0.97,200,42,
oficina x245,eventos recientes,14.196,3.23,3.11,0.12,200,14691,
oficina x245,estado del sistema,14.196,3.99,3.31,0.68,200,318,
oficina x245,panel en vivo,14.196,7.69,6.75,0.94,200,42,
oficina x245,estado del sistema,14.198,5.08,2.05,3.03,200,318,
oficina x245,eventos recientes,14.198,6.28,5.86,0.42,200,14691,
oficina x245,panel en vivo,14.206,2.79,1.83,0.96,200,42,
oficina x245,panel en vivo,14.208,6.01,3.03,2.98,200,42,
oficina x245,eventos recientes,14.208,3.39,2.34,1.04,200,14691,
oficina x245,panel en vivo,14.209,4.72,4.31,0.41,200,42,
oficina x245,eventos recientes,14.215,4.01,3.37,0.65,200,14691,
oficina x245,panel en vivo,14.216,3.87,3.66,0.22,200,42,
oficina x245,resumen de video,14.218,4.96,4.05,0.9,200,13773,
oficina x245,panel en vivo,14.22,18.45,11.18,7.27,200,42,
oficina x245,resumen de video,14.22,10.54,7.7,2.84,200,13773,
oficina x245,resumen de video,14.221,5.64,4.37,1.27,200,13773,
oficina x245,eventos recientes,14.221,19.28,12.87,6.41,200,14691,
oficina x245,eventos recientes,14.225,2.6,2.21,0.39,200,14691,
oficina x245,panel en vivo,14.226,13.28,12.87,0.41,200,42,
oficina x245,contactos recientes,14.229,6.13,5.8,0.33,200,1557,
oficina x245,panel en vivo,14.238,9.9,9.37,0.54,200,42,
oficina x245,eventos recientes,14.24,8.42,4.49,3.93,200,14691,
oficina x245,panel en vivo,14.244,3.93,3.51,0.42,200,42,
oficina x245,panel en vivo,14.251,23.77,19.99,3.78,200,42,
oficina x245,panel en vivo,14.255,20.73,19.4,1.33,200,42,
oficina x245,resumen de video,14.255,15.01,12.57,2.44,200,13773,
oficina x245,eventos recientes,14.256,7.36,6.27,1.1,200,14691,
oficina x245,resumen de video,14.258,12.29,12.05,0.24,200,13773,
oficina x245,eventos recientes,14.258,26.57,24.52,2.05,200,14691,
oficina x245,panel en vivo,14.26,29.45,27.09,2.36,200,42,
oficina x245,panel en vivo,14.262,24.28,15.06,9.22,200,42,
oficina x245,estado del sistema,14.263,24.44,21.76,2.67,200,318,
oficina x245,eventos recientes,14.264,24.68,16.71,7.97,200,14691,
oficina x245,eventos recientes,14.265,14.29,11.83,2.46,200,14691,
oficina x245,panel en vivo,14.265,8.43,7.49,0.94,200,42,
oficina x245,panel en vivo,14.269,10.9,9.37,1.53,200,42,
oficina x245,panel en vivo,14.273,19.82,13.68,6.14,200,42,
oficina x245,panel en vivo,14.28,17.04,9.74,7.31,200,42,
oficina x245,eventos recientes,14.287,7.56,6.04,1.52,200,14691,
oficina x245,estado del sistema,14.289,7.07,6.64,0.43,200,318,
oficina x245,buscar contacto,14.29,4.88,3.71,1.16,200,840,
oficina x245,eventos recientes,14.291,5.79,4.89,0.91,200,14691,
oficina x245,panel en vivo,14.296,4.21,3.39,0.82,200,42,
oficina x245,panel en vivo,14.301,3.69,2.8,0.89,200,42,
oficina x245,estado del sistema,14.301,3.79,2.74,1.05,200,318,
oficina x245,resumen de video,14.305,13.49,13.2,0.29,200,13773,
oficina x245,eventos recientes,14.305,14.03,12.99,1.04,200,14691,
oficina x245,eventos recientes,14.306,16.3,16.03,0.27,200,14691,
oficina x245,panel en vivo,14.307,14.85,13.64,1.22,200,42,
oficina x245,panel en vivo,14.307,15.98,14.33,1.65,200,42,
oficina x245,eventos recientes,14.308,12.49,12.22,0.27,200,14691,
oficina x245,eventos recientes,14.31,12.44,11.81,0.63,200,14691,
oficina x245,panel en vivo,14.311,10.89,10.17,0.73,200,42,
oficina x245,eventos recientes,14.312,16.03,15.13,0.9,200,14691,
oficina x245,panel en vivo,14.312,10.57,10.27,0.3,200,42,
oficina x245,panel en vivo,14.313,13.59,11.33,2.26,200,42,
oficina x245,panel en vivo,14.313,23.79,21.22,2.58,200,42,
oficina x245,resumen de video,14.313,45.14,42.36,2.78,200,13773,
oficina x245,panel en vivo,14.317,6.32,5.43,0.89,200,42,
oficina x245,resumen de video,14.322,16.29,15.06,1.23,200,13773,
oficina x245,panel en vivo,14.324,12.73,12.47,0.26,200,42,
oficina x245,panel en vivo,14.324,12.93,12.44,0.49,200,42,
oficina x245,eventos recientes,14.326,18.2,15.87,2.33,200,14691,
oficina x245,estado del sistema,14.326,15.76,13.1,2.67,200,318,
oficina x245,eventos recientes,14.328,11.99,8.4,3.59,200,14691,
oficina x245,resumen de video,14.33,25.65,25.08,0.57,200,13773,
oficina x245,resumen de video,14.335,15.93,14.62,1.31,200,13773,
oficina x245,resumen de video,14.338,11.37,10.21,1.16,200,13773,
oficina x245,panel en vivo,14.341,7.29,6.12,1.18,200,42,
oficina x245,estado del sistema,14.343,12.11,11.23,0.88,200,318,
oficina x245,estado del sistema,14.343,17.28,16.56,0.71,200,318,
oficina x245,estado del sistema,14.347,7.04,6.48,0.56,200,318,
oficina x245,eventos recientes,14.348,6.8,4.19,2.61,200,14691,
oficina x245,eventos recientes,14.355,4.81,4.18,0.62,200,14691,
oficina x245,estado del sistema,14.363,2.14,1.86,0.29,200,318,
oficina x245,eventos recientes,14.365,3.3,2.35,0.95,200,14691,
oficina x245,panel en vivo,14.367,2.19,1.82,0.37,200,42,
oficina x245,panel en vivo,14.373,5.12,2.87,2.25,200,42,
oficina x245,estado del sistema,14.375,3.74,2.86,0.87,200,318,
oficina x245,eventos recientes,14.383,5.38,4.6,0.78,200,14691,
oficina x245,panel en vivo,14.383,5.01,3.78,1.23,200,42,
oficina x245,panel en vivo,14.39,2.85,1.99,0.86,200,42,
oficina x245,resumen de video,14.391,5.07,3.49,1.58,200,13773,
oficina x245,eventos recientes,14.401,2.54,2.28,0.25,200,14691,
oficina x245,panel en vivo,14.405,2.29,2.11,0.18,200,42,
oficina x245,resumen de video,14.407,4.38,3.91,0.47,200,13773,
oficina x245,panel en vivo,14.417,14.49,13.96,0.53,200,42,
oficina x245,eventos recientes,14.418,13.09,12.73,0.36,200,14691,
oficina x245,resumen de video,14.419,13.51,12.52,0.99,200,13773,
oficina x245,estado del sistema,14.419,15.47,14.3,1.17,200,318,
oficina x245,estado del sistema,14.42,22.22,20.42,1.8,200,318,
oficina x245,panel en vivo,14.42,13.05,11.0,2.05,200,42,
oficina x245,resumen de video,14.422,20.02,19.62,0.4,200,13773,
oficina x245,panel en vivo,14.422,13.84,11.91,1.94,200,42,
oficina x245,resumen de video,14.423,10.67,10.25,0.41,200,13773,
oficina x245,panel en vivo,14.425,11.47,10.55,0.93,200,42,
oficina x245,panel en vivo,14.432,5.77,3.17,2.6,200,42,
oficina x245,panel en vivo,14.438,6.16,5.06,1.11,200,42,
oficina x245,eventos recientes,14.441,4.74,3.47,1.27,200,14691,
oficina x245,panel en vivo,14.442,4.34,2.63,1.71,200,42,
oficina x245,bandeja de documentos,14.444,6.09,5.5,0.59,200,12476,
oficina x245,panel en vivo,14.448,3.49,3.15,0.33,200,42,
oficina x245,estado del sistema,14.448,7.26,7.0,0.26,200,318,
oficina x245,resumen de video,14.449,7.55,5.05,2.49,200,13773,
oficina x245,panel en vivo,14.45,5.69,4.16,1.53,200,42,
oficina x245,panel en vivo,14.457,6.75,6.01,0.74,200,42,
oficina x245,estado del sistema,14.461,3.78,3.21,0.58,200,318,
oficina x245,panel en vivo,14.462,3.97,3.54,0.43,200,42,
oficina x245,panel en vivo,14.463,6.14,5.28,0.86,200,42,
oficina x245,eventos recientes,14.468,10.26,9.57,0.68,200,14691,
oficina x245,resumen de video,14.469,7.21,6.72,0.49,200,13773,
oficina x245,estado del sistema,14.471,7.77,6.36,1.41,200,318,
oficina x245,panel en vivo,14.474,4.86,3.83,1.03,200,42,
oficina x245,estado del sistema,14.475,9.31,7.02,2.29,200,318,
oficina x245,panel en vivo,14.479,5.52,4.74,0.78,200,42,
oficina x245,panel en vivo,14.48,9.25,7.81,1.44,200,42,
oficina x245,estado del sistema,14.481,5.07,4.87,0.2,200,318,
oficina x245,panel en vivo,14.482,8.83,8.6,0.23,200,42,
oficina x245,panel en vivo,14.482,9.65,8.95,0.7,200,42,
oficina x245,panel en vivo,14.486,6.86,4.01,2.85,200,42,
oficina x245,eventos recientes,14.486,3.77,3.07,0.7,200,14691,
oficina x245,panel en vivo,14.493,2.81,1.95,0.86,200,42,
oficina x245,panel en vivo,14.495,3.72,3.01,0.71,200,42,
oficina x245,resumen de video,14.496,9.48,9.01,0.47,200,13773,
oficina x245,eventos recientes,14.502,10.55,8.55,2.0,200,14691,
oficina x245,eventos recientes,14.506,6.74,5.85,0.9,200,14691,
oficina x245,eventos recientes,14.507,4.62,4.14,0.48,200,14691,
oficina x245,panel en vivo,14.507,4.8,3.0,1.8,200,42,
oficina x245,panel en vivo,14.512,5.4,5.23,0.17,200,42,
oficina x245,eventos recientes,14.513,8.11,7.02,1.1,200,14691,
oficina x245,resumen de video,14.516,4.74,4.28,0.46,200,13773,
oficina x245,estado del sistema,14.522,3.86,2.45,1.41,200,318,
oficina x245,panel en vivo,14.524,2.11,1.98,0.14,200,42,
oficina x245,estado del sistema,14.527,4.51,4.25,0.26,200,318,
oficina x245,eventos recientes,14.527,4.6,3.98,0.61,200,14691,
oficina x245,estado del sistema,14.529,4.13,2.27,1.86,200,318,
oficina x245,resumen de video,14.53,6.37,3.48,2.89,200,13773,
oficina x245,panel en vivo,14.539,2.87,2.38,0.49,200,42,
oficina x245,estado del sistema,14.54,3.17,2.45,0.71,200,318,
oficina x245,panel en vivo,14.544,6.74,3.3,3.44,200,42,
oficina x245,panel en vivo,14.547,4.39,3.46,0.92,200,42,
oficina x245,resumen de video,14.553,3.63,3.43,0.2,200,13773,
oficina x245,panel en vivo,14.557,3.05,2.3,0.75,200,42,
oficina x245,resumen de video,14.558,5.16,4.24,0.92,200,13773,
oficina x245,panel en vivo,14.563,3.07,2.71,0.36,200,42,
oficina x245,eventos recientes,14.565,5.48,4.53,0.95,200,14691,
oficina x245,panel en vivo,14.565,11.93,11.48,0.45,200,42,
oficina x245,resumen de video,14.565,5.11,4.36,0.75,200,13773,
oficina x245,eventos recientes,14.566,12.5,11.68,0.82,200,14691,
oficina x245,panel en vivo,14.566,9.54,5.2,4.35,200,42,
oficina x245,resumen de video,14.57,3.58,3.28,0.3,200,13773,
oficina x245,resumen de video,14.577,5.66,3.21,2.45,200,13773,
oficina x245,resumen de video,14.582,10.46,9.36,1.1,200,13773,
oficina x245,panel en vivo,14.584,7.92,7.75,0.17,200,42,
oficina x245,resumen de video,14.585,9.3,9.07,0.24,200,13773,
oficina x245,estado del sistema,14.585,8.4,6.06,2.34,200,318,
oficina x245,eventos recientes,14.588,8.65,6.81,1.85,200,14691,
oficina x245,panel en vivo,14.588,9.99,5.04,4.95,200,42,
oficina x245,panel en vivo,14.59,4.72,4.03,0.69,200,42,
oficina x245,panel en vivo,14.592,12.9,11.51,1.39,200,42,
oficina x245,eventos recientes,14.596,9.59,8.61,0.98,200,14691,
oficina x245,estado del sistema,14.598,10.53,10.1,0.43,200,318,
oficina x245,resumen de video,14.6,10.82,10.05,0.76,200,13773,
oficina x245,panel en vivo,14.601,7.23,6.3,0.93,200,42,
oficina x245,panel en vivo,14.601,5.16,3.73,1.43,200,42,
oficina x245,estado del sistema,14.605,4.71,4.24,0.47,200,318,
oficina x245,estado del sistema,14.608,5.6,5.4,0.19,200,318,
oficina x245,resumen de video,14.609,7.88,7.49,0.4,200,13773,
oficina x245,panel en vivo,14.61,7.75,7.41,0.34,200,42,
oficina x245,resumen de video,14.611,4.45,4.1,0.35,200,13773,
oficina x245,eventos recientes,14.617,2.69,2.49,0.2,200,14691,
oficina x245,estado del sistema,14.62,2.27,1.97,0.3,200,318,
oficina x245,panel en vivo,14.621,5.05,2.19,2.86,200,42,
oficina x245,panel en vivo,14.623,3.12,2.59,0.53,200,42,
oficina x245,estado del sistema,14.625,6.63,6.0,0.63,200,318,
oficina x245,resumen de video,14.628,4.4,3.92,0.48,200,13773,
oficina x245,panel en vivo,14.635,2.38,2.01,0.37,200,42,
oficina x245,panel en vivo,14.638,4.03,2.16,1.87,200,42,
oficina x245,panel en vivo,14.642,2.02,1.88,0.14,200,42,
oficina x245,panel en vivo,14.644,6.39,6.02,0.37,200,42,
oficina x245,eventos recientes,14.645,6.97,6.12,0.85,200,14691,
oficina x245,eventos recientes,14.645,5.11,3.99,1.12,200,14691,
oficina x245,estado del sistema,14.648,6.93,4.8,2.13,200,318,
oficina x245,eventos recientes,14.651,17.18,16.24,0.94,200,14691,
oficina x245,eventos recientes,14.651,16.93,15.43,1.5,200,14691,
oficina x245,eventos recientes,14.652,10.38,9.89,0.48,200,14691,
oficina x245,panel en vivo,14.654,12.69,12.41,0.29,200,42,
oficina x245,resumen de video,14.656,11.82,10.93,0.89,200,13773,
oficina x245,abrir ficha,14.661,4.13,2.86,1.27,200,1045,
oficina x245,resumen de video,14.663,6.91,4.97,1.94,200,13773,
oficina x245,eventos recientes,14.666,5.84,5.55,0.3,200,14691,
oficina x245,panel en vivo,14.669,2.83,2.36,0.47,200,42,
oficina x245,panel en vivo,14.679,6.34,5.78,0.56,200,42,
oficina x245,panel en vivo,14.68,4.74,4.03,0.71,200,42,
oficina x245,resumen de video,14.681,5.3,4.96,0.34,200,13773,
oficina x245,estado del sistema,14.693,7.38,6.63,0.76,200,318,
oficina x245,panel en vivo,14.694,4.08,2.11,1.97,200,42,
oficina x245,panel en vivo,14.694,2.63,2.42,0.21,200,42,
oficina x245,eventos recientes,14.698,3.79,2.72,1.07,200,14691,
oficina x245,resumen de video,14.698,10.69,8.74,1.96,200,13773,
oficina x245,eventos recientes,14.701,4.81,4.46,0.35,200,14691,
oficina x245,eventos recientes,14.702,6.37,5.3,1.06,200,14691,
oficina x245,eventos recientes,14.705,4.07,3.83,0.24,200,14691,
oficina x245,panel en vivo,14.709,1.86,1.8,0.06,200,42,
oficina x245,resumen de video,14.709,4.54,3.96,0.57,200,13773,
oficina x245,resumen de video,14.712,5.76,4.05,1.71,200,13773,
oficina x245,resumen de video,14.716,17.2,16.14,1.06,200,13773,
oficina x245,panel en vivo,14.716,16.03,15.13,0.9,200,42,
oficina x245,panel en vivo,14.717,3.21,2.62,0.58,200,42,
oficina x245,resumen de video,14.72,13.53,13.1,0.43,200,13773,
oficina x245,panel en vivo,14.721,5.12,4.27,0.85,200,42,
oficina x245,eventos recientes,14.721,11.72,11.01,0.71,200,14691,
oficina x245,eventos recientes,14.722,11.24,10.36,0.88,200,14691,
oficina x245,estado del sistema,14.725,8.95,3.57,5.37,200,318,
oficina x245,panel en vivo,14.729,5.11,3.98,1.13,200,42,
oficina x245,eventos recientes,14.735,3.21,2.3,0.92,200,14691,
oficina x245,buscar contacto,14.737,7.65,6.61,1.04,200,561,
oficina x245,panel en vivo,14.739,7.83,5.69,2.14,200,42,
oficina x245,estado del sistema,14.741,4.24,3.22,1.02,200,318,
oficina x245,eventos recientes,14.742,10.62,6.59,4.03,200,14691,
oficina x245,panel en vivo,14.743,7.04,5.48,1.56,200,42,
oficina x245,panel en vivo,14.747,6.31,5.59,0.71,200,42,
oficina x245,panel en vivo,14.747,13.99,11.54,2.44,200,42,
oficina x245,resumen de video,14.749,8.25,7.39,0.86,200,13773,
oficina x245,resumen de video,14.752,9.72,7.39,2.33,200,13773,
oficina x245,resumen de video,14.754,12.07,11.3,0.77,200,13773,
oficina x245,panel en vivo,14.754,10.84,9.02,1.82,200,42,
oficina x245,panel en vivo,14.758,9.9,9.75,0.15,200,42,
oficina x245,eventos recientes,14.758,3.35,2.84,0.52,200,14691,
oficina x245,panel en vivo,14.762,8.83,3.22,5.61,200,42,
oficina x245,resumen de video,14.764,8.94,8.46,0.48,200,13773,
oficina x245,eventos recientes,14.765,6.44,3.85,2.59,200,14691,
oficina x245,panel en vivo,14.766,7.09,4.09,3.01,200,42,
oficina x245,resumen de video,14.77,6.7,4.73,1.97,200,13773,
oficina x245,panel en vivo,14.773,3.75,3.47,0.28,200,42,
oficina x245,panel en vivo,14.775,2.68,2.28,0.4,200,42,
oficina x245,eventos recientes,14.776,5.21,4.83,0.38,200,14691,
oficina x245,panel en vivo,14.777,3.58,3.06,0.51,200,42,
oficina x245,resumen de video,14.78,5.43,4.32,1.11,200,13773,
oficina x245,estado del sistema,14.78,5.17,4.13,1.04,200,318,
oficina x245,resumen de video,14.787,8.07,3.47,4.6,200,13773,
oficina x245,eventos recientes,14.793,4.86,2.2,2.65,200,14691,
oficina x245,panel en vivo,14.798,2.84,1.84,1.0,200,42,
oficina x245,panel en vivo,14.802,3.21,2.11,1.1,200,42,
oficina x245,resumen de video,14.805,3.8,3.46,0.33,200,13773,
oficina x245,resumen de video,14.806,6.66,5.91,0.75,200,13773,
oficina x245,eventos recientes,14.807,11.32,5.45,5.88,200,14691,
oficina x245,resumen de video,14.807,8.37,7.59,0.78,200,13773,
oficina x245,panel en vivo,14.81,12.16,11.27,0.89,200,42,
oficina x245,resumen de video,14.811,24.87,24.0,0.87,200,13773,
oficina x245,resumen de video,14.813,18.63,18.08,0.55,200,13773,
oficina x245,eventos recientes,14.813,18.56,17.87,0.69,200,14691,
oficina x245,resumen de video,14.814,21.64,17.16,4.48,200,13773,
oficina x245,panel en vivo,14.816,11.88,10.93,0.95,200,42,
oficina x245,panel en vivo,14.819,4.09,3.18,0.91,200,42,
oficina x245,eventos recientes,14.821,16.76,15.92,0.83,200,14691,
oficina x245,panel en vivo,14.823,10.07,9.48,0.59,200,42,
oficina x245,estado del sistema,14.824,13.15,10.12,3.03,200,318,
oficina x245,eventos recientes,14.827,9.59,9.46,0.13,200,14691,
oficina x245,eventos recientes,14.83,5.58,4.66,0.92,200,14691,
oficina x245,panel en vivo,14.839,5.34,2.58,2.76,200,42,
oficina x245,panel en vivo,14.839,6.47,5.57,0.9,200,42,
oficina x245,panel en vivo,14.841,6.24,2.21,4.03,200,42,
oficina x245,panel en vivo,14.845,9.41,7.72,1.69,200,42,
oficina x245,resumen de video,14.847,13.35,12.49,0.86,200,13773,
oficina x245,panel en vivo,14.848,8.56,8.18,0.38,200,42,
oficina x245,panel en vivo,14.848,11.29,10.77,0.52,200,42,
oficina x245,eventos recientes,14.848,4.85,3.79,1.06,200,14691,
oficina x245,eventos recientes,14.849,4.66,3.42,1.24,200,14691,
oficina x245,estado del sistema,14.863,2.32,1.91,0.41,200,318,
oficina x245,resumen de video,14.87,6.59,6.35,0.24,200,13773,
oficina x245,panel en vivo,14.873,3.42,2.05,1.37,200,42,
oficina x245,eventos recientes,14.877,3.69,3.5,0.19,200,14691,
oficina x245,panel en vivo,14.878,4.07,2.57,1.5,200,42,
oficina x245,panel en vivo,14.88,2.87,1.98,0.89,200,42,
oficina x245,eventos recientes,14.884,3.03,2.61,0.42,200,14691,
oficina x245,panel en vivo,14.885,3.06,1.96,1.1,200,42,
oficina x245,panel en vivo,14.893,2.87,1.82,1.05,200,42,
oficina x245,eventos recientes,14.897,3.93,2.62,1.31,200,14691,
oficina x245,eventos recientes,14.902,3.37,2.88,0.49,200,14691,
oficina x245,resumen de video,14.907,5.53,4.72,0.82,200,13773,
oficina x245,panel en vivo,14.907,4.06,3.2,0.86,200,42,
oficina x245,contactos recientes,14.913,7.58,7.07,0.51,200,1557,
oficina x245,panel en vivo,14.924,6.85,3.28,3.57,200,42,
oficina x245,panel en vivo,14.927,3.07,2.4,0.66,200,42,
oficina x245,estado del sistema,14.93,5.24,4.66,0.58,200,318,
oficina x245,panel en vivo,14.93,3.83,2.65,1.19,200,42,
oficina x245,panel en vivo,14.931,6.81,6.41,0.4,200,42,
oficina x245,panel en vivo,14.932,2.89,2.46,0.43,200,42,
oficina x245,buscar contacto,14.932,6.19,5.73,0.46,200,551,
oficina x245,panel en vivo,14.934,3.8,2.57,1.23,200,42,
oficina x245,panel en vivo,14.94,2.77,1.84,0.93,200,42,
oficina x245,quien es quien,14.942,5.57,5.26,0.31,200,3475,
oficina x245,resumen de video,14.942,4.57,3.93,0.64,200,13773,
oficina x245,panel en vivo,14.942,6.0,5.44,0.56,200,42,
oficina x245,resumen de video,14.949,8.98,8.73,0.26,200,13773,
oficina x245,eventos recientes,14.951,11.42,10.24,1.18,200,14691,
oficina x245,panel en vivo,14.952,10.6,9.65,0.96,200,42,
oficina x245,panel en vivo,14.952,6.27,5.92,0.35,200,42,
oficina x245,resumen de video,14.955,6.96,6.69,0.27,200,13773,
oficina x245,eventos recientes,14.955,7.81,4.61,3.2,200,14691,
oficina x245,panel en vivo,14.956,6.5,5.35,1.15,200,42,
oficina x245,eventos recientes,14.956,7.69,6.96,0.74,200,14691,
oficina x245,eventos recientes,14.966,4.47,4.2,0.27,200,14691,
oficina x245,panel en vivo,14.967,4.77,4.02,0.74,200,42,
oficina x245,panel en vivo,14.97,3.77,2.81,0.96,200,42,
oficina x245,resumen de video,14.971,12.59,12.04,0.55,200,13773,
oficina x245,panel en vivo,14.973,8.88,7.59,1.29,200,42,
oficina x245,eventos recientes,14.975,7.9,6.83,1.07,200,14691,
oficina x245,estado del sistema,14.978,6.22,5.03,1.19,200,318,
oficina x245,estado del sistema,14.989,3.4,2.4,1.0,200,318,
oficina x245,panel en vivo,14.99,3.53,2.63,0.91,200,42,
oficina x245,estado del sistema,14.992,2.17,1.85,0.32,200,318,
oficina x245,resumen de video,14.999,5.52,4.87,0.65,200,13773,
oficina x245,panel en vivo,15.0,4.69,3.62,1.07,200,42,
oficina x245,panel en vivo,15.0,6.19,4.68,1.51,200,42,
oficina x245,resumen de video,15.002,9.0,8.54,0.46,200,13773,
oficina x245,resumen de video,15.005,9.12,8.91,0.21,200,13773,
oficina x245,resumen de video,15.007,8.57,6.68,1.9,200,13773,
oficina x245,eventos recientes,15.008,4.97,3.86,1.11,200,14691,
oficina x245,panel en vivo,15.014,2.28,2.12,0.16,200,42,
oficina x245,estado del sistema,15.017,5.61,4.56,1.05,200,318,
oficina x245,resumen de video,15.025,7.72,7.08,0.64,200,13773,
oficina x245,eventos recientes,15.027,8.32,7.51,0.81,200,14691,
oficina x245,eventos recientes,15.028,9.07,7.88,1.19,200,14691,
oficina x245,eventos recientes,15.028,5.85,4.9,0.95,200,14691,
oficina x245,panel en vivo,15.033,8.69,7.24,1.45,200,42,
oficina x245,resumen de video,15.034,28.04,26.44,1.61,200,13773,
oficina x245,panel en vivo,15.034,10.02,9.42,0.6,200,42,
oficina x245,estado del sistema,15.036,23.12,22.06,1.06,200,318,
oficina x245,eventos recientes,15.037,15.91,15.43,0.49,200,14691,
oficina x245,panel en vivo,15.038,4.93,4.62,0.3,200,42,
oficina x245,estado del sistema,15.042,14.85,14.39,0.45,200,318,
oficina x245,eventos recientes,15.044,15.89,14.79,1.1,200,14691,
oficina x245,resumen de video,15.045,26.67,26.14,0.54,200,13773,
oficina x245,panel en vivo,15.045,6.29,5.1,1.19,200,42,
oficina x245,eventos recientes,15.046,16.71,16.21,0.49,200,14691,
oficina x245,eventos recientes,15.048,6.79,6.56,0.23,200,14691,
oficina x245,panel en vivo,15.053,13.98,12.41,1.57,200,42,
oficina x245,eventos recientes,15.053,17.4,12.79,4.61,200,14691,
oficina x245,resumen de video,15.057,9.21,9.14,0.08,200,13773,
oficina x245,eventos recientes,15.063,10.94,7.94,3.0,200,14691,
oficina x245,panel en vivo,15.068,5.15,4.37,0.78,200,42,
oficina x245,panel en vivo,15.069,4.67,3.07,1.6,200,42,
oficina x245,panel en vivo,15.074,2.74,2.56,0.18,200,42,
oficina x245,resumen de video,15.075,4.31,3.77,0.54,200,13773,
oficina x245,panel en vivo,15.079,10.73,9.41,1.32,200,42,
oficina x245,panel en vivo,15.082,12.99,12.46,0.53,200,42,
oficina x245,resumen de video,15.084,10.39,9.87,0.53,200,13773,
oficina x245,resumen de video,15.088,17.44,16.13,1.31,200,13773,
oficina x245,resumen de video,15.088,7.01,6.77,0.25,200,13773,
oficina x245,panel en vivo,15.088,13.62,10.2,3.42,200,42,
oficina x245,panel en vivo,15.089,17.92,17.39,0.53,200,42,
oficina x245,panel en vivo,15.092,3.54,3.29,0.25,200,42,
oficina x245,resumen de video,15.093,12.33,12.2,0.13,200,13773,
oficina x245,panel en vivo,15.095,13.28,9.56,3.71,200,42,
oficina x245,resumen de video,15.097,17.0,16.04,0.95,200,13773,
oficina x245,eventos recientes,15.098,9.26,8.65,0.61,200,14691,
oficina x245,resumen de video,15.102,11.65,9.72,1.94,200,13773,
oficina x245,estado del sistema,15.104,7.78,7.44,0.34,200,318,
oficina x245,resumen de video,15.107,8.23,8.06,0.17,200,13773,
oficina x245,panel en vivo,15.113,5.1,4.69,0.41,200,42,
oficina x245,panel en vivo,15.114,3.74,2.45,1.29,200,42,
oficina x245,panel en vivo,15.122,3.19,2.13,1.06,200,42,
oficina x245,panel en vivo,15.124,3.1,2.03,1.06,200,42,
oficina x245,eventos recientes,15.129,4.15,3.16,0.99,200,14691,
oficina x245,eventos recientes,15.133,9.47,3.01,6.46,200,14691,
oficina x245,resumen de video,15.143,6.18,5.9,0.28,200,13773,
oficina x245,eventos recientes,15.144,5.91,5.44,0.46,200,14691,
oficina x245,resumen de video,15.145,16.38,15.85,0.52,200,13773,
oficina x245,panel en vivo,15.145,12.17,10.54,1.63,200,42,
oficina x245,panel en vivo,15.147,11.04,9.89,1.15,200,42,
oficina x245,resumen de video,15.15,12.48,11.84,0.63,200,13773,
oficina x245,panel en vivo,15.153,9.88,9.37,0.51,200,42,
oficina x245,panel en vivo,15.158,3.07,3.03,0.04,200,42,
oficina x245,panel en vivo,15.159,9.42,6.87,2.55,200,42,
oficina x245,resumen de video,15.164,8.53,8.34,0.19,200,13773,
oficina x245,panel en vivo,15.164,4.22,3.64,0.58,200,42,
oficina x245,panel en vivo,15.165,5.68,4.57,1.12,200,42,
oficina x245,eventos recientes,15.167,5.5,3.68,1.83,200,14691,
oficina x245,panel en vivo,15.168,12.73,11.03,1.7,200,42,
oficina x245,buscar contacto,15.17,6.52,5.31,1.21,200,1630,
oficina x245,resumen de video,15.171,17.25,16.83,0.42,200,13773,
oficina x245,eventos recientes,15.173,9.81,9.37,0.45,200,14691,
oficina x245,resumen de video,15.175,9.32,8.11,1.21,200,13773,
oficina x245,panel en vivo,15.18,10.63,2.94,7.69,200,42,
oficina x245,estado del sistema,15.187,3.93,3.1,0.82,200,318,
oficina x245,panel en vivo,15.191,3.11,2.39,0.72,200,42,
oficina x245,panel en vivo,15.192,3.65,2.55,1.1,200,42,
oficina x245,panel en vivo,15.193,2.95,2.11,0.84,200,42,
oficina x245,panel en vivo,15.199,7.87,6.81,1.06,200,42,
oficina x245,eventos recientes,15.2,6.19,3.56,2.63,200,14691,
oficina x245,panel en vivo,15.2,6.37,5.73,0.63,200,42,
oficina x245,panel en vivo,15.207,2.97,2.12,0.86,200,42,
oficina x245,estado del sistema,15.211,2.67,2.08,0.6,200,318,
oficina x245,estado del sistema,15.215,2.72,2.1,0.62,200,318,
oficina x245,eventos recientes,15.225,3.4,2.87,0.53,200,14691,
oficina x245,panel en vivo,15.233,2.87,2.02,0.85,200,42,
oficina x245,panel en vivo,15.236,4.91,4.08,0.83,200,42,
oficina x245,panel en vivo,15.237,4.48,3.56,0.92,200,42,
oficina x245,panel en vivo,15.238,5.65,5.13,0.52,200,42,
oficina x245,eventos recientes,15.24,7.31,6.87,0.44,200,14691,
oficina x245,resumen de video,15.24,7.92,7.11,0.81,200,13773,
oficina x245,eventos recientes,15.241,4.24,3.88,0.36,200,14691,
oficina x245,panel en vivo,15.247,6.47,5.67,0.8,200,42,
oficina x245,panel en vivo,15.247,3.95,3.24,0.71,200,42,
oficina x245,panel en vivo,15.248,5.47,4.88,0.59,200,42,
oficina x245,eventos recientes,15.249,3.81,3.41,0.4,200,14691,
oficina x245,panel en vivo,15.263,7.45,7.02,0.43,200,42,
oficina x245,panel en vivo,15.264,8.51,7.4,1.11,200,42,
oficina x245,resumen de video,15.265,9.29,8.51,0.78,200,13773,
oficina x245,panel en vivo,15.27,7.5,7.11,0.39,200,42,
oficina x245,panel en vivo,15.27,6.74,4.58,2.16,200,42,
oficina x245,panel en vivo,15.27,7.28,6.78,0.5,200,42,
oficina x245,eventos recientes,15.274,5.66,3.84,1.82,200,14691,
oficina x245,panel en vivo,15.278,2.85,2.38,0.47,200,42,
oficina x245,panel en vivo,15.281,2.65,2.4,0.25,200,42,
oficina x245,bandeja de documentos,15.282,4.26,3.66,0.6,200,12476,
oficina x245,eventos recientes,15.285,9.51,8.74,0.77,200,14691,
oficina x245,panel en vivo,15.286,12.2,10.51,1.69,200,42,
oficina x245,panel en vivo,15.287,12.79,12.09,0.7,200,42,
oficina x245,estado del sistema,15.287,12.58,11.35,1.23,200,318,
oficina x245,panel en vivo,15.292,6.62,5.84,0.78,200,42,
oficina x245,panel en vivo,15.293,7.41,6.22,1.19,200,42,
oficina x245,panel en vivo,15.296,3.52,2.61,0.91,200,42,
oficina x245,panel en vivo,15.299,5.4,2.76,2.64,200,42,
oficina x245,panel en vivo,15.301,3.36,2.39,0.97,200,42,
oficina x245,eventos recientes,15.307,6.61,5.35,1.25,200,14691,
oficina x245,resumen de video,15.308,7.87,6.86,1.01,200,13773,
oficina x245,panel en vivo,15.311,4.16,3.09,1.07,200,42,
oficina x245,resumen de video,15.314,12.05,11.84,0.21,200,13773,
oficina x245,resumen de video,15.314,10.57,9.47,1.11,200,13773,
oficina x245,eventos recientes,15.316,8.88,8.57,0.31,200,14691,
oficina x245,eventos recientes,15.323,5.46,3.47,1.99,200,14691,
oficina x245,resumen de video,15.326,6.28,5.43,0.85,200,13773,
oficina x245,bandeja de documentos,15.332,4.93,4.41,0.52,200,12476,
oficina x245,eventos recientes,15.333,4.05,3.94,0.11,200,14691,
oficina x245,resumen de video,15.334,7.11,5.97,1.14,200,13773,
oficina x245,eventos recientes,15.337,4.76,3.06,1.7,200,14691,
oficina x245,panel en vivo,15.344,3.22,2.35,0.87,200,42,
oficina x245,eventos recientes,15.345,3.26,2.87,0.39,200,14691,
oficina x245,eventos recientes,15.35,10.78,9.51,1.27,200,14691,
oficina x245,panel en vivo,15.351,6.72,6.14,0.58,200,42,
oficina x245,resumen de video,15.351,17.13,16.42,0.71,200,13773,
oficina x245,eventos recientes,15.351,8.82,8.0,0.82,200,14691,
oficina x245,estado del sistema,15.352,15.24,14.75,0.49,200,318,
oficina x245,panel en vivo,15.352,5.87,5.15,0.72,200,42,
oficina x245,eventos recientes,15.353,12.49,12.02,0.47,200,14691,
oficina x245,resumen de video,15.356,9.78,8.9,0.88,200,13773,
oficina x245,resumen de video,15.359,9.46,9.3,0.17,200,13773,
oficina x245,panel en vivo,15.36,8.06,7.57,0.49,200,42,
oficina x245,eventos recientes,15.36,8.74,8.04,0.69,200,14691,
oficina x245,panel en vivo,15.363,5.99,5.02,0.97,200,42,
oficina x245,panel en vivo,15.363,6.77,6.26,0.52,200,42,
oficina x245,panel en vivo,15.369,2.86,1.96,0.9,200,42,
oficina x245,panel en vivo,15.37,2.56,1.82,0.75,200,42,
oficina x245,eventos recientes,15.373,9.42,8.31,1.11,200,14691,
oficina x245,panel en vivo,15.373,9.16,7.66,1.5,200,42,
oficina x245,resumen de video,15.374,4.95,4.33,0.62,200,13773,
oficina x245,panel en vivo,15.375,4.87,4.41,0.46,200,42,
oficina x245,resumen de video,15.377,4.94,4.77,0.16,200,13773,
oficina x245,eventos recientes,15.378,17.31,16.04,1.27,200,14691,
oficina x245,panel en vivo,15.378,8.63,7.49,1.15,200,42,
oficina x245,eventos recientes,15.383,13.18,12.49,0.7,200,14691,
oficina x245,eventos recientes,15.383,10.57,10.15,0.41,200,14691,
oficina x245,panel en vivo,15.383,5.23,4.09,1.15,200,42,
oficina x245,panel en vivo,15.391,5.05,4.09,0.96,200,42,
oficina x245,buscar contacto,15.397,3.95,3.58,0.37,200,6883,
oficina x245,panel en vivo,15.402,3.03,2.12,0.91,200,42,
oficina x245,resumen de video,15.405,6.66,5.68,0.98,200,13773,
oficina x245,eventos recientes,15.408,12.22,12.04,0.18,200,14691,
oficina x245,eventos recientes,15.408,11.94,11.35,0.59,200,14691,
oficina x245,panel en vivo,15.409,3.69,3.44,0.25,200,42,
oficina x245,panel en vivo,15.411,9.06,6.84,2.22,200,42,
oficina x245,eventos recientes,15.411,11.85,10.99,0.86,200,14691,
oficina x245,resumen de video,15.413,12.1,10.65,1.45,200,13773,
oficina x245,eventos recientes,15.415,6.69,4.52,2.17,200,14691,
oficina x245,panel en vivo,15.417,8.89,4.32,4.57,200,42,
oficina x245,resumen de video,15.423,8.48,7.29,1.19,200,13773,
oficina x245,panel en vivo,15.424,4.57,2.15,2.43,200,42,
oficina x245,estado del sistema,15.428,6.07,5.52,0.54,200,318,
oficina x245,panel en vivo,15.428,2.74,2.31,0.43,200,42,
oficina x245,estado del sistema,15.428,6.81,6.35,0.45,200,318,
oficina x245,estado del sistema,15.432,5.63,4.4,1.22,200,318,
oficina x245,panel en vivo,15.435,3.46,2.8,0.66,200,42,
oficina x245,resumen de video,15.437,4.53,4.09,0.44,200,13773,
oficina x245,panel en vivo,15.439,5.02,4.24,0.78,200,42,
oficina x245,eventos recientes,15.442,4.61,3.4,1.21,200,14691,
oficina x245,resumen de video,15.451,4.53,3.88,0.66,200,13773,
oficina x245,resumen de video,15.456,8.44,7.25,1.19,200,13773,
oficina x245,resumen de video,15.458,5.18,4.94,0.23,200,13773,
oficina x245,panel en vivo,15.461,13.08,10.13,2.96,200,42,
oficina x245,resumen de video,15.462,13.3,12.2,1.1,200,13773,
oficina x245,resumen de video,15.463,11.8,10.82,0.97,200,13773,
oficina x245,panel en vivo,15.464,9.63,9.35,0.28,200,42,
oficina x245,eventos recientes,15.464,9.37,8.73,0.64,200,14691,
oficina x245,estado del sistema,15.466,9.01,7.96,1.06,200,318,
oficina x245,estado del sistema,15.471,5.8,4.56,1.24,200,318,
oficina x245,estado del sistema,15.473,4.84,3.08,1.77,200,318,
oficina x245,panel en vivo,15.479,11.64,11.13,0.51,200,42,
oficina x245,resumen de video,15.479,18.76,16.63,2.13,200,13773,
oficina x245,eventos recientes,15.48,13.88,13.21,0.67,200,14691,
oficina x245,estado del sistema,15.481,20.39,19.3,1.09,200,318,
oficina x245,estado del sistema,15.482,11.15,10.85,0.3,200,318,
oficina x245,eventos recientes,15.487,19.45,18.99,0.46,200,14691,
oficina x245,panel en vivo,15.488,4.29,3.3,0.99,200,42,
oficina x245,resumen de video,15.492,21.48,21.07,0.41,200,13773,
oficina x245,eventos recientes,15.496,18.91,18.32,0.6,200,14691,
oficina x245,eventos recientes,15.497,21.3,20.5,0.8,200,14691,
oficina x245,panel en vivo,15.498,20.5,17.69,2.81,200,42,
oficina x245,eventos recientes,15.498,19.01,17.96,1.05,200,14691,
oficina x245,estado del sistema,15.498,20.17,17.24,2.93,200,318,
oficina x245,panel en vivo,15.501,17.03,15.78,1.25,200,42,
oficina x245,estado del sistema,15.502,20.29,19.25,1.04,200,318,
oficina x245,resumen de video,15.503,22.92,21.82,1.1,200,13773,
oficina x245,panel en vivo,15.503,14.26,11.89,2.37,200,42,
oficina x245,panel en vivo,15.504,20.82,19.33,1.49,200,42,
oficina x245,panel en vivo,15.511,7.13,6.92,0.21,200,42,
oficina x245,eventos recientes,15.514,19.36,17.93,1.43,200,14691,
oficina x245,panel en vivo,15.514,14.37,12.19,2.18,200,42,
oficina x245,panel en vivo,15.515,18.29,12.31,5.98,200,42,
oficina x245,eventos recientes,15.517,10.97,10.57,0.4,200,14691,
oficina x245,estado del sistema,15.519,10.56,6.52,4.04,200,318,
oficina x245,eventos recientes,15.523,9.16,7.53,1.63,200,14691,
oficina x245,eventos recientes,15.525,7.25,6.72,0.53,200,14691,
oficina x245,panel en vivo,15.527,7.18,6.23,0.95,200,42,
oficina x245,panel en vivo,15.535,2.84,2.4,0.44,200,42,
oficina x245,panel en vivo,15.536,6.15,2.23,3.92,200,42,
oficina x245,panel en vivo,15.541,6.66,4.15,2.51,200,42,
oficina x245,estado del sistema,15.543,4.43,2.95,1.48,200,318,
oficina x245,eventos recientes,15.549,6.06,3.82,2.24,200,14691,
oficina x245,resumen de video,15.549,12.84,12.51,0.34,200,13773,
oficina x245,eventos recientes,15.55,10.88,8.3,2.58,200,14691,
oficina x245,eventos recientes,15.554,13.48,13.2,0.29,200,14691,
oficina x245,estado del sistema,15.555,13.39,8.45,4.94,200,318,
oficina x245,eventos recientes,15.561,11.38,9.74,1.64,200,14691,
oficina x245,eventos recientes,15.561,9.64,9.39,0.24,200,14691,
oficina x245,eventos recientes,15.563,8.51,6.95,1.56,200,14691,
oficina x245,eventos recientes,15.563,8.91,8.86,0.05,200,14691,
oficina x245,eventos recientes,15.571,5.94,4.83,1.11,200,14691,
oficina x245,eventos recientes,15.573,3.39,2.98,0.42,200,14691,
oficina x245,eventos recientes,15.577,8.21,7.77,0.44,200,14691,
oficina x245,eventos recientes,15.577,19.86,18.52,1.34,200,14691,
oficina x245,resumen de video,15.578,23.69,22.4,1.29,200,13773,
oficina x245,panel en vivo,15.579,9.52,5.63,3.89,200,42,
oficina x245,panel en vivo,15.58,10.41,6.66,3.75,200,42,
oficina x245,panel en vivo,15.582,7.33,6.14,1.18,200,42,
oficina x245,estado del sistema,15.584,16.97,16.27,0.7,200,318,
oficina x245,panel en vivo,15.588,5.08,4.46,0.61,200,42,
oficina x245,eventos recientes,15.59,14.73,14.05,0.69,200,14691,
oficina x245,panel en vivo,15.593,10.02,7.95,2.07,200,42,
oficina x245,eventos recientes,15.595,8.82,7.76,1.06,200,14691,
oficina x245,panel en vivo,15.596,6.88,6.4,0.48,200,42,
oficina x245,eventos recientes,15.596,10.71,9.63,1.08,200,14691,
oficina x245,estado del sistema,15.597,9.54,8.39,1.15,200,318,
oficina x245,estado del sistema,15.599,6.68,6.51,0.16,200,318,
oficina x245,eventos recientes,15.603,6.78,4.94,1.83,200,14691,
oficina x245,panel en vivo,15.603,9.14,8.58,0.56,200,42,
oficina x245,eventos recientes,15.606,6.23,5.39,0.84,200,14691,
oficina x245,panel en vivo,15.616,3.27,2.83,0.44,200,42,
oficina x245,panel en vivo,15.616,2.5,2.03,0.48,200,42,
oficina x245,panel en vivo,15.62,6.03,5.5,0.53,200,42,
oficina x245,panel en vivo,15.62,7.42,6.87,0.54,200,42,
oficina x245,eventos recientes,15.623,5.76,3.74,2.02,200,14691,
oficina x245,eventos recientes,15.628,3.27,2.92,0.35,200,14691,
oficina x245,panel en vivo,15.628,3.96,3.18,0.78,200,42,
oficina x245,panel en vivo,15.63,2.62,1.94,0.68,200,42,
oficina x245,panel en vivo,15.636,4.85,3.89,0.97,200,42,
oficina x245,panel en vivo,15.643,10.36,9.89,0.47,200,42,
oficina x245,eventos recientes,15.643,5.49,5.24,0.25,200,14691,
oficina x245,panel en vivo,15.644,3.62,2.64,0.98,200,42,
oficina x245,contactos recientes,15.649,6.63,3.13,3.5,200,1557,
oficina x245,eventos recientes,15.66,8.52,7.77,0.75,200,14691,
oficina x245,panel en vivo,15.662,8.16,7.81,0.34,200,42,
oficina x245,eventos recientes,15.664,6.96,4.8,2.16,200,14691,
oficina x245,estado del sistema,15.664,13.82,9.87,3.95,200,318,
oficina x245,panel en vivo,15.667,11.5,9.62,1.88,200,42,
oficina x245,panel en vivo,15.669,9.16,8.19,0.98,200,42,
oficina x245,panel en vivo,15.671,9.02,8.25,0.77,200,42,
oficina x245,panel en vivo,15.674,5.07,4.3,0.77,200,42,
oficina x245,eventos recientes,15.68,3.02,2.28,0.73,200,14691,
oficina x245,estado del sistema,15.689,4.45,4.04,0.41,200,318,
oficina x245,eventos recientes,15.689,4.95,4.02,0.92,200,14691,
oficina x245,resumen de video,15.697,8.98,8.18,0.8,200,13773,
oficina x245,panel en vivo,15.697,7.99,6.81,1.18,200,42,
oficina x245,panel en vivo,15.697,4.72,4.05,0.67,200,42,
oficina x245,resumen de video,15.7,9.93,5.94,3.99,200,13773,
oficina x245,eventos recientes,15.7,6.68,5.98,0.7,200,14691,
oficina x245,panel en vivo,15.702,3.58,3.25,0.33,200,42,
oficina x245,panel en vivo,15.708,2.9,2.26,0.64,200,42,
oficina x245,eventos recientes,15.719,3.98,2.76,1.22,200,14691,
oficina x245,panel en vivo,15.723,4.41,2.51,1.9,200,42,
oficina x245,panel en vivo,15.723,4.01,3.57,0.44,200,42,
oficina x245,panel en vivo,15.73,3.1,2.45,0.65,200,42,
oficina x245,buscar contacto,15.733,4.26,3.39,0.86,200,489,
oficina x245,panel en vivo,15.733,4.35,3.72,0.64,200,42,
oficina x245,panel en vivo,15.736,3.09,2.34,0.75,200,42,
oficina x245,eventos recientes,15.738,4.32,3.28,1.04,200,14691,
oficina x245,abrir ficha,15.74,3.9,2.84,1.06,200,1045,
oficina x245,eventos recientes,15.742,6.05,5.36,0.69,200,14691,
oficina x245,eventos recientes,15.746,4.83,2.82,2.01,200,14691,
oficina x245,panel en vivo,15.752,3.21,2.3,0.91,200,42,
oficina x245,resumen de video,15.755,4.22,3.76,0.46,200,13773,
oficina x245,estado del sistema,15.759,4.14,2.62,1.53,200,318,
oficina x245,panel en vivo,15.762,3.61,2.33,1.28,200,42,
oficina x245,panel en vivo,15.766,5.93,4.97,0.96,200,42,
oficina x245,resumen de video,15.767,6.03,5.48,0.55,200,13773,
oficina x245,resumen de video,15.769,7.11,6.54,0.57,200,13773,
oficina x245,eventos recientes,15.772,5.26,3.35,1.91,200,14691,
oficina x245,eventos recientes,15.777,6.66,6.4,0.26,200,14691,
oficina x245,panel en vivo,15.779,5.26,4.48,0.78,200,42,
oficina x245,resumen de video,15.779,12.91,11.7,1.22,200,13773,
oficina x245,panel en vivo,15.78,9.71,8.84,0.87,200,42,
oficina x245,panel en vivo,15.784,7.45,3.32,4.12,200,42,
oficina x245,panel en vivo,15.785,9.75,4.38,5.37,200,42,
oficina x245,panel en vivo,15.788,3.58,3.06,0.53,200,42,
oficina x245,eventos recientes,15.79,5.99,4.52,1.47,200,14691,
oficina x245,panel en vivo,15.792,3.54,3.02,0.52,200,42,
oficina x245,resumen de video,15.797,10.9,8.8,2.1,200,13773,
oficina x245,eventos recientes,15.799,5.87,4.5,1.38,200,14691,
oficina x245,panel en vivo,15.802,4.25,3.17,1.09,200,42,
oficina x245,panel en vivo,15.802,4.27,4.03,0.24,200,42,
oficina x245,estado del sistema,15.805,5.72,4.16,1.56,200,318,
oficina x245,estado del sistema,15.807,3.84,3.1,0.74,200,318,
oficina x245,estado del sistema,15.814,3.19,2.15,1.04,200,318,
oficina x245,eventos recientes,15.823,9.31,8.58,0.74,200,14691,
oficina x245,panel en vivo,15.824,11.31,10.5,0.81,200,42,
oficina x245,eventos recientes,15.825,9.66,8.97,0.69,200,14691,
oficina x245,panel en vivo,15.825,9.4,6.57,2.83,200,42,
oficina x245,panel en vivo,15.825,9.36,6.38,2.98,200,42,
oficina x245,panel en vivo,15.828,6.07,5.4,0.67,200,42,
oficina x245,eventos recientes,15.835,3.68,2.84,0.83,200,14691,
oficina x245,panel en vivo,15.837,5.38,3.85,1.53,200,42,
oficina x245,resumen de video,15.839,14.96,13.98,0.98,200,13773,
oficina x245,estado del sistema,15.839,15.45,15.41,0.04,200,318,
oficina x245,resumen de video,15.84,10.82,10.26,0.56,200,13773,
oficina x245,panel en vivo,15.84,12.2,11.8,0.4,200,42,
oficina x245,panel en vivo,15.844,7.25,6.75,0.5,200,42,
oficina x245,panel en vivo,15.848,7.11,5.92,1.18,200,42,
oficina x245,panel en vivo,15.849,4.91,2.65,2.27,200,42,
oficina x245,panel en vivo,15.857,2.41,2.14,0.26,200,42,
oficina x245,estado del sistema,15.86,3.41,2.39,1.02,200,318,
oficina x245,resumen de video,15.863,9.79,8.34,1.45,200,13773,
oficina x245,panel en vivo,15.863,6.02,4.0,2.01,200,42,
oficina x245,resumen de video,15.865,6.73,5.17,1.56,200,13773,
oficina x245,panel en vivo,15.865,4.35,3.9,0.44,200,42,
oficina x245,eventos recientes,15.873,4.53,4.37,0.17,200,14691,
oficina x245,panel en vivo,15.874,3.69,3.1,0.59,200,42,
oficina x245,eventos recientes,15.875,4.84,4.01,0.83,200,14691,
oficina x245,panel en vivo,15.878,4.03,3.84,0.19,200,42,
oficina x245,panel en vivo,15.88,2.83,2.22,0.61,200,42,
oficina x245,estado del sistema,15.883,2.44,2.12,0.31,200,318,
oficina x245,resumen de video,15.886,8.33,8.21,0.11,200,13773,
oficina x245,panel en vivo,15.887,5.88,5.49,0.39,200,42,
oficina x245,panel en vivo,15.887,8.36,6.93,1.42,200,42,
oficina x245,panel en vivo,15.888,9.05,7.14,1.91,200,42,
oficina x245,panel en vivo,15.891,7.56,4.63,2.94,200,42,
oficina x245,resumen de video,15.894,6.29,3.71,2.57,200,13773,
oficina x245,eventos recientes,15.901,14.8,13.9,0.9,200,14691,
oficina x245,eventos recientes,15.901,17.89,17.56,0.33,200,14691,
oficina x245,panel en vivo,15.901,5.1,4.11,0.99,200,42,
oficina x245,panel en vivo,15.903,9.86,8.94,0.92,200,42,
oficina x245,panel en vivo,15.904,10.37,10.18,0.19,200,42,
oficina x245,panel en vivo,15.909,7.0,3.44,3.56,200,42,
oficina x245,panel en vivo,15.909,9.73,8.66,1.07,200,42,
oficina x245,estado del sistema,15.916,2.77,2.06,0.71,200,318,
oficina x245,panel en vivo,15.917,4.93,3.14,1.79,200,42,
oficina x245,panel en vivo,15.919,2.86,1.94,0.92,200,42,
oficina x245,estado del sistema,15.923,3.97,3.28,0.69,200,318,
oficina x245,panel en vivo,15.923,4.4,3.82,0.58,200,42,
oficina x245,panel en vivo,15.923,4.91,3.73,1.18,200,42,
oficina x245,panel en vivo,15.928,3.94,3.57,0.37,200,42,
oficina x245,panel en vivo,15.929,3.04,2.7,0.34,200,42,
oficina x245,panel en vivo,15.93,3.54,3.13,0.41,200,42,
oficina x245,panel en vivo,15.931,14.49,12.64,1.85,200,42,
oficina x245,panel en vivo,15.932,14.22,10.88,3.34,200,42,
oficina x245,panel en vivo,15.935,11.64,10.21,1.42,200,42,
oficina x245,panel en vivo,15.941,6.71,5.82,0.89,200,42,
oficina x245,resumen de video,15.943,4.98,4.73,0.26,200,13773,
oficina x245,panel en vivo,15.947,4.14,3.43,0.71,200,42,
oficina x245,eventos recientes,15.948,4.01,3.17,0.84,200,14691,
oficina x245,eventos recientes,15.951,6.49,6.02,0.46,200,14691,
oficina x245,resumen de video,15.952,7.74,7.59,0.15,200,13773,
oficina x245,panel en vivo,15.953,7.03,6.32,0.71,200,42,
oficina x245,eventos recientes,15.955,6.42,4.97,1.45,200,14691,
oficina x245,estado del sistema,15.958,3.59,3.41,0.17,200,318,
oficina x245,panel en vivo,15.963,3.43,2.41,1.02,200,42,
oficina x245,resumen de video,15.969,6.48,5.78,0.69,200,13773,
oficina x245,resumen de video,15.971,8.9,8.26,0.64,200,13773,
oficina x245,panel en vivo,15.971,5.84,5.38,0.46,200,42,
oficina x245,panel en vivo,15.971,7.01,6.02,0.99,200,42,
oficina x245,resumen de video,15.974,6.48,5.42,1.06,200,13773,
oficina x245,panel en vivo,15.981,3.86,3.01,0.85,200,42,
oficina x245,resumen de video,15.981,7.57,6.31,1.26,200,13773,
oficina x245,panel en vivo,15.983,6.04,5.04,1.0,200,42,
oficina x245,estado del sistema,15.989,2.48,2.13,0.35,200,318,
oficina x245,resumen de video,15.996,9.0,8.58,0.42,200,13773,
oficina x245,resumen de video,15.997,8.1,7.64,0.46,200,13773,
oficina x245,resumen de video,15.999,12.15,11.19,0.96,200,13773,
oficina x245,panel en vivo,16.001,4.72,4.38,0.33,200,42,
oficina x245,panel en vivo,16.002,6.02,4.99,1.03,200,42,
oficina x245,eventos recientes,16.003,5.39,4.32,1.07,200,14691,
oficina x245,resumen de video,16.004,8.79,6.78,2.01,200,13773,
oficina x245,panel en vivo,16.009,5.48,2.13,3.35,200,42,
oficina x245,panel en vivo,16.014,11.11,9.86,1.25,200,42,
oficina x245,estado del sistema,16.018,10.4,9.3,1.1,200,318,
oficina x245,estado del sistema,16.019,7.07,6.53,0.54,200,318,
oficina x245,panel en vivo,16.022,4.09,3.63,0.47,200,42,
oficina x245,panel en vivo,16.024,4.12,2.26,1.86,200,42,
oficina x245,eventos recientes,16.026,4.63,2.67,1.95,200,14691,
oficina x245,resumen de video,16.028,8.95,8.47,0.48,200,13773,
oficina x245,panel en vivo,16.03,4.44,3.53,0.91,200,42,
oficina x245,resumen de video,16.034,4.83,4.31,0.52,200,13773,
oficina x245,panel en vivo,16.043,6.72,6.48,0.24,200,42,
oficina x245,panel en vivo,16.047,3.65,2.92,0.73,200,42,
oficina x245,panel en vivo,16.047,8.41,3.64,4.77,200,42,
oficina x245,panel en vivo,16.052,3.13,2.13,1.0,200,42,
oficina x245,estado del sistema,16.056,3.34,2.37,0.97,200,318,
oficina x245,eventos recientes,16.064,5.36,3.34,2.02,200,14691,
oficina x245,panel en vivo,16.066,12.96,12.45,0.51,200,42,
oficina x245,panel en vivo,16.07,2.6,2.27,0.33,200,42,
oficina x245,eventos recientes,16.071,13.09,8.16,4.93,200,14691,
oficina x245,panel en vivo,16.071,11.89,6.72,5.17,200,42,
oficina x245,panel en vivo,16.076,7.39,6.32,1.07,200,42,
oficina x245,resumen de video,16.08,4.67,4.42,0.25,200,13773,
oficina x245,resumen de video,16.082,17.63,15.36,2.26,200,13773,
oficina x245,panel en vivo,16.085,8.61,8.0,0.6,200,42,
oficina x245,panel en vivo,16.085,8.37,7.31,1.06,200,42,
oficina x245,panel en vivo,16.085,6.26,6.04,0.22,200,42,
oficina x245,eventos recientes,16.087,10.28,9.76,0.52,200,14691,
oficina x245,resumen de video,16.087,8.11,7.27,0.83,200,13773,
oficina x245,estado del sistema,16.089,12.53,11.82,0.71,200,318,
oficina x245,panel en vivo,16.091,13.22,8.42,4.8,200,42,
oficina x245,eventos recientes,16.092,12.38,8.19,4.19,200,14691,
oficina x245,panel en vivo,16.093,8.04,7.68,0.37,200,42,
oficina x245,panel en vivo,16.094,7.37,6.54,0.84,200,42,
oficina x245,eventos recientes,16.103,3.48,2.6,0.88,200,14691,
oficina x245,resumen de video,16.106,5.7,5.37,0.33,200,13773,
oficina x245,eventos recientes,16.107,9.46,7.12,2.34,200,14691,
oficina x245,resumen de video,16.109,7.88,6.16,1.72,200,13773,
oficina x245,eventos recientes,16.118,4.54,3.37,1.16,200,14691,
oficina x245,panel en vivo,16.118,4.43,4.03,0.4,200,42,
oficina x245,panel en vivo,16.121,4.09,2.21,1.88,200,42,
oficina x245,resumen de video,16.123,12.18,10.73,1.45,200,13773,
oficina x245,eventos recientes,16.124,6.45,5.98,0.47,200,14691,
oficina x245,resumen de video,16.124,8.18,7.48,0.7,200,13773,
oficina x245,eventos recientes,16.125,8.6,4.92,3.68,200,14691,
oficina x245,eventos recientes,16.126,22.67,15.85,6.82,200,14691,
oficina x245,estado del sistema,16.126,8.59,4.2,4.39,200,318,
oficina x245,panel en vivo,16.131,19.6,17.63,1.97,200,42,
oficina x245,estado del sistema,16.132,18.79,17.0,1.79,200,318,
oficina x245,panel en vivo,16.133,17.55,16.84,0.71,200,42,
oficina x245,panel en vivo,16.134,19.83,17.99,1.84,200,42,
oficina x245,panel en vivo,16.138,18.35,12.33,6.02,200,42,
oficina x245,eventos recientes,16.139,18.47,12.12,6.35,200,14691,
oficina x245,eventos recientes,16.139,26.97,20.23,6.73,200,14691,
oficina x245,resumen de video,16.141,23.09,17.32,5.77,200,13773,
oficina x245,panel en vivo,16.144,15.38,10.4,4.98,200,42,
oficina x245,resumen de video,16.145,19.03,17.6,1.42,200,13773,
oficina x245,panel en vivo,16.148,12.76,10.5,2.26,200,42,
oficina x245,eventos recientes,16.155,10.67,10.16,0.51,200,14691,
oficina x245,panel en vivo,16.161,12.19,10.71,1.47,200,42,
oficina x245,eventos recientes,16.161,17.92,16.42,1.49,200,14691,
oficina x245,resumen de video,16.162,16.96,14.42,2.55,200,13773,
oficina x245,panel en vivo,16.163,12.28,11.07,1.21,200,42,
oficina x245,eventos recientes,16.165,11.98,11.67,0.32,200,14691,
oficina x245,estado del sistema,16.167,13.03,11.59,1.44,200,318,
oficina x245,resumen de video,16.168,13.65,11.11,2.54,200,13773,
oficina x245,panel en vivo,16.168,9.21,7.84,1.37,200,42,
oficina x245,resumen de video,16.172,11.83,9.7,2.13,200,13773,
oficina x245,panel en vivo,16.174,9.48,6.69,2.79,200,42,
oficina x245,eventos recientes,16.174,9.3,8.97,0.33,200,14691,
oficina x245,panel en vivo,16.175,9.24,8.97,0.27,200,42,
oficina x245,eventos recientes,16.178,7.57,5.5,2.08,200,14691,
oficina x245,panel en vivo,16.191,3.24,2.41,0.82,200,42,
oficina x245,panel en vivo,16.193,9.8,8.33,1.47,200,42,
oficina x245,resumen de video,16.194,22.97,21.88,1.1,200,13773,
oficina x245,resumen de video,16.195,21.93,21.28,0.65,200,13773,
oficina x245,resumen de video,16.195,14.57,13.5,1.06,200,13773,
oficina x245,resumen de video,16.199,25.62,20.25,5.37,200,13773,
oficina x245,estado del sistema,16.2,23.73,20.85,2.88,200,318,
oficina x245,panel en vivo,16.203,20.8,13.54,7.27,200,42,
oficina x245,resumen de video,16.205,23.06,20.38,2.68,200,13773,
oficina x245,panel en vivo,16.208,12.57,11.67,0.91,200,42,
oficina x245,panel en vivo,16.213,14.78,12.89,1.89,200,42,
oficina x245,eventos recientes,16.214,14.75,12.59,2.16,200,14691,
oficina x245,estado del sistema,16.215,16.01,7.74,8.27,200,318,
oficina x245,resumen de video,16.221,5.68,5.32,0.36,200,13773,
oficina x245,panel en vivo,16.222,14.93,13.07,1.86,200,42,
oficina x245,eventos recientes,16.225,14.06,9.17,4.88,200,14691,
oficina x245,panel en vivo,16.226,8.91,7.81,1.1,200,42,
oficina x245,estado del sistema,16.228,9.25,7.34,1.91,200,318,
oficina x245,eventos recientes,16.23,9.36,7.55,1.81,200,14691,
oficina x245,eventos recientes,16.237,3.94,3.57,0.37,200,14691,
oficina x245,metricas contactos,16.243,5.8,5.02,0.78,200,916,
oficina x245,panel en vivo,16.244,2.88,1.84,1.03,200,42,
oficina x245,eventos recientes,16.249,2.74,2.25,0.49,200,14691,
oficina x245,eventos recientes,16.251,4.92,4.24,0.68,200,14691,
oficina x245,eventos recientes,16.252,4.21,3.76,0.44,200,14691,
oficina x245,panel en vivo,16.256,6.16,5.48,0.68,200,42,
oficina x245,eventos recientes,16.257,5.12,3.5,1.62,200,14691,
oficina x245,eventos recientes,16.258,6.65,6.22,0.43,200,14691,
oficina x245,estado del sistema,16.263,4.81,4.35,0.46,200,318,
oficina x245,panel en vivo,16.263,7.54,5.86,1.68,200,42,
oficina x245,panel en vivo,16.265,2.18,1.83,0.35,200,42,
oficina x245,resumen de video,16.267,11.67,11.08,0.59,200,13773,
oficina x245,resumen de video,16.268,18.31,13.09,5.22,200,13773,
oficina x245,resumen de video,16.268,13.58,10.97,2.61,200,13773,
oficina x245,panel en vivo,16.27,19.55,15.68,3.87,200,42,
oficina x245,resumen de video,16.272,13.28,7.53,5.75,200,13773,
oficina x245,eventos recientes,16.276,8.85,3.14,5.72,200,14691,
oficina x245,resumen de video,16.279,11.84,6.06,5.78,200,13773,
oficina x245,resumen de video,16.287,10.09,7.07,3.02,200,13773,
oficina x245,resumen de video,16.288,9.07,6.89,2.18,200,13773,
oficina x245,estado del sistema,16.301,7.17,6.98,0.19,200,318,
oficina x245,estado del sistema,16.308,9.32,8.19,1.13,200,318,
oficina x245,resumen de video,16.308,9.19,7.46,1.73,200,13773,
oficina x245,estado del sistema,16.317,3.91,2.38,1.53,200,318,
oficina x245,panel en vivo,16.32,3.26,2.55,0.7,200,42,
oficina x245,panel en vivo,16.322,3.83,2.3,1.53,200,42,
oficina x245,panel en vivo,16.323,4.12,1.79,2.33,200,42,
oficina x245,panel en vivo,16.327,2.22,1.71,0.51,200,42,
oficina x245,panel en vivo,16.329,3.45,2.42,1.03,200,42,
oficina x245,resumen de video,16.333,4.24,4.04,0.2,200,13773,
oficina x245,resumen de video,16.336,4.0,3.53,0.47,200,13773,
oficina x245,panel en vivo,16.341,3.28,2.66,0.62,200,42,
oficina x245,panel en vivo,16.345,4.18,3.03,1.15,200,42,
oficina x245,panel en vivo,16.353,6.8,5.18,1.62,200,42,
oficina x245,estado del sistema,16.356,4.93,2.35,2.58,200,318,
oficina x245,panel en vivo,16.356,2.77,2.41,0.37,200,42,
oficina x245,panel en vivo,16.362,3.41,2.71,0.7,200,42,
oficina x245,eventos recientes,16.364,3.58,2.77,0.8,200,14691,
oficina x245,panel en vivo,16.365,4.37,1.76,2.61,200,42,
oficina x245,panel en vivo,16.368,11.3,9.11,2.19,200,42,
oficina x245,eventos recientes,16.368,14.57,12.29,2.28,200,14691,
oficina x245,panel en vivo,16.37,12.0,9.94,2.07,200,42,
oficina x245,panel en vivo,16.37,4.03,3.63,0.4,200,42,
oficina x245,panel en vivo,16.373,3.88,3.05,0.83,200,42,
oficina x245,panel en vivo,16.375,6.89,4.85,2.03,200,42,
oficina x245,panel en vivo,16.378,3.42,2.68,0.74,200,42,
oficina x245,resumen de video,16.389,9.48,6.74,2.74,200,13773,
oficina x245,eventos recientes,16.391,4.13,3.26,0.87,200,14691,
oficina x245,panel en vivo,16.391,16.96,12.1,4.86,200,42,
oficina x245,estado del sistema,16.392,16.52,12.03,4.49,200,318,
oficina x245,eventos recientes,16.393,14.81,9.0,5.81,200,14691,
oficina x245,eventos recientes,16.396,2.86,2.26,0.6,200,14691,
oficina x245,resumen de video,16.398,3.61,3.38,0.22,200,13773,
oficina x245,panel en vivo,16.399,13.6,10.05,3.55,200,42,
oficina x245,panel en vivo,16.404,9.97,6.51,3.46,200,42,
oficina x245,resumen de video,16.409,5.56,4.56,1.0,200,13773,
oficina x245,panel en vivo,16.414,2.57,1.83,0.73,200,42,
oficina x245,panel en vivo,16.417,3.9,3.81,0.08,200,42,
oficina x245,eventos recientes,16.417,13.6,9.76,3.84,200,14691,
oficina x245,panel en vivo,16.419,9.77,4.57,5.2,200,42,
oficina x245,panel en vivo,16.419,11.39,9.84,1.55,200,42,
oficina x245,eventos recientes,16.421,3.62,2.45,1.16,200,14691,
oficina x245,resumen de video,16.424,10.16,9.6,0.56,200,13773,
oficina x245,estado del sistema,16.424,9.84,9.01,0.83,200,318,
oficina x245,estado del sistema,16.429,7.61,3.66,3.95,200,318,
oficina x245,eventos recientes,16.431,10.84,8.25,2.59,200,14691,
oficina x245,eventos recientes,16.431,2.79,2.47,0.32,200,14691,
oficina x245,panel en vivo,16.434,10.67,9.72,0.95,200,42,
oficina x245,eventos recientes,16.435,10.73,10.03,0.7,200,14691,
oficina x245,estado del sistema,16.436,10.2,9.6,0.59,200,318,
oficina x245,panel en vivo,16.438,5.94,5.4,0.53,200,42,
oficina x245,panel en vivo,16.439,19.37,16.3,3.07,200,42,
oficina x245,panel en vivo,16.439,19.01,14.32,4.69,200,42,
oficina x245,estado del sistema,16.44,3.48,3.11,0.36,200,318,
oficina x245,panel en vivo,16.443,2.8,2.44,0.36,200,42,
oficina x245,eventos recientes,16.445,11.67,10.21,1.46,200,14691,
oficina x245,resumen de video,16.447,13.65,13.02,0.63,200,13773,
oficina x245,eventos recientes,16.448,10.62,9.57,1.05,200,14691,
oficina x245,panel en vivo,16.454,10.24,5.73,4.5,200,42,
oficina x245,resumen de video,16.457,10.22,8.13,2.09,200,13773,
oficina x245,estado del sistema,16.459,12.36,11.18,1.18,200,318,
oficina x245,eventos recientes,16.461,7.43,5.92,1.51,200,14691,
oficina x245,resumen de video,16.464,20.78,18.74,2.03,200,13773,
oficina x245,estado del sistema,16.471,12.06,11.77,0.29,200,318,
oficina x245,eventos recientes,16.471,15.13,14.41,0.72,200,14691,
oficina x245,panel en vivo,16.471,8.22,6.99,1.23,200,42,
oficina x245,panel en vivo,16.472,10.88,10.36,0.51,200,42,
oficina x245,panel en vivo,16.474,11.91,11.71,0.2,200,42,
oficina x245,resumen de video,16.474,9.49,8.6,0.9,200,13773,
oficina x245,resumen de video,16.479,9.64,4.4,5.24,200,13773,
oficina x245,panel en vivo,16.487,3.56,3.35,0.21,200,42,
oficina x245,estado del sistema,16.487,3.96,3.56,0.41,200,318,
oficina x245,panel en vivo,16.489,4.19,2.06,2.12,200,42,
oficina x245,eventos recientes,16.498,8.04,7.07,0.97,200,14691,
oficina x245,panel en vivo,16.498,4.51,3.48,1.03,200,42,
oficina x245,panel en vivo,16.502,4.05,3.52,0.53,200,42,
oficina x245,abrir ficha,16.503,4.56,4.18,0.37,200,1045,
oficina x245,estado del sistema,16.508,7.54,7.17,0.37,200,318,
oficina x245,resumen de video,16.508,7.98,6.87,1.11,200,13773,
oficina x245,resumen de video,16.508,13.82,11.66,2.16,200,13773,
oficina x245,resumen de video,16.512,8.43,7.34,1.09,200,13773,
oficina x245,panel en vivo,16.513,7.59,7.18,0.4,200,42,
oficina x245,estado del sistema,16.517,6.08,2.65,3.43,200,318,
oficina x245,panel en vivo,16.522,7.88,7.44,0.44,200,42,
oficina x245,eventos recientes,16.524,6.76,6.57,0.2,200,14691,
oficina x245,panel en vivo,16.527,3.74,2.85,0.89,200,42,
oficina x245,panel en vivo,16.528,4.24,3.39,0.85,200,42,
oficina x245,panel en vivo,16.53,5.94,4.91,1.03,200,42,
oficina x245,panel en vivo,16.532,5.46,2.36,3.1,200,42,
oficina x245,panel en vivo,16.535,7.34,6.23,1.12,200,42,
oficina x245,eventos recientes,16.536,9.24,8.32,0.92,200,14691,
oficina x245,panel en vivo,16.539,6.27,5.18,1.09,200,42,
oficina x245,panel en vivo,16.541,3.67,3.0,0.67,200,42,
oficina x245,panel en vivo,16.544,2.5,1.96,0.54,200,42,
oficina x245,estado del sistema,16.544,4.61,2.87,1.74,200,318,
oficina x245,panel en vivo,16.545,3.09,2.53,0.56,200,42,
oficina x245,eventos recientes,16.548,3.39,2.68,0.71,200,14691,
oficina x245,resumen de video,16.559,7.24,5.51,1.73,200,13773,
oficina x245,panel en vivo,16.561,6.52,6.04,0.48,200,42,
oficina x245,panel en vivo,16.561,5.07,3.5,1.57,200,42,
oficina x245,panel en vivo,16.561,5.93,4.87,1.07,200,42,
oficina x245,resumen de video,16.567,4.21,3.59,0.62,200,13773,
oficina x245,panel en vivo,16.573,14.73,14.24,0.49,200,42,
oficina x245,estado del sistema,16.574,37.29,30.63,6.65,200,318,
oficina x245,resumen de video,16.575,21.94,21.16,0.78,200,13773,
oficina x245,resumen de video,16.577,36.36,32.19,4.17,200,13773,
oficina x245,resumen de video,16.579,31.65,29.39,2.26,200,13773,
oficina x245,eventos recientes,16.58,18.13,16.08,2.06,200,14691,
oficina x245,panel en vivo,16.581,12.04,10.86,1.18,200,42,
oficina x245,eventos recientes,16.581,11.86,9.12,2.74,200,14691,
oficina x245,panel en vivo,16.582,11.62,8.69,2.94,200,42,
oficina x245,eventos recientes,16.583,15.47,14.61,0.86,200,14691,
oficina x245,panel en vivo,16.587,8.12,6.5,1.63,200,42,
oficina x245,panel en vivo,16.59,13.98,13.65,0.33,200,42,
oficina x245,panel en vivo,16.591,17.53,11.57,5.96,200,42,
oficina x245,resumen de video,16.593,35.53,35.12,0.41,200,13773,
oficina x245,panel en vivo,16.596,12.54,11.06,1.48,200,42,
oficina x245,panel en vivo,16.598,10.23,10.08,0.16,200,42,
oficina x245,panel en vivo,16.599,12.7,11.85,0.85,200,42,
oficina x245,panel en vivo,16.601,12.24,8.72,3.52,200,42,
oficina x245,resumen de video,16.604,15.99,13.28,2.72,200,13773,
oficina x245,estado del sistema,16.612,15.08,12.85,2.23,200,318,
oficina x245,panel en vivo,16.614,6.05,5.73,0.32,200,42,
oficina x245,resumen de video,16.615,16.02,15.32,0.7,200,13773,
oficina x245,panel en vivo,16.617,8.21,7.31,0.9,200,42,
oficina x245,resumen de video,16.617,15.1,14.61,0.5,200,13773,
oficina x245,panel en vivo,16.62,6.88,6.08,0.8,200,42,
oficina x245,resumen de video,16.623,10.4,9.56,0.85,200,13773,
oficina x245,panel en vivo,16.633,7.29,6.97,0.32,200,42,
oficina x245,eventos recientes,16.634,3.5,2.89,0.62,200,14691,
oficina x245,eventos recientes,16.638,6.09,5.32,0.77,200,14691,
oficina x245,eventos recientes,16.639,6.21,4.06,2.15,200,14691,
oficina x245,panel en vivo,16.648,2.98,2.12,0.86,200,42,
oficina x245,estado del sistema,16.65,2.94,2.48,0.46,200,318,
oficina x245,panel en vivo,16.659,2.59,2.36,0.23,200,42,
oficina x245,eventos recientes,16.661,5.27,4.95,0.32,200,14691,
oficina x245,panel en vivo,16.661,4.11,3.36,0.75,200,42,
oficina x245,eventos recientes,16.664,7.7,6.28,1.42,200,14691,
oficina x245,panel en vivo,16.666,4.96,4.81,0.15,200,42,
oficina x245,eventos recientes,16.668,4.69,3.89,0.79,200,14691,
oficina x245,resumen de video,16.672,33.67,33.11,0.56,200,13773,
oficina x245,resumen de video,16.673,28.06,27.6,0.46,200,13773,
oficina x245,panel en vivo,16.673,12.23,11.35,0.88,200,42,
oficina x245,eventos recientes,16.674,13.05,11.72,1.33,200,14691,
oficina x245,estado del sistema,16.675,12.81,12.16,0.65,200,318,
oficina x245,panel en vivo,16.676,9.76,8.65,1.12,200,42,
oficina x245,panel en vivo,16.676,11.3,11.05,0.25,200,42,
oficina x245,resumen de video,16.677,27.14,26.38,0.76,200,13773,
oficina x245,panel en vivo,16.678,6.13,5.78,0.35,200,42,
oficina x245,resumen de video,16.682,21.93,21.71,0.22,200,13773,
oficina x245,resumen de video,16.685,18.77,18.51,0.26,200,13773,
oficina x245,panel en vivo,16.685,5.31,5.08,0.23,200,42,
oficina x245,panel en vivo,16.686,20.4,19.13,1.27,200,42,
oficina x245,contactos recientes,16.686,15.79,13.46,2.32,200,1557,
oficina x245,resumen de video,16.686,17.36,16.76,0.6,200,13773,
oficina x245,estado del sistema,16.69,17.05,16.21,0.84,200,318,
oficina x245,panel en vivo,16.696,10.89,9.9,0.99,200,42,
oficina x245,resumen de video,16.697,8.51,8.26,0.25,200,13773,
oficina x245,panel en vivo,16.712,9.56,8.81,0.75,200,42,
oficina x245,eventos recientes,16.713,15.44,14.77,0.67,200,14691,
oficina x245,panel en vivo,16.714,10.06,9.55,0.52,200,42,
oficina x245,resumen de video,16.714,13.17,12.91,0.26,200,13773,
oficina x245,estado del sistema,16.715,9.45,7.86,1.59,200,318,
oficina x245,panel en vivo,16.72,3.39,2.84,0.55,200,42,
oficina x245,eventos recientes,16.726,3.53,2.75,0.79,200,14691,
oficina x245,panel en vivo,16.731,9.94,9.61,0.33,200,42,
oficina x245,panel en vivo,16.733,7.41,6.8,0.61,200,42,
oficina x245,eventos recientes,16.735,4.65,4.4,0.25,200,14691,
oficina x245,panel en vivo,16.736,6.61,5.41,1.2,200,42,
oficina x245,panel en vivo,16.738,3.89,3.33,0.55,200,42,
oficina x245,panel en vivo,16.738,5.13,3.48,1.65,200,42,
oficina x245,resumen de video,16.743,5.57,4.8,0.77,200,13773,
oficina x245,estado del sistema,16.745,3.11,2.77,0.33,200,318,
oficina x245,panel en vivo,16.748,5.51,4.47,1.04,200,42,
oficina x245,panel en vivo,16.749,9.23,9.04,0.19,200,42,
oficina x245,resumen de video,16.76,6.45,5.57,0.87,200,13773,
oficina x245,panel en vivo,16.761,14.64,12.96,1.68,200,42,
oficina x245,panel en vivo,16.761,2.82,1.85,0.96,200,42,
oficina x245,estado del sistema,16.765,7.58,6.94,0.64,200,318,
oficina x245,eventos recientes,16.766,7.12,6.52,0.6,200,14691,
oficina x245,eventos recientes,16.766,5.99,5.53,0.46,200,14691,
oficina x245,panel en vivo,16.769,5.44,4.8,0.64,200,42,
oficina x245,resumen de video,16.769,16.46,15.58,0.88,200,13773,
oficina x245,panel en vivo,16.771,23.5,18.12,5.38,200,42,
oficina x245,resumen de video,16.772,5.78,5.21,0.58,200,13773,
oficina x245,panel en vivo,16.773,3.2,2.67,0.54,200,42,
oficina x245,resumen de video,16.773,28.01,24.31,3.7,200,13773,
oficina x245,eventos recientes,16.777,10.31,9.22,1.09,200,14691,
oficina x245,panel en vivo,16.778,3.81,3.63,0.18,200,42,
oficina x245,panel en vivo,16.782,7.8,6.65,1.15,200,42,
oficina x245,eventos recientes,16.783,18.44,15.58,2.86,200,14691,
oficina x245,panel en vivo,16.785,6.41,5.22,1.19,200,42,
oficina x245,panel en vivo,16.785,23.42,21.85,1.57,200,42,
oficina x245,estado del sistema,16.785,7.31,5.93,1.37,200,318,
oficina x245,resumen de video,16.786,20.51,18.97,1.54,200,13773,
oficina x245,panel en vivo,16.786,7.93,5.18,2.75,200,42,
oficina x245,resumen de video,16.793,8.12,7.58,0.55,200,13773,
oficina x245,estado del sistema,16.793,8.29,5.46,2.84,200,318,
oficina x245,panel en vivo,16.795,17.28,10.51,6.76,200,42,
oficina x245,panel en vivo,16.796,4.5,4.33,0.18,200,42,
oficina x245,panel en vivo,16.796,16.68,10.68,6.0,200,42,
oficina x245,eventos recientes,16.799,11.62,8.49,3.13,200,14691,
oficina x245,panel en vivo,16.799,2.72,2.12,0.6,200,42,
oficina x245,eventos recientes,16.802,3.91,2.96,0.95,200,14691,
oficina x245,panel en vivo,16.807,3.4,2.31,1.08,200,42,
oficina x245,resumen de video,16.813,4.73,3.98,0.74,200,13773,
oficina x245,panel en vivo,16.814,4.46,3.34,1.12,200,42,
oficina x245,panel en vivo,16.817,3.4,2.58,0.83,200,42,
oficina x245,eventos recientes,16.82,4.83,3.75,1.08,200,14691,
oficina x245,panel en vivo,16.825,3.1,2.11,0.99,200,42,
oficina x245,panel en vivo,16.827,4.96,2.63,2.33,200,42,
oficina x245,resumen de video,16.828,6.39,5.28,1.1,200,13773,
oficina x245,panel en vivo,16.834,6.89,5.94,0.96,200,42,
oficina x245,eventos recientes,16.834,5.81,5.45,0.35,200,14691,
oficina x245,panel en vivo,16.834,4.73,4.1,0.63,200,42,
oficina x245,panel en vivo,16.837,7.56,6.74,0.82,200,42,
oficina x245,resumen de video,16.841,10.93,8.18,2.76,200,13773,
oficina x245,resumen de video,16.844,21.88,21.69,0.2,200,13773,
oficina x245,eventos recientes,16.845,21.85,19.63,2.22,200,14691,
oficina x245,eventos recientes,16.846,19.83,17.46,2.37,200,14691,
oficina x245,panel en vivo,16.85,11.09,10.18,0.91,200,42,
oficina x245,resumen de video,16.85,16.73,15.34,1.39,200,13773,
oficina x245,panel en vivo,16.85,10.69,9.88,0.81,200,42,
oficina x245,resumen de video,16.852,14.14,13.5,0.64,200,13773,
oficina x245,panel en vivo,16.853,11.48,10.78,0.71,200,42,
oficina x245,buscar contacto,16.861,4.1,3.04,1.07,200,840,
oficina x245,eventos recientes,16.871,4.23,3.75,0.47,200,14691,
oficina x245,estado del sistema,16.873,3.53,3.34,0.19,200,318,
oficina x245,eventos recientes,16.877,10.95,10.28,0.68,200,14691,
oficina x245,resumen de video,16.878,9.39,9.34,0.05,200,13773,
oficina x245,panel en vivo,16.88,5.2,4.0,1.2,200,42,
oficina x245,estado del sistema,16.881,7.59,7.07,0.52,200,318,
oficina x245,eventos recientes,16.881,6.7,5.02,1.68,200,14691,
oficina x245,estado del sistema,16.896,4.97,4.17,0.81,200,318,
oficina x245,panel en vivo,16.903,2.64,2.22,0.43,200,42,
oficina x245,panel en vivo,16.905,2.53,2.47,0.06,200,42,
oficina x245,resumen de video,16.907,4.55,4.31,0.24,200,13773,
oficina x245,resumen de video,16.912,5.98,5.24,0.74,200,13773,
oficina x245,eventos recientes,16.915,5.63,4.81,0.82,200,14691,
oficina x245,panel en vivo,16.917,3.77,3.09,0.68,200,42,
oficina x245,panel en vivo,16.921,2.79,2.1,0.69,200,42,
oficina x245,eventos recientes,16.933,3.51,2.83,0.68,200,14691,
oficina x245,panel en vivo,16.941,7.74,6.92,0.82,200,42,
oficina x245,estado del sistema,16.942,3.79,3.24,0.55,200,318,
oficina x245,eventos recientes,16.945,4.64,3.31,1.33,200,14691,
oficina x245,eventos recientes,16.951,3.05,2.84,0.21,200,14691,
oficina x245,resumen de video,16.954,22.91,22.48,0.44,200,13773,
oficina x245,eventos recientes,16.954,22.83,21.99,0.84,200,14691,
oficina x245,eventos recientes,16.956,20.27,19.03,1.24,200,14691,
oficina x245,panel en vivo,16.956,5.85,4.82,1.03,200,42,
oficina x245,estado del sistema,16.959,16.73,16.15,0.58,200,318,
oficina x245,eventos recientes,16.961,19.28,18.33,0.95,200,14691,
oficina x245,panel en vivo,16.962,27.88,26.33,1.55,200,42,
oficina x245,panel en vivo,16.962,17.03,16.87,0.16,200,42,
oficina x245,panel en vivo,16.965,25.73,23.04,2.69,200,42,
oficina x245,resumen de video,16.966,29.05,27.54,1.51,200,13773,
oficina x245,panel en vivo,16.967,22.14,20.36,1.78,200,42,
oficina x245,abrir ficha,16.969,3.4,2.33,1.08,200,1045,
oficina x245,resumen de video,16.97,34.67,29.82,4.85,200,13773,
oficina x245,eventos recientes,16.971,22.82,17.87,4.96,200,14691,
oficina x245,eventos recientes,16.972,21.5,21.18,0.32,200,14691,
oficina x245,eventos recientes,16.974,22.03,20.61,1.43,200,14691,
oficina x245,quien es quien,16.975,3.89,3.31,0.58,200,3475,
oficina x245,panel en vivo,16.977,15.51,15.04,0.46,200,42,
oficina x245,panel en vivo,16.985,7.83,7.68,0.15,200,42,
oficina x245,panel en vivo,16.985,5.62,4.24,1.39,200,42,
oficina x245,panel en vivo,16.986,7.05,5.46,1.58,200,42,
oficina x245,eventos recientes,16.989,5.8,5.44,0.36,200,14691,
oficina x245,resumen de video,16.992,13.46,11.71,1.75,200,13773,
oficina x245,panel en vivo,16.994,8.37,6.51,1.86,200,42,
oficina x245,estado del sistema,16.997,7.92,6.91,1.01,200,318,
oficina x245,eventos recientes,16.999,6.55,5.96,0.59,200,14691,
oficina x245,eventos recientes,17.0,6.63,5.94,0.69,200,14691,
oficina x245,panel en vivo,17.001,5.69,5.1,0.58,200,42,
oficina x245,eventos recientes,17.005,4.69,2.76,1.93,200,14691,
oficina x245,eventos recientes,17.012,3.72,2.66,1.06,200,14691,
oficina x245,panel en vivo,17.02,4.37,4.13,0.24,200,42,
oficina x245,buscar contacto,17.022,3.62,2.98,0.64,200,551,
oficina x245,panel en vivo,17.024,3.62,2.99,0.63,200,42,
oficina x245,panel en vivo,17.029,4.74,2.26,2.48,200,42,
oficina x245,panel en vivo,17.031,5.32,4.99,0.33,200,42,
oficina x245,resumen de video,17.032,5.34,5.14,0.21,200,13773,
oficina x245,eventos recientes,17.032,5.54,5.09,0.45,200,14691,
oficina x245,panel en vivo,17.037,2.5,2.06,0.45,200,42,
oficina x245,panel en vivo,17.038,12.84,11.85,0.99,200,42,
oficina x245,panel en vivo,17.039,9.62,9.14,0.48,200,42,
oficina x245,panel en vivo,17.039,9.82,9.7,0.12,200,42,
oficina x245,estado del sistema,17.041,8.78,8.19,0.59,200,318,
oficina x245,panel en vivo,17.041,9.13,8.13,1.01,200,42,
oficina x245,resumen de video,17.043,15.87,10.04,5.83,200,13773,
oficina x245,resumen de video,17.045,14.44,10.59,3.85,200,13773,
oficina x245,resumen de video,17.045,13.95,9.76,4.19,200,13773,
oficina x245,panel en vivo,17.049,7.65,7.4,0.25,200,42,
oficina x245,eventos recientes,17.058,3.37,2.7,0.68,200,14691,
oficina x245,resumen de video,17.06,5.73,4.63,1.1,200,13773,
oficina x245,resumen de video,17.061,8.56,7.87,0.68,200,13773,
oficina x245,panel en vivo,17.061,15.05,13.79,1.26,200,42,
oficina x245,eventos recientes,17.063,14.46,11.37,3.09,200,14691,
oficina x245,resumen de video,17.064,7.48,6.84,0.64,200,13773,
oficina x245,panel en vivo,17.064,15.01,10.87,4.15,200,42,
oficina x245,resumen de video,17.066,11.95,8.38,3.57,200,13773,
oficina x245,panel en vivo,17.068,10.79,8.88,1.91,200,42,
oficina x245,eventos recientes,17.068,6.01,5.74,0.28,200,14691,
oficina x245,resumen de video,17.086,18.85,18.52,0.33,200,13773,
oficina x245,eventos recientes,17.086,6.7,6.11,0.59,200,14691,
oficina x245,eventos recientes,17.088,18.62,16.99,1.63,200,14691,
oficina x245,panel en vivo,17.089,8.52,8.38,0.13,200,42,
oficina x245,panel en vivo,17.091,7.83,7.54,0.3,200,42,
oficina x245,resumen de video,17.092,18.79,17.41,1.38,200,13773,
oficina x245,eventos recientes,17.093,10.94,9.92,1.02,200,14691,
oficina x245,panel en vivo,17.095,10.42,9.96,0.47,200,42,
oficina x245,panel en vivo,17.097,7.62,5.06,2.56,200,42,
oficina x245,panel en vivo,17.101,12.52,11.8,0.73,200,42,
oficina x245,panel en vivo,17.102,11.05,8.1,2.96,200,42,
oficina x245,resumen de video,17.105,9.81,9.54,0.27,200,13773,
oficina x245,resumen de video,17.105,11.8,11.36,0.44,200,13773,
oficina x245,panel en vivo,17.106,6.82,6.14,0.68,200,42,
oficina x245,resumen de video,17.122,4.11,3.95,0.15,200,13773,
oficina x245,eventos recientes,17.125,17.74,15.37,2.37,200,14691,
oficina x245,eventos recientes,17.126,17.33,14.58,2.75,200,14691,
oficina x245,eventos recientes,17.127,23.43,22.35,1.08,200,14691,
oficina x245,eventos recientes,17.128,14.13,12.92,1.21,200,14691,
oficina x245,resumen de video,17.131,21.34,19.55,1.8,200,13773,
oficina x245,panel en vivo,17.131,17.87,16.04,1.83,200,42,
oficina x245,eventos recientes,17.134,23.78,21.38,2.4,200,14691,
oficina x245,eventos recientes,17.134,22.55,19.18,3.37,200,14691,
oficina x245,eventos recientes,17.135,15.6,13.67,1.92,200,14691,
oficina x245,eventos recientes,17.135,15.38,14.38,1.0,200,14691,
oficina x245,resumen de video,17.141,13.88,13.79,0.09,200,13773,
oficina x245,eventos recientes,17.148,12.19,11.69,0.49,200,14691,
oficina x245,abrir ficha,17.149,11.53,10.74,0.8,200,1045,
oficina x245,panel en vivo,17.149,4.68,3.45,1.23,200,42,
oficina x245,resumen de video,17.149,13.82,9.67,4.15,200,13773,
oficina x245,eventos recientes,17.159,3.58,3.43,0.15,200,14691,
oficina x245,eventos recientes,17.162,3.03,2.66,0.36,200,14691,
oficina x245,eventos recientes,17.168,12.86,11.97,0.89,200,14691,
oficina x245,resumen de video,17.169,24.54,23.48,1.06,200,13773,
oficina x245,eventos recientes,17.169,13.97,12.79,1.18,200,14691,
oficina x245,resumen de video,17.171,26.78,26.16,0.62,200,13773,
oficina x245,resumen de video,17.171,18.67,14.33,4.33,200,13773,
oficina x245,panel en vivo,17.173,6.82,5.92,0.9,200,42,
oficina x245,panel en vivo,17.18,11.9,10.71,1.19,200,42,
oficina x245,eventos recientes,17.181,10.44,9.36,1.09,200,14691,
oficina x245,eventos recientes,17.182,7.79,7.01,0.77,200,14691,
oficina x245,resumen de video,17.183,15.33,14.99,0.35,200,13773,
oficina x245,panel en vivo,17.191,3.59,2.6,0.99,200,42,
oficina x245,panel en vivo,17.192,14.06,12.73,1.32,200,42,
oficina x245,eventos recientes,17.193,12.73,9.01,3.73,200,14691,
oficina x245,estado del sistema,17.193,4.8,3.6,1.19,200,318,
oficina x245,panel en vivo,17.196,12.75,11.82,0.93,200,42,
oficina x245,estado del sistema,17.209,13.04,12.09,0.95,200,318,
oficina x245,resumen de video,17.21,10.93,10.42,0.51,200,13773,
oficina x245,resumen de video,17.212,12.94,11.44,1.5,200,13773,
oficina x245,eventos recientes,17.216,7.38,7.03,0.35,200,14691,
oficina x245,estado del sistema,17.226,10.38,4.98,5.4,200,318,
oficina x245,panel en vivo,17.228,6.26,2.81,3.45,200,42,
oficina x245,estado del sistema,17.233,3.92,2.91,1.01,200,318,
oficina x245,panel en vivo,17.235,4.04,3.93,0.11,200,42,
oficina x245,panel en vivo,17.236,4.53,2.24,2.3,200,42,
oficina x245,panel en vivo,17.236,3.34,2.93,0.41,200,42,
oficina x245,eventos recientes,17.24,8.74,7.92,0.82,200,14691,
oficina x245,panel en vivo,17.246,8.32,7.44,0.88,200,42,
oficina x245,eventos recientes,17.248,18.02,17.43,0.59,200,14691,
oficina x245,panel en vivo,17.25,6.28,5.15,1.12,200,42,
oficina x245,resumen de video,17.252,16.36,15.21,1.15,200,13773,
oficina x245,eventos recientes,17.255,9.39,8.59,0.79,200,14691,
oficina x245,panel en vivo,17.257,2.91,2.71,0.21,200,42,
oficina x245,estado del sistema,17.257,9.8,8.45,1.36,200,318,
oficina x245,panel en vivo,17.258,12.35,10.13,2.22,200,42,
oficina x245,panel en vivo,17.258,10.38,9.81,0.56,200,42,
oficina x245,panel en vivo,17.258,17.05,12.89,4.16,200,42,
oficina x245,eventos recientes,17.267,4.56,3.66,0.91,200,14691,
oficina x245,resumen de video,17.269,16.04,14.59,1.44,200,13773,
oficina x245,estado del sistema,17.272,14.09,13.59,0.5,200,318,
oficina x245,resumen de video,17.274,8.57,7.65,0.92,200,13773,
oficina x245,resumen de video,17.276,8.03,7.69,0.33,200,13773,
oficina x245,estado del sistema,17.277,14.72,13.22,1.51,200,318,
oficina x245,panel en vivo,17.279,12.35,6.92,5.43,200,42,
oficina x245,panel en vivo,17.282,7.21,5.84,1.37,200,42,
oficina x245,estado del sistema,17.289,3.63,3.01,0.62,200,318,
oficina x245,eventos recientes,17.29,7.43,6.8,0.63,200,14691,
oficina x245,eventos recientes,17.29,8.65,7.61,1.03,200,14691,
oficina x245,panel en vivo,17.294,3.84,3.06,0.78,200,42,
oficina x245,panel en vivo,17.299,4.43,3.47,0.96,200,42,
oficina x245,panel en vivo,17.299,4.21,3.13,1.08,200,42,
oficina x245,panel en vivo,17.303,6.58,5.34,1.24,200,42,
oficina x245,panel en vivo,17.305,6.25,4.65,1.6,200,42,
oficina x245,panel en vivo,17.305,5.79,4.01,1.78,200,42,
oficina x245,panel en vivo,17.315,3.63,3.19,0.44,200,42,
oficina x245,resumen de video,17.316,9.26,7.96,1.3,200,13773,
oficina x245,panel en vivo,17.318,8.19,7.61,0.58,200,42,
oficina x245,panel en vivo,17.318,10.42,6.31,4.11,200,42,
oficina x245,resumen de video,17.32,29.45,26.81,2.63,200,13773,
oficina x245,resumen de video,17.321,6.47,5.9,0.58,200,13773,
oficina x245,eventos recientes,17.326,14.86,13.32,1.55,200,14691,
oficina x245,resumen de video,17.328,28.61,27.59,1.02,200,13773,
oficina x245,eventos recientes,17.329,11.87,11.29,0.58,200,14691,
oficina x245,resumen de video,17.33,20.57,19.43,1.14,200,13773,
oficina x245,eventos recientes,17.331,10.4,10.25,0.15,200,14691,
oficina x245,resumen de video,17.331,27.39,23.02,4.36,200,13773,
oficina x245,estado del sistema,17.332,18.95,18.79,0.16,200,318,
oficina x245,resumen de video,17.333,28.01,24.31,3.7,200,13773,
oficina x245,eventos recientes,17.334,16.74,15.77,0.97,200,14691,
oficina x245,panel en vivo,17.335,10.1,7.97,2.12,200,42,
oficina x245,eventos recientes,17.336,16.97,14.92,2.04,200,14691,
oficina x245,estado del sistema,17.345,7.61,6.86,0.75,200,318,
oficina x245,resumen de video,17.345,16.67,15.76,0.91,200,13773,
oficina x245,estado del sistema,17.349,10.29,9.02,1.27,200,318,
oficina x245,eventos recientes,17.352,10.35,9.14,1.21,200,14691,
oficina x245,panel en vivo,17.353,4.47,3.62,0.85,200,42,
oficina x245,panel en vivo,17.356,5.24,5.03,0.21,200,42,
oficina x245,resumen de video,17.36,7.11,5.02,2.1,200,13773,
oficina x245,eventos recientes,17.361,6.0,5.22,0.78,200,14691,
oficina x245,panel en vivo,17.368,2.8,2.09,0.71,200,42,
oficina x245,eventos recientes,17.369,7.6,6.8,0.8,200,14691,
oficina x245,estado del sistema,17.37,7.49,6.5,1.0,200,318,
oficina x245,eventos recientes,17.371,6.53,5.84,0.68,200,14691,
oficina x245,resumen de video,17.372,6.02,3.74,2.28,200,13773,
oficina x245,estado del sistema,17.374,6.08,5.62,0.46,200,318,
oficina x245,panel en vivo,17.377,7.03,6.28,0.74,200,42,
oficina x245,panel en vivo,17.378,6.45,6.28,0.17,200,42,
oficina x245,resumen de video,17.387,6.44,4.82,1.62,200,13773,
oficina x245,eventos recientes,17.387,3.56,3.13,0.43,200,14691,
oficina x245,eventos recientes,17.389,4.36,3.75,0.61,200,14691,
oficina x245,panel en vivo,17.389,5.6,2.23,3.37,200,42,
oficina x245,eventos recientes,17.395,7.22,6.14,1.08,200,14691,
oficina x245,resumen de video,17.396,8.75,8.21,0.53,200,13773,
oficina x245,panel en vivo,17.396,5.86,5.33,0.52,200,42,
oficina x245,panel en vivo,17.4,3.56,3.04,0.52,200,42,
oficina x245,panel en vivo,17.403,3.15,1.96,1.19,200,42,
oficina x245,resumen de video,17.409,7.99,7.27,0.72,200,13773,
oficina x245,eventos recientes,17.409,8.18,7.21,0.97,200,14691,
oficina x245,resumen de video,17.411,7.72,7.01,0.71,200,13773,
oficina x245,panel en vivo,17.412,5.39,5.35,0.03,200,42,
oficina x245,panel en vivo,17.416,2.78,2.25,0.54,200,42,
oficina x245,panel en vivo,17.423,3.43,2.29,1.14,200,42,
oficina x245,panel en vivo,17.427,9.48,8.87,0.6,200,42,
oficina x245,panel en vivo,17.428,3.42,1.78,1.64,200,42,
oficina x245,buscar contacto,17.429,8.2,7.59,0.61,200,551,
oficina x245,eventos recientes,17.431,6.81,5.77,1.04,200,14691,
oficina x245,resumen de video,17.432,4.53,3.99,0.54,200,13773,
oficina x245,panel en vivo,17.439,10.34,9.77,0.57,200,42,
oficina x245,resumen de video,17.439,10.41,9.73,0.67,200,13773,
oficina x245,estado del sistema,17.439,3.0,2.23,0.77,200,318,
oficina x245,estado del sistema,17.44,2.44,2.14,0.3,200,318,
oficina x245,resumen de video,17.441,7.6,5.03,2.57,200,13773,
oficina x245,eventos recientes,17.442,6.6,6.02,0.58,200,14691,
oficina x245,panel en vivo,17.442,6.02,5.74,0.28,200,42,
oficina x245,panel en vivo,17.445,4.71,3.67,1.04,200,42,
oficina x245,eventos recientes,17.455,3.14,2.77,0.37,200,14691,
oficina x245,estado del sistema,17.455,3.07,2.63,0.43,200,318,
oficina x245,panel en vivo,17.458,4.45,3.37,1.08,200,42,
oficina x245,panel en vivo,17.459,3.09,2.62,0.46,200,42,
oficina x245,estado del sistema,17.461,3.49,3.1,0.39,200,318,
oficina x245,panel en vivo,17.461,3.61,2.97,0.64,200,42,
oficina x245,panel en vivo,17.462,2.58,2.37,0.21,200,42,
oficina x245,panel en vivo,17.463,2.91,1.85,1.06,200,42,
oficina x245,panel en vivo,17.468,2.39,1.84,0.56,200,42,
oficina x245,eventos recientes,17.468,3.43,2.4,1.03,200,14691,
oficina x245,eventos recientes,17.469,6.69,3.51,3.18,200,14691,
oficina x245,panel en vivo,17.472,3.23,2.23,1.01,200,42,
oficina x245,resumen de video,17.474,4.27,3.78,0.49,200,13773,
oficina x245,panel en vivo,17.475,3.52,2.52,1.0,200,42,
oficina x245,panel en vivo,17.477,3.13,2.08,1.05,200,42,
oficina x245,panel en vivo,17.478,2.82,2.1,0.72,200,42,
oficina x245,panel en vivo,17.48,2.86,1.88,0.98,200,42,
oficina x245,eventos recientes,17.481,6.33,5.4,0.94,200,14691,
oficina x245,resumen de video,17.481,6.42,5.77,0.64,200,13773,
oficina x245,eventos recientes,17.484,3.6,3.25,0.34,200,14691,
oficina x245,metricas documentos,17.495,3.53,3.17,0.36,200,2650,
oficina x245,panel en vivo,17.495,7.77,3.33,4.45,200,42,
oficina x245,resumen de video,17.497,5.92,5.47,0.45,200,13773,
oficina x245,estado del sistema,17.499,2.5,2.09,0.41,200,318,
oficina x245,eventos recientes,17.5,3.22,2.86,0.35,200,14691,
oficina x245,estado del sistema,17.504,2.94,1.92,1.02,200,318,
oficina x245,estado del sistema,17.51,2.39,2.01,0.37,200,318,
oficina x245,panel en vivo,17.525,7.88,6.68,1.2,200,42,
oficina x245,resumen de video,17.529,7.0,6.76,0.24,200,13773,
oficina x245,eventos recientes,17.53,7.4,7.14,0.26,200,14691,
oficina x245,panel en vivo,17.534,3.26,3.05,0.2,200,42,
oficina x245,resumen de video,17.536,9.59,8.29,1.29,200,13773,
oficina x245,panel en vivo,17.539,12.25,5.97,6.27,200,42,
oficina x245,panel en vivo,17.541,10.23,7.46,2.77,200,42,
oficina x245,panel en vivo,17.542,8.74,6.25,2.49,200,42,
oficina x245,panel en vivo,17.544,8.57,8.24,0.33,200,42,
oficina x245,resumen de video,17.547,7.61,7.28,0.33,200,13773,
oficina x245,panel en vivo,17.549,6.35,3.67,2.69,200,42,
oficina x245,panel en vivo,17.552,3.72,3.28,0.44,200,42,
oficina x245,resumen de video,17.553,8.17,6.66,1.5,200,13773,
oficina x245,eventos recientes,17.556,6.7,6.19,0.51,200,14691,
oficina x245,panel en vivo,17.557,10.61,9.84,0.77,200,42,
oficina x245,panel en vivo,17.558,4.89,4.03,0.86,200,42,
oficina x245,resumen de video,17.561,12.15,11.05,1.1,200,13773,
oficina x245,resumen de video,17.564,4.51,4.07,0.44,200,13773,
oficina x245,eventos recientes,17.569,7.89,4.47,3.42,200,14691,
oficina x245,panel en vivo,17.573,6.75,5.25,1.5,200,42,
oficina x245,resumen de video,17.573,7.53,6.73,0.8,200,13773,
oficina x245,panel en vivo,17.577,4.61,4.4,0.22,200,42,
oficina x245,panel en vivo,17.577,3.16,2.82,0.34,200,42,
oficina x245,panel en vivo,17.583,5.2,4.34,0.86,200,42,
oficina x245,resumen de video,17.583,5.12,4.08,1.05,200,13773,
oficina x245,estado del sistema,17.585,6.13,4.26,1.88,200,318,
oficina x245,eventos recientes,17.588,3.38,3.05,0.33,200,14691,
oficina x245,resumen de video,17.594,8.11,7.02,1.09,200,13773,
oficina x245,panel en vivo,17.595,4.25,2.71,1.54,200,42,
oficina x245,panel en vivo,17.596,12.53,12.0,0.53,200,42,
oficina x245,eventos recientes,17.597,12.87,10.02,2.85,200,14691,
oficina x245,resumen de video,17.598,6.73,5.25,1.48,200,13773,
oficina x245,estado del sistema,17.605,6.19,5.57,0.62,200,318,
oficina x245,estado del sistema,17.606,7.58,5.07,2.51,200,318,
oficina x245,panel en vivo,17.611,16.07,15.15,0.92,200,42,
oficina x245,eventos recientes,17.613,14.7,14.14,0.56,200,14691,
oficina x245,eventos recientes,17.614,9.77,9.53,0.24,200,14691,
oficina x245,resumen de video,17.615,14.24,13.14,1.09,200,13773,
oficina x245,panel en vivo,17.615,18.09,17.08,1.02,200,42,
oficina x245,resumen de video,17.617,5.82,3.98,1.84,200,13773,
oficina x245,estado del sistema,17.617,13.5,12.82,0.68,200,318,
oficina x245,resumen de video,17.622,6.18,4.69,1.49,200,13773,
oficina x245,eventos recientes,17.625,7.69,5.06,2.63,200,14691,
oficina x245,eventos recientes,17.632,3.72,2.7,1.02,200,14691,
oficina x245,panel en vivo,17.638,2.39,2.2,0.19,200,42,
oficina x245,eventos recientes,17.639,6.88,5.89,0.99,200,14691,
oficina x245,resumen de video,17.641,9.47,9.06,0.4,200,13773,
oficina x245,panel en vivo,17.642,3.56,3.07,0.49,200,42,
oficina x245,panel en vivo,17.644,10.63,8.44,2.19,200,42,
oficina x245,resumen de video,17.645,7.93,7.3,0.63,200,13773,
oficina x245,resumen de video,17.651,4.6,4.3,0.3,200,13773,
oficina x245,panel en vivo,17.654,5.09,4.05,1.04,200,42,
oficina x245,panel en vivo,17.654,6.78,5.63,1.15,200,42,
oficina x245,panel en vivo,17.654,3.11,2.25,0.86,200,42,
oficina x245,eventos recientes,17.655,4.65,3.63,1.02,200,14691,
oficina x245,panel en vivo,17.663,4.63,4.02,0.61,200,42,
oficina x245,panel en vivo,17.664,3.25,2.62,0.62,200,42,
oficina x245,eventos recientes,17.667,3.07,2.43,0.64,200,14691,
oficina x245,eventos recientes,17.683,3.25,2.8,0.45,200,14691,
oficina x245,panel en vivo,17.684,7.1,3.66,3.44,200,42,
oficina x245,eventos recientes,17.686,6.43,4.01,2.43,200,14691,
oficina x245,panel en vivo,17.69,3.64,3.25,0.39,200,42,
oficina x245,panel en vivo,17.692,3.36,2.29,1.07,200,42,
oficina x245,panel en vivo,17.695,4.26,2.16,2.1,200,42,
oficina x245,panel en vivo,17.698,3.02,2.32,0.7,200,42,
oficina x245,resumen de video,17.706,8.77,8.62,0.15,200,13773,
oficina x245,resumen de video,17.706,13.05,12.32,0.73,200,13773,
oficina x245,eventos recientes,17.707,16.92,16.12,0.8,200,14691,
oficina x245,panel en vivo,17.71,5.2,4.17,1.03,200,42,
oficina x245,resumen de video,17.71,7.76,7.39,0.37,200,13773,
oficina x245,panel en vivo,17.716,9.21,7.01,2.2,200,42,
oficina x245,eventos recientes,17.716,8.67,8.29,0.38,200,14691,
oficina x245,estado del sistema,17.717,6.78,4.13,2.65,200,318,
oficina x245,panel en vivo,17.719,6.42,5.85,0.57,200,42,
oficina x245,resumen de video,17.726,5.01,4.65,0.37,200,13773,
oficina x245,estado del sistema,17.727,4.32,3.03,1.29,200,318,
oficina x245,eventos recientes,17.727,4.9,3.98,0.91,200,14691,
oficina x245,estado del sistema,17.735,2.4,1.96,0.43,200,318,
oficina x245,panel en vivo,17.738,7.69,7.47,0.22,200,42,
oficina x245,panel en vivo,17.738,5.47,3.86,1.61,200,42,
oficina x245,estado del sistema,17.739,5.45,3.97,1.48,200,318,
oficina x245,panel en vivo,17.741,8.61,7.4,1.21,200,42,
oficina x245,resumen de video,17.741,10.58,8.49,2.09,200,13773,
oficina x245,panel en vivo,17.743,6.84,3.94,2.9,200,42,
oficina x245,panel en vivo,17.752,5.66,4.69,0.97,200,42,
oficina x245,estado del sistema,17.754,3.72,2.94,0.78,200,318,
oficina x245,panel en vivo,17.758,5.68,3.73,1.95,200,42,
oficina x245,eventos recientes,17.76,3.94,3.69,0.25,200,14691,
oficina x245,bandeja de documentos,17.764,8.85,8.46,0.39,200,12476,
oficina x245,panel en vivo,17.765,5.59,4.43,1.16,200,42,
oficina x245,resumen de video,17.765,11.86,11.36,0.5,200,13773,
oficina x245,panel en vivo,17.765,5.18,4.99,0.19,200,42,
oficina x245,panel en vivo,17.766,8.58,5.1,3.48,200,42,
oficina x245,panel en vivo,17.767,3.65,3.59,0.06,200,42,
oficina x245,resumen de video,17.769,7.49,6.45,1.04,200,13773,
oficina x245,panel en vivo,17.776,8.7,7.39,1.31,200,42,
oficina x245,eventos recientes,17.783,5.75,3.6,2.15,200,14691,
oficina x245,panel en vivo,17.784,3.2,2.81,0.39,200,42,
oficina x245,panel en vivo,17.784,2.89,2.32,0.57,200,42,
oficina x245,panel en vivo,17.788,3.12,2.08,1.04,200,42,
oficina x245,resumen de video,17.795,6.04,5.8,0.24,200,13773,
oficina x245,contactos recientes,17.797,4.15,3.97,0.18,200,1557,
oficina x245,resumen de video,17.818,5.52,4.63,0.88,200,13773,
oficina x245,panel en vivo,17.821,3.77,2.27,1.5,200,42,
oficina x245,eventos recientes,17.828,9.71,9.43,0.28,200,14691,
oficina x245,panel en vivo,17.828,9.82,9.11,0.71,200,42,
oficina x245,panel en vivo,17.828,6.43,5.18,1.26,200,42,
oficina x245,resumen de video,17.83,9.31,7.35,1.96,200,13773,
oficina x245,panel en vivo,17.833,9.65,8.38,1.27,200,42,
oficina x245,resumen de video,17.835,5.43,4.45,0.99,200,13773,
oficina x245,panel en vivo,17.836,6.59,4.58,2.01,200,42,
oficina x245,panel en vivo,17.838,5.32,4.15,1.17,200,42,
oficina x245,panel en vivo,17.843,7.79,6.68,1.11,200,42,
oficina x245,eventos recientes,17.844,6.47,5.99,0.48,200,14691,
oficina x245,eventos recientes,17.846,7.94,7.19,0.75,200,14691,
oficina x245,estado del sistema,17.846,11.47,9.67,1.8,200,318,
oficina x245,panel en vivo,17.851,5.99,4.66,1.33,200,42,
oficina x245,panel en vivo,17.853,5.6,5.31,0.29,200,42,
oficina x245,resumen de video,17.853,5.91,4.99,0.92,200,13773,
oficina x245,panel en vivo,17.86,9.1,8.19,0.91,200,42,
oficina x245,eventos recientes,17.861,13.76,13.06,0.7,200,14691,
oficina x245,panel en vivo,17.861,8.79,7.52,1.27,200,42,
oficina x245,eventos recientes,17.861,13.75,12.99,0.76,200,14691,
oficina x245,panel en vivo,17.861,10.09,8.93,1.15,200,42,
oficina x245,panel en vivo,17.863,9.65,8.09,1.56,200,42,
oficina x245,estado del sistema,17.864,9.99,9.8,0.18,200,318,
oficina x245,panel en vivo,17.868,7.88,6.91,0.98,200,42,
oficina x245,panel en vivo,17.87,6.45,5.28,1.16,200,42,
oficina x245,eventos recientes,17.87,14.88,10.42,4.46,200,14691,
oficina x245,estado del sistema,17.872,8.61,8.06,0.55,200,318,
oficina x245,resumen de video,17.874,13.01,12.89,0.12,200,13773,
oficina x245,panel en vivo,17.876,6.56,6.32,0.25,200,42,
oficina x245,panel en vivo,17.878,9.56,8.65,0.91,200,42,
oficina x245,eventos recientes,17.878,14.79,14.01,0.78,200,14691,
oficina x245,panel en vivo,17.878,8.69,7.94,0.75,200,42,
oficina x245,eventos recientes,17.882,5.23,4.62,0.61,200,14691,
oficina x245,eventos recientes,17.886,3.51,3.29,0.22,200,14691,
oficina x245,panel en vivo,17.89,4.17,3.08,1.09,200,42,
oficina x245,eventos recientes,17.89,5.39,4.26,1.13,200,14691,
oficina x245,panel en vivo,17.891,3.96,3.48,0.48,200,42,
oficina x245,estado del sistema,17.893,4.31,3.26,1.06,200,318,
oficina x245,eventos recientes,17.893,5.25,4.07,1.17,200,14691,
oficina x245,panel en vivo,17.893,5.17,4.22,0.95,200,42,
oficina x245,panel en vivo,17.894,6.77,3.85,2.92,200,42,
oficina x245,eventos recientes,17.897,3.69,3.53,0.16,200,14691,
oficina x245,eventos recientes,17.898,11.08,9.72,1.37,200,14691,
oficina x245,panel en vivo,17.899,9.69,8.32,1.38,200,42,
oficina x245,eventos recientes,17.9,4.04,3.16,0.88,200,14691,
oficina x245,eventos recientes,17.9,4.89,2.51,2.38,200,14691,
oficina x245,estado del sistema,17.907,4.66,3.96,0.71,200,318,
oficina x245,panel en vivo,17.907,3.91,1.85,2.07,200,42,
oficina x245,eventos recientes,17.912,5.24,4.85,0.39,200,14691,
oficina x245,panel en vivo,17.912,10.12,8.67,1.45,200,42,
oficina x245,panel en vivo,17.913,9.42,8.17,1.25,200,42,
oficina x245,resumen de video,17.916,7.33,7.16,0.17,200,13773,
oficina x245,panel en vivo,17.92,3.66,3.22,0.44,200,42,
oficina x245,estado del sistema,17.921,4.51,2.61,1.9,200,318,
oficina x245,panel en vivo,17.924,3.59,2.27,1.33,200,42,
oficina x245,eventos recientes,17.929,3.41,2.56,0.85,200,14691,
oficina x245,resumen de video,17.935,8.12,7.01,1.11,200,13773,
oficina x245,panel en vivo,17.941,6.91,5.53,1.38,200,42,
oficina x245,eventos recientes,17.942,7.92,6.72,1.2,200,14691,
oficina x245,eventos recientes,17.943,5.78,5.1,0.67,200,14691,
oficina x245,estado del sistema,17.943,13.88,13.3,0.59,200,318,
oficina x245,resumen de video,17.943,15.03,14.05,0.98,200,13773,
oficina x245,eventos recientes,17.947,12.26,11.13,1.12,200,14691,
oficina x245,estado del sistema,17.947,15.54,13.07,2.47,200,318,
oficina x245,panel en vivo,17.947,6.35,6.07,0.28,200,42,
oficina x245,panel en vivo,17.95,10.72,10.17,0.55,200,42,
oficina x245,panel en vivo,17.958,4.11,2.07,2.04,200,42,
oficina x245,eventos recientes,17.96,4.61,3.13,1.48,200,14691,
oficina x245,resumen de video,17.964,9.56,8.96,0.6,200,13773,
oficina x245,panel en vivo,17.966,3.67,3.07,0.59,200,42,
oficina x245,panel en vivo,17.966,4.64,4.21,0.43,200,42,
oficina x245,resumen de video,17.97,10.47,9.79,0.69,200,13773,
oficina x245,panel en vivo,17.971,6.72,5.34,1.38,200,42,
oficina x245,resumen de video,17.971,10.26,8.38,1.87,200,13773,
oficina x245,panel en vivo,17.974,5.58,4.72,0.86,200,42,
oficina x245,estado del sistema,17.976,5.76,5.16,0.6,200,318,
oficina x245,quien es quien,17.977,4.04,3.59,0.45,200,3475,
oficina x245,eventos recientes,17.983,5.28,3.46,1.82,200,14691,
oficina x245,panel en vivo,17.984,5.1,4.78,0.31,200,42,
oficina x245,eventos recientes,17.985,9.86,7.78,2.08,200,14691,
oficina x245,panel en vivo,17.987,5.65,3.67,1.97,200,42,
oficina x245,panel en vivo,17.987,4.52,3.55,0.97,200,42,
oficina x245,eventos recientes,17.991,5.89,4.95,0.94,200,14691,
oficina x245,estado del sistema,17.993,5.31,5.11,0.21,200,318,
oficina x245,panel en vivo,17.999,2.48,2.11,0.37,200,42,
oficina x245,panel en vivo,18.002,11.2,9.94,1.26,200,42,
oficina x245,resumen de video,18.002,13.54,11.8,1.74,200,13773,
oficina x245,estado del sistema,18.004,14.29,12.26,2.03,200,318,
oficina x245,estado del sistema,18.005,20.57,18.87,1.7,200,318,
oficina x245,eventos recientes,18.006,11.15,10.97,0.18,200,14691,
oficina x245,panel en vivo,18.008,13.4,13.21,0.19,200,42,
oficina x245,panel en vivo,18.008,14.32,13.79,0.53,200,42,
oficina x245,panel en vivo,18.009,13.06,12.68,0.39,200,42,
oficina x245,eventos recientes,18.009,11.9,11.26,0.64,200,14691,
oficina x245,resumen de video,18.01,17.12,14.73,2.39,200,13773,
oficina x245,panel en vivo,18.01,15.25,13.17,2.08,200,42,
oficina x245,panel en vivo,18.011,13.4,9.82,3.58,200,42,
oficina x245,eventos recientes,18.016,14.1,12.22,1.88,200,14691,
oficina x245,resumen de video,18.016,15.77,7.41,8.36,200,13773,
oficina x245,estado del sistema,18.018,11.94,11.21,0.73,200,318,
oficina x245,resumen de video,18.023,13.55,7.27,6.28,200,13773,
oficina x245,eventos recientes,18.024,10.99,8.87,2.12,200,14691,
oficina x245,estado del sistema,18.028,7.76,7.14,0.62,200,318,
oficina x245,panel en vivo,18.032,4.7,4.25,0.45,200,42,
oficina x245,panel en vivo,18.039,2.36,2.13,0.22,200,42,
oficina x245,eventos recientes,18.04,7.9,6.44,1.46,200,14691,
oficina x245,resumen de video,18.042,10.35,9.61,0.74,200,13773,
oficina x245,eventos recientes,18.043,10.27,9.72,0.55,200,14691,
oficina x245,eventos recientes,18.045,4.74,4.56,0.18,200,14691,
oficina x245,quien es quien,18.047,7.12,6.02,1.1,200,3475,
oficina x245,panel en vivo,18.051,4.84,2.37,2.47,200,42,
oficina x245,eventos recientes,18.065,3.94,3.3,0.65,200,14691,
oficina x245,resumen de video,18.07,6.14,5.16,0.98,200,13773,
oficina x245,panel en vivo,18.07,2.55,2.31,0.24,200,42,
oficina x245,eventos recientes,18.07,11.94,11.08,0.86,200,14691,
oficina x245,eventos recientes,18.075,9.7,8.73,0.97,200,14691,
oficina x245,estado del sistema,18.076,8.29,7.43,0.86,200,318,
oficina x245,eventos recientes,18.076,10.06,9.94,0.12,200,14691,
oficina x245,panel en vivo,18.077,6.09,5.71,0.37,200,42,
oficina x245,eventos recientes,18.078,6.84,6.13,0.71,200,14691,
oficina x245,resumen de video,18.079,7.5,6.41,1.1,200,13773,
oficina x245,eventos recientes,18.079,6.94,6.44,0.5,200,14691,
oficina x245,resumen de video,18.086,4.32,3.71,0.61,200,13773,
oficina x245,estado del sistema,18.088,4.6,3.3,1.3,200,318,
oficina x245,estado del sistema,18.09,4.97,2.49,2.48,200,318,
oficina x245,panel en vivo,18.091,6.0,3.85,2.15,200,42,
oficina x245,eventos recientes,18.096,4.4,3.92,0.48,200,14691,
oficina x245,eventos recientes,18.096,8.47,6.95,1.51,200,14691,
oficina x245,eventos recientes,18.096,8.33,7.79,0.54,200,14691,
oficina x245,panel en vivo,18.1,12.61,8.3,4.31,200,42,
oficina x245,panel en vivo,18.108,5.78,4.92,0.86,200,42,
oficina x245,panel en vivo,18.113,3.02,2.67,0.35,200,42,
oficina x245,panel en vivo,18.113,9.64,9.04,0.6,200,42,
oficina x245,resumen de video,18.115,7.87,7.78,0.09,200,13773,
oficina x245,estado del sistema,18.119,7.97,7.0,0.97,200,318,
oficina x245,resumen de video,18.121,9.13,7.81,1.32,200,13773,
oficina x245,panel en vivo,18.123,8.48,5.93,2.55,200,42,
oficina x245,panel en vivo,18.123,7.77,5.32,2.45,200,42,
oficina x245,panel en vivo,18.125,6.53,5.11,1.42,200,42,
oficina x245,panel en vivo,18.126,5.07,4.02,1.05,200,42,
oficina x245,estado del sistema,18.139,10.41,7.77,2.63,200,318,
oficina x245,resumen de video,18.139,9.86,8.48,1.38,200,13773,
oficina x245,panel en vivo,18.14,6.04,3.65,2.39,200,42,
oficina x245,panel en vivo,18.146,4.51,2.16,2.35,200,42,
oficina x245,panel en vivo,18.152,3.81,3.35,0.46,200,42,
oficina x245,panel en vivo,18.153,3.5,2.98,0.52,200,42,
oficina x245,resumen de video,18.156,4.48,4.22,0.26,200,13773,
oficina x245,panel en vivo,18.156,8.49,7.84,0.65,200,42,
oficina x245,eventos recientes,18.163,7.91,6.2,1.71,200,14691,
oficina x245,panel en vivo,18.163,4.86,3.99,0.87,200,42,
oficina x245,eventos recientes,18.166,5.91,5.27,0.64,200,14691,
oficina x245,eventos recientes,18.167,3.58,2.68,0.9,200,14691,
oficina x245,panel en vivo,18.178,4.59,4.4,0.19,200,42,
oficina x245,panel en vivo,18.195,2.85,2.63,0.22,200,42,
oficina x245,resumen de video,18.198,4.61,4.37,0.24,200,13773,
oficina x245,resumen de video,18.206,4.33,4.08,0.25,200,13773,
oficina x245,panel en vivo,18.214,3.24,2.67,0.57,200,42,
oficina x245,eventos recientes,18.217,3.47,3.02,0.45,200,14691,
oficina x245,resumen de video,18.219,6.13,5.28,0.85,200,13773,
oficina x245,resumen de video,18.221,5.52,4.28,1.24,200,13773,
oficina x245,resumen de video,18.231,14.34,14.13,0.22,200,13773,
oficina x245,eventos recientes,18.231,20.27,19.69,0.59,200,14691,
oficina x245,panel en vivo,18.233,13.13,9.6,3.53,200,42,
oficina x245,panel en vivo,18.234,17.97,14.68,3.29,200,42,
oficina x245,resumen de video,18.234,18.79,15.71,3.08,200,13773,
oficina x245,panel en vivo,18.237,14.32,11.1,3.21,200,42,
oficina x245,eventos recientes,18.237,13.03,8.53,4.5,200,14691,
oficina x245,panel en vivo,18.237,13.63,12.76,0.87,200,42,
oficina x245,resumen de video,18.242,15.53,14.39,1.14,200,13773,
oficina x245,abrir ficha,18.244,7.34,5.85,1.48,200,1045,
oficina x245,estado del sistema,18.252,9.32,5.61,3.71,200,318,
oficina x245,eventos recientes,18.253,17.66,14.39,3.26,200,14691,
oficina x245,panel en vivo,18.253,3.22,2.62,0.6,200,42,
oficina x245,estado del sistema,18.255,15.1,13.75,1.35,200,318,
oficina x245,panel en vivo,18.255,15.23,13.48,1.75,200,42,
oficina x245,resumen de video,18.256,14.63,13.43,1.21,200,13773,
oficina x245,panel en vivo,18.256,12.3,10.51,1.78,200,42,
oficina x245,resumen de video,18.261,19.1,17.55,1.55,200,13773,
oficina x245,eventos recientes,18.261,12.04,10.69,1.35,200,14691,
oficina x245,panel en vivo,18.264,11.26,10.24,1.01,200,42,
oficina x245,panel en vivo,18.265,10.4,9.88,0.52,200,42,
oficina x245,panel en vivo,18.267,9.79,7.19,2.61,200,42,
oficina x245,panel en vivo,18.269,13.28,9.15,4.13,200,42,
oficina x245,resumen de video,18.274,6.87,5.87,1.0,200,13773,
oficina x245,buscar contacto,18.275,11.59,9.91,1.68,200,507,
oficina x245,resumen de video,18.275,13.36,12.99,0.37,200,13773,
oficina x245,panel en vivo,18.277,12.61,7.65,4.96,200,42,
oficina x245,resumen de video,18.278,18.5,15.35,3.15,200,13773,
oficina x245,resumen de video,18.283,13.66,10.3,3.36,200,13773,
oficina x245,panel en vivo,18.283,7.79,7.38,0.41,200,42,
oficina x245,resumen de video,18.287,7.78,7.03,0.75,200,13773,
oficina x245,eventos recientes,18.293,5.99,4.29,1.7,200,14691,
oficina x245,eventos recientes,18.296,4.86,3.82,1.04,200,14691,
oficina x245,panel en vivo,18.299,3.78,2.55,1.23,200,42,
oficina x245,estado del sistema,18.299,2.16,1.84,0.33,200,318,
oficina x245,panel en vivo,18.303,5.39,1.88,3.51,200,42,
oficina x245,panel en vivo,18.304,2.23,1.81,0.42,200,42,
oficina x245,resumen de video,18.311,7.29,6.55,0.74,200,13773,
oficina x245,resumen de video,18.311,6.4,5.55,0.86,200,13773,
oficina x245,panel en vivo,18.312,6.3,6.01,0.28,200,42,
oficina x245,panel en vivo,18.319,3.4,2.67,0.73,200,42,
oficina x245,panel en vivo,18.32,2.0,1.8,0.2,200,42,
oficina x245,resumen de video,18.322,5.16,4.43,0.73,200,13773,
oficina x245,panel en vivo,18.323,5.94,3.36,2.58,200,42,
oficina x245,panel en vivo,18.326,3.24,2.68,0.56,200,42,
oficina x245,resumen de video,18.327,5.09,3.47,1.62,200,13773,
oficina x245,panel en vivo,18.331,6.09,4.53,1.57,200,42,
oficina x245,panel en vivo,18.333,2.38,2.08,0.3,200,42,
oficina x245,panel en vivo,18.334,6.14,5.92,0.22,200,42,
oficina x245,panel en vivo,18.34,4.96,2.84,2.12,200,42,
oficina x245,panel en vivo,18.34,5.07,2.97,2.09,200,42,
oficina x245,panel en vivo,18.348,2.25,1.86,0.39,200,42,
oficina x245,panel en vivo,18.348,7.75,6.36,1.39,200,42,
oficina x245,estado del sistema,18.354,5.78,4.41,1.37,200,318,
oficina x245,eventos recientes,18.354,4.42,3.91,0.5,200,14691,
oficina x245,eventos recientes,18.355,4.1,3.5,0.6,200,14691,
oficina x245,panel en vivo,18.361,3.84,3.04,0.8,200,42,
oficina x245,resumen de video,18.363,5.7,5.19,0.5,200,13773,
oficina x245,estado del sistema,18.365,3.54,2.45,1.1,200,318,
oficina x245,estado del sistema,18.368,2.71,2.26,0.45,200,318,
oficina x245,resumen de video,18.372,5.26,4.73,0.54,200,13773,
oficina x245,resumen de video,18.374,8.61,6.63,1.98,200,13773,
oficina x245,panel en vivo,18.375,2.79,1.93,0.86,200,42,
oficina x245,resumen de video,18.377,8.65,8.47,0.18,200,13773,
oficina x245,resumen de video,18.38,4.99,4.42,0.57,200,13773,
oficina x245,panel en vivo,18.382,17.83,15.75,2.08,200,42,
oficina x245,panel en vivo,18.385,11.04,10.44,0.59,200,42,
oficina x245,panel en vivo,18.385,14.25,12.9,1.35,200,42,
oficina x245,resumen de video,18.386,12.11,11.67,0.44,200,13773,
oficina x245,eventos recientes,18.387,8.18,7.42,0.76,200,14691,
oficina x245,estado del sistema,18.389,9.02,6.77,2.25,200,318,
oficina x245,panel en vivo,18.389,8.79,5.87,2.92,200,42,
oficina x245,eventos recientes,18.396,9.01,5.83,3.18,200,14691,
oficina x245,panel en vivo,18.396,7.02,5.32,1.69,200,42,
oficina x245,estado del sistema,18.397,6.79,5.58,1.22,200,318,
oficina x245,eventos recientes,18.399,6.14,4.34,1.81,200,14691,
oficina x245,panel en vivo,18.404,4.05,2.05,2.0,200,42,
oficina x245,estado del sistema,18.409,4.17,3.59,0.58,200,318,
oficina x245,resumen de video,18.411,4.99,3.71,1.28,200,13773,
oficina x245,resumen de video,18.414,14.96,13.97,0.99,200,13773,
oficina x245,estado del sistema,18.415,10.21,9.25,0.95,200,318,
oficina x245,panel en vivo,18.416,14.65,11.08,3.57,200,42,
oficina x245,eventos recientes,18.419,12.15,9.1,3.05,200,14691,
oficina x245,eventos recientes,18.42,11.58,8.77,2.81,200,14691,
oficina x245,resumen de video,18.424,9.15,8.28,0.87,200,13773,
oficina x245,panel en vivo,18.424,9.62,8.61,1.01,200,42,
oficina x245,eventos recientes,18.425,8.98,6.69,2.29,200,14691,
oficina x245,panel en vivo,18.431,3.75,3.26,0.49,200,42,
oficina x245,panel en vivo,18.432,3.02,2.29,0.73,200,42,
oficina x245,estado del sistema,18.435,10.8,9.74,1.06,200,318,
oficina x245,panel en vivo,18.436,6.59,5.97,0.61,200,42,
oficina x245,resumen de video,18.436,9.92,6.65,3.27,200,13773,
oficina x245,panel en vivo,18.438,4.73,3.04,1.69,200,42,
oficina x245,estado del sistema,18.439,6.32,5.54,0.78,200,318,
oficina x245,estado del sistema,18.445,2.88,2.31,0.57,200,318,
oficina x245,panel en vivo,18.447,4.82,3.8,1.02,200,42,
oficina x245,panel en vivo,18.448,3.46,2.98,0.48,200,42,
oficina x245,panel en vivo,18.449,4.02,2.93,1.09,200,42,
oficina x245,eventos recientes,18.449,3.08,3.04,0.04,200,14691,
oficina x245,resumen de video,18.451,7.15,5.2,1.95,200,13773,
oficina x245,estado del sistema,18.453,4.26,2.83,1.43,200,318,
oficina x245,panel en vivo,18.453,5.04,4.32,0.72,200,42,
oficina x245,resumen de video,18.459,9.47,8.42,1.05,200,13773,
oficina x245,eventos recientes,18.459,6.41,5.48,0.93,200,14691,
oficina x245,eventos recientes,18.461,7.4,7.1,0.31,200,14691,
oficina x245,resumen de video,18.462,7.33,6.57,0.77,200,13773,
oficina x245,eventos recientes,18.464,5.96,5.32,0.64,200,14691,
oficina x245,panel en vivo,18.467,3.84,2.21,1.63,200,42,
oficina x245,estado del sistema,18.471,3.06,2.99,0.07,200,318,
oficina x245,resumen de video,18.472,6.05,5.69,0.37,200,13773,
oficina x245,panel en vivo,18.472,6.53,6.14,0.39,200,42,
oficina x245,panel en vivo,18.473,6.41,6.11,0.3,200,42,
oficina x245,panel en vivo,18.473,23.8,22.67,1.13,200,42,
oficina x245,panel en vivo,18.473,22.87,21.37,1.49,200,42,
oficina x245,estado del sistema,18.474,17.9,11.51,6.38,200,318,
oficina x245,resumen de video,18.475,23.93,22.5,1.43,200,13773,
oficina x245,resumen de video,18.475,23.25,21.65,1.6,200,13773,
oficina x245,panel en vivo,18.476,16.17,10.92,5.25,200,42,
oficina x245,panel en vivo,18.479,20.03,19.54,0.5,200,42,
oficina x245,panel en vivo,18.487,8.45,8.0,0.45,200,42,
oficina x245,eventos recientes,18.49,7.53,5.96,1.57,200,14691,
oficina x245,panel en vivo,18.491,5.67,4.85,0.81,200,42,
oficina x245,estado del sistema,18.495,4.27,3.07,1.2,200,318,
oficina x245,panel en vivo,18.506,6.79,6.43,0.36,200,42,
oficina x245,panel en vivo,18.507,11.42,10.81,0.61,200,42,
oficina x245,panel en vivo,18.507,11.29,10.31,0.98,200,42,
oficina x245,buscar contacto,18.512,5.94,5.14,0.8,200,507,
oficina x245,panel en vivo,18.513,4.27,3.79,0.48,200,42,
oficina x245,estado del sistema,18.513,5.21,4.42,0.79,200,318,
oficina x245,resumen de video,18.518,4.28,3.65,0.63,200,13773,
oficina x245,eventos recientes,18.521,4.95,2.63,2.32,200,14691,
oficina x245,estado del sistema,18.522,6.54,6.01,0.53,200,318,
oficina x245,eventos recientes,18.528,22.84,18.83,4.01,200,14691,
oficina x245,eventos recientes,18.53,20.63,18.58,2.04,200,14691,
oficina x245,panel en vivo,18.532,13.48,11.18,2.31,200,42,
oficina x245,eventos recientes,18.533,19.14,18.71,0.43,200,14691,
oficina x245,eventos recientes,18.535,16.41,16.12,0.29,200,14691,
oficina x245,panel en vivo,18.536,6.61,5.71,0.91,200,42,
oficina x245,panel en vivo,18.537,5.03,4.0,1.03,200,42,
oficina x245,panel en vivo,18.54,10.1,9.14,0.97,200,42,
oficina x245,eventos recientes,18.541,38.95,38.34,0.62,200,14691,
oficina x245,estado del sistema,18.543,33.9,33.64,0.26,200,318,
oficina x245,resumen de video,18.545,32.06,31.24,0.82,200,13773,
oficina x245,eventos recientes,18.547,47.98,46.93,1.05,200,14691,
oficina x245,panel en vivo,18.548,45.04,44.29,0.75,200,42,
oficina x245,eventos recientes,18.549,45.27,44.83,0.44,200,14691,
oficina x245,panel en vivo,18.55,58.88,56.68,2.19,200,42,
oficina x245,eventos recientes,18.55,43.45,43.02,0.42,200,14691,
oficina x245,panel en vivo,18.552,56.39,53.8,2.59,200,42,
oficina x245,resumen de video,18.553,60.6,59.66,0.94,200,13773,
oficina x245,panel en vivo,18.555,47.55,45.37,2.19,200,42,
oficina x245,panel en vivo,18.557,51.83,50.15,1.68,200,42,
oficina x245,resumen de video,18.559,57.95,57.39,0.56,200,13773,
oficina x245,panel en vivo,18.564,45.34,44.67,0.68,200,42,
oficina x245,panel en vivo,18.564,37.63,36.8,0.82,200,42,
oficina x245,estado del sistema,18.566,41.44,40.8,0.64,200,318,
oficina x245,panel en vivo,18.566,41.81,40.4,1.42,200,42,
oficina x245,panel en vivo,18.568,41.1,40.53,0.57,200,42,
oficina x245,eventos recientes,18.571,39.8,39.08,0.71,200,14691,
oficina x245,panel en vivo,18.572,35.59,34.95,0.63,200,42,
oficina x245,resumen de video,18.574,43.96,41.92,2.04,200,13773,
oficina x245,panel en vivo,18.576,40.81,39.53,1.28,200,42,
oficina x245,panel en vivo,18.576,39.75,37.34,2.41,200,42,
oficina x245,panel en vivo,18.579,27.09,26.39,0.7,200,42,
oficina x245,panel en vivo,18.584,27.37,26.34,1.03,200,42,
oficina x245,eventos recientes,18.586,26.53,26.13,0.4,200,14691,
oficina x245,panel en vivo,18.589,24.99,24.32,0.68,200,42,
oficina x245,resumen de video,18.592,21.83,20.51,1.32,200,13773,
oficina x245,eventos recientes,18.593,18.23,18.09,0.14,200,14691,
oficina x245,panel en vivo,18.597,18.27,18.02,0.25,200,42,
oficina x245,panel en vivo,18.597,14.59,13.59,0.99,200,42,
oficina x245,resumen de video,18.6,20.49,19.63,0.86,200,13773,
oficina x245,panel en vivo,18.603,15.11,7.9,7.21,200,42,
oficina x245,eventos recientes,18.605,7.82,6.35,1.48,200,14691,
oficina x245,eventos recientes,18.609,11.05,5.71,5.34,200,14691,
oficina x245,eventos recientes,18.612,7.69,4.78,2.91,200,14691,
oficina x245,panel en vivo,18.616,6.15,2.31,3.84,200,42,
oficina x245,resumen de video,18.623,4.83,4.63,0.2,200,13773,
oficina x245,panel en vivo,18.624,2.28,2.15,0.13,200,42,
oficina x245,panel en vivo,18.627,3.34,2.27,1.07,200,42,
oficina x245,panel en vivo,18.628,4.38,3.22,1.16,200,42,
oficina x245,eventos recientes,18.628,4.46,3.41,1.05,200,14691,
oficina x245,panel en vivo,18.634,4.24,2.17,2.07,200,42,
oficina x245,resumen de video,18.637,6.27,5.14,1.14,200,13773,
oficina x245,panel en vivo,18.639,2.68,2.49,0.19,200,42,
oficina x245,panel en vivo,18.64,3.53,2.61,0.92,200,42,
oficina x245,estado del sistema,18.646,2.91,2.15,0.75,200,318,
oficina x245,panel en vivo,18.652,3.01,2.51,0.5,200,42,
oficina x245,panel en vivo,18.657,3.39,2.66,0.73,200,42,
oficina x245,resumen de video,18.658,6.49,6.39,0.1,200,13773,
oficina x245,resumen de video,18.659,5.03,3.72,1.31,200,13773,
oficina x245,abrir ficha,18.667,3.53,2.45,1.08,200,1045,
oficina x245,eventos recientes,18.67,4.56,4.15,0.41,200,14691,
oficina x245,panel en vivo,18.671,3.45,3.23,0.22,200,42,
oficina x245,resumen de video,18.676,6.3,5.99,0.32,200,13773,
oficina x245,panel en vivo,18.676,5.01,3.89,1.12,200,42,
oficina x245,resumen de video,18.679,7.45,6.38,1.07,200,13773,
oficina x245,resumen de video,18.681,6.16,5.58,0.58,200,13773,
oficina x245,eventos recientes,18.69,3.42,2.66,0.76,200,14691,
oficina x245,panel en vivo,18.692,2.08,1.8,0.27,200,42,
oficina x245,estado del sistema,18.694,2.68,2.12,0.56,200,318,
oficina x245,eventos recientes,18.699,7.42,6.72,0.71,200,14691,
oficina x245,panel en vivo,18.702,3.1,2.48,0.62,200,42,
oficina x245,eventos recientes,18.705,3.94,2.68,1.26,200,14691,
oficina x245,resumen de video,18.714,4.36,4.16,0.19,200,13773,
oficina x245,panel en vivo,18.716,2.73,2.04,0.69,200,42,
oficina x245,panel en vivo,18.718,3.46,2.18,1.28,200,42,
oficina x245,estado del sistema,18.725,5.16,2.42,2.74,200,318,
oficina x245,panel en vivo,18.727,2.61,2.02,0.59,200,42,
oficina x245,eventos recientes,18.729,2.96,2.34,0.62,200,14691,
oficina x245,eventos recientes,18.733,5.12,4.25,0.87,200,14691,
oficina x245,estado del sistema,18.735,4.39,3.67,0.73,200,318,
oficina x245,resumen de video,18.736,6.34,5.59,0.75,200,13773,
oficina x245,eventos recientes,18.737,5.08,3.67,1.41,200,14691,
oficina x245,eventos recientes,18.742,3.04,2.7,0.33,200,14691,
oficina x245,panel en vivo,18.744,2.48,1.85,0.63,200,42,
oficina x245,eventos recientes,18.747,9.15,8.28,0.87,200,14691,
oficina x245,eventos recientes,18.753,3.42,2.51,0.92,200,14691,
oficina x245,resumen de video,18.761,4.92,4.41,0.5,200,13773,
oficina x245,panel en vivo,18.762,3.54,3.29,0.24,200,42,
oficina x245,panel en vivo,18.769,7.46,5.81,1.65,200,42,
oficina x245,panel en vivo,18.77,7.43,5.88,1.55,200,42,
oficina x245,resumen de video,18.77,9.58,7.69,1.88,200,13773,
oficina x245,contactos recientes,18.778,7.79,6.52,1.27,200,1557,
oficina x245,resumen de video,18.778,16.93,15.0,1.93,200,13773,
oficina x245,resumen de video,18.778,18.5,16.13,2.38,200,13773,
oficina x245,resumen de video,18.781,5.71,4.84,0.87,200,13773,
oficina x245,panel en vivo,18.781,6.27,3.32,2.94,200,42,
oficina x245,panel en vivo,18.788,9.94,7.13,2.82,200,42,
oficina x245,panel en vivo,18.788,8.45,5.97,2.48,200,42,
oficina x245,resumen de video,18.788,15.22,10.42,4.8,200,13773,
oficina x245,panel en vivo,18.789,3.29,2.43,0.86,200,42,
oficina x245,estado del sistema,18.793,3.33,2.26,1.06,200,318,
oficina x245,panel en vivo,18.798,4.52,3.7,0.81,200,42,
oficina x245,panel en vivo,18.8,4.39,3.48,0.92,200,42,
oficina x245,panel en vivo,18.805,8.23,7.38,0.85,200,42,
oficina x245,eventos recientes,18.806,9.78,8.56,1.22,200,14691,
oficina x245,eventos recientes,18.806,8.32,6.6,1.71,200,14691,
oficina x245,eventos recientes,18.813,5.37,4.55,0.82,200,14691,
oficina x245,panel en vivo,18.815,4.63,3.75,0.88,200,42,
oficina x245,panel en vivo,18.815,4.1,3.12,0.98,200,42,
oficina x245,panel en vivo,18.829,3.28,2.19,1.09,200,42,
oficina x245,panel en vivo,18.83,3.57,3.17,0.4,200,42,
oficina x245,estado del sistema,18.832,6.49,5.64,0.85,200,318,
oficina x245,resumen de video,18.832,5.31,4.45,0.86,200,13773,
oficina x245,estado del sistema,18.835,3.49,3.05,0.44,200,318,
oficina x245,eventos recientes,18.842,6.39,4.89,1.5,200,14691,
oficina x245,estado del sistema,18.847,3.05,2.15,0.9,200,318,
oficina x245,resumen de video,18.851,5.05,4.01,1.05,200,13773,
oficina x245,panel en vivo,18.856,2.42,1.95,0.47,200,42,
oficina x245,eventos recientes,18.857,7.76,5.81,1.94,200,14691,
oficina x245,panel en vivo,18.859,3.47,3.19,0.28,200,42,
oficina x245,eventos recientes,18.861,5.18,5.03,0.15,200,14691,
oficina x245,estado del sistema,18.862,6.31,4.59,1.73,200,318,
oficina x245,panel en vivo,18.863,5.0,3.29,1.71,200,42,
oficina x245,panel en vivo,18.866,3.3,2.8,0.5,200,42,
oficina x245,resumen de video,18.868,5.51,4.69,0.82,200,13773,
oficina x245,panel en vivo,18.87,16.59,14.41,2.18,200,42,
oficina x245,resumen de video,18.871,13.04,12.89,0.14,200,13773,
oficina x245,panel en vivo,18.872,13.93,10.22,3.71,200,42,
oficina x245,panel en vivo,18.873,11.7,11.2,0.5,200,42,
oficina x245,panel en vivo,18.874,12.21,6.29,5.92,200,42,
oficina x245,panel en vivo,18.874,11.65,10.72,0.92,200,42,
oficina x245,resumen de video,18.876,14.18,12.91,1.27,200,13773,
oficina x245,resumen de video,18.879,10.75,8.47,2.28,200,13773,
oficina x245,panel en vivo,18.882,6.28,5.28,1.0,200,42,
oficina x245,eventos recientes,18.888,3.57,3.09,0.49,200,14691,
oficina x245,eventos recientes,18.89,3.49,2.49,1.0,200,14691,
oficina x245,panel en vivo,18.894,3.35,2.23,1.12,200,42,
oficina x245,panel en vivo,18.895,3.94,2.83,1.1,200,42,
oficina x245,estado del sistema,18.898,4.11,2.69,1.43,200,318,
oficina x245,resumen de video,18.901,5.18,3.99,1.18,200,13773,
oficina x245,resumen de video,18.909,15.4,15.04,0.36,200,13773,
oficina x245,panel en vivo,18.909,7.52,7.34,0.17,200,42,
oficina x245,resumen de video,18.91,10.89,10.6,0.29,200,13773,
oficina x245,resumen de video,18.913,11.43,10.49,0.94,200,13773,
oficina x245,resumen de video,18.916,9.91,7.86,2.05,200,13773,
oficina x245,panel en vivo,18.917,13.63,12.78,0.84,200,42,
oficina x245,panel en vivo,18.92,8.28,4.68,3.6,200,42,
oficina x245,eventos recientes,18.921,10.08,5.98,4.1,200,14691,
oficina x245,eventos recientes,18.927,2.85,2.66,0.19,200,14691,
oficina x245,eventos recientes,18.928,3.55,2.91,0.64,200,14691,
oficina x245,eventos recientes,18.932,10.84,6.53,4.31,200,14691,
oficina x245,panel en vivo,18.932,14.01,9.39,4.62,200,42,
oficina x245,panel en vivo,18.934,12.43,8.96,3.46,200,42,
oficina x245,eventos recientes,18.935,3.19,2.43,0.76,200,14691,
oficina x245,panel en vivo,18.94,2.42,1.94,0.47,200,42,
oficina x245,estado del sistema,18.94,5.18,3.94,1.24,200,318,
oficina x245,panel en vivo,18.943,4.19,3.63,0.56,200,42,
oficina x245,eventos recientes,18.943,3.25,3.05,0.2,200,14691,
oficina x245,eventos recientes,18.945,5.62,4.29,1.33,200,14691,
oficina x245,eventos recientes,18.945,4.52,3.76,0.75,200,14691,
oficina x245,panel en vivo,18.946,4.86,3.76,1.1,200,42,
oficina x245,resumen de video,18.948,5.52,3.59,1.93,200,13773,
oficina x245,panel en vivo,18.954,3.15,2.87,0.27,200,42,
oficina x245,resumen de video,18.955,5.83,5.46,0.36,200,13773,
oficina x245,resumen de video,18.956,12.1,8.98,3.12,200,13773,
oficina x245,panel en vivo,18.957,3.58,3.54,0.04,200,42,
oficina x245,panel en vivo,18.958,7.08,6.02,1.07,200,42,
oficina x245,eventos recientes,18.96,5.74,5.16,0.58,200,14691,
oficina x245,eventos recientes,18.962,3.33,2.56,0.77,200,14691,
oficina x245,eventos recientes,18.965,12.35,11.43,0.92,200,14691,
oficina x245,panel en vivo,18.965,25.29,23.79,1.5,200,42,
oficina x245,resumen de video,18.969,25.46,22.51,2.95,200,13773,
oficina x245,resumen de video,18.972,19.33,18.91,0.42,200,13773,
oficina x245,panel en vivo,18.972,13.16,12.93,0.23,200,42,
oficina x245,resumen de video,18.974,21.48,18.3,3.18,200,13773,
oficina x245,eventos recientes,18.975,19.44,17.35,2.1,200,14691,
oficina x245,panel en vivo,18.98,16.93,14.74,2.19,200,42,
oficina x245,eventos recientes,18.981,15.87,12.08,3.79,200,14691,
oficina x245,eventos recientes,18.986,16.05,15.65,0.39,200,14691,
oficina x245,eventos recientes,18.988,12.34,11.04,1.3,200,14691,
oficina x245,resumen de video,18.99,12.91,12.3,0.61,200,13773,
oficina x245,resumen de video,18.996,7.23,6.21,1.02,200,13773,
oficina x245,panel en vivo,19.0,4.15,3.2,0.95,200,42,
oficina x245,panel en vivo,19.0,4.67,3.29,1.38,200,42,
oficina x245,resumen de video,19.004,10.89,9.04,1.85,200,13773,
oficina x245,panel en vivo,19.005,13.97,12.16,1.81,200,42,
oficina x245,panel en vivo,19.005,14.08,12.15,1.93,200,42,
oficina x245,panel en vivo,19.005,7.97,7.8,0.17,200,42,
oficina x245,resumen de video,19.008,15.14,11.05,4.1,200,13773,
oficina x245,eventos recientes,19.01,7.81,7.63,0.18,200,14691,
oficina x245,resumen de video,19.011,12.25,7.12,5.13,200,13773,
oficina x245,estado del sistema,19.011,10.79,6.66,4.13,200,318,
oficina x245,eventos recientes,19.012,9.3,5.46,3.85,200,14691,
oficina x245,panel en vivo,19.013,5.64,4.38,1.26,200,42,
oficina x245,abrir ficha,19.018,4.69,3.75,0.94,200,1045,
oficina x245,estado del sistema,19.02,5.01,1.98,3.02,200,318,
oficina x245,panel en vivo,19.026,2.83,2.11,0.72,200,42,
oficina x245,eventos recientes,19.031,3.16,2.74,0.42,200,14691,
oficina x245,estado del sistema,19.034,2.72,2.56,0.15,200,318,
oficina x245,eventos recientes,19.046,5.27,3.25,2.02,200,14691,
oficina x245,eventos recientes,19.048,7.24,6.69,0.56,200,14691,
oficina x245,panel en vivo,19.051,4.17,3.01,1.17,200,42,
oficina x245,eventos recientes,19.053,4.71,4.21,0.5,200,14691,
oficina x245,panel en vivo,19.054,2.81,2.59,0.21,200,42,
oficina x245,panel en vivo,19.057,3.6,3.44,0.15,200,42,
oficina x245,estado del sistema,19.058,4.18,2.33,1.85,200,318,
oficina x245,estado del sistema,19.061,6.32,5.12,1.21,200,318,
oficina x245,resumen de video,19.061,5.51,5.18,0.33,200,13773,
oficina x245,panel en vivo,19.063,2.55,2.17,0.39,200,42,
oficina x245,estado del sistema,19.064,8.72,8.24,0.47,200,318,
oficina x245,panel en vivo,19.072,4.5,3.97,0.52,200,42,
oficina x245,eventos recientes,19.072,5.53,4.6,0.93,200,14691,
oficina x245,eventos recientes,19.072,6.06,4.85,1.21,200,14691,
oficina x245,panel en vivo,19.074,4.25,2.32,1.93,200,42,
oficina x245,resumen de video,19.077,5.89,3.65,2.24,200,13773,
oficina x245,estado del sistema,19.077,3.64,2.39,1.25,200,318,
oficina x245,panel en vivo,19.082,3.28,2.42,0.85,200,42,
oficina x245,eventos recientes,19.083,5.75,5.22,0.53,200,14691,
oficina x245,eventos recientes,19.084,3.0,2.75,0.25,200,14691,
oficina x245,panel en vivo,19.085,5.71,4.35,1.37,200,42,
oficina x245,panel en vivo,19.086,4.91,4.08,0.83,200,42,
oficina x245,eventos recientes,19.086,4.65,3.49,1.16,200,14691,
oficina x245,panel en vivo,19.087,4.19,3.14,1.05,200,42,
oficina x245,buscar contacto,19.089,6.1,3.34,2.76,200,507,
oficina x245,panel en vivo,19.09,2.54,2.0,0.55,200,42,
oficina x245,eventos recientes,19.094,5.61,3.93,1.67,200,14691,
oficina x245,resumen de video,19.094,10.13,9.63,0.5,200,13773,
oficina x245,estado del sistema,19.097,3.51,3.11,0.4,200,318,
oficina x245,eventos recientes,19.099,5.61,4.95,0.66,200,14691,
oficina x245,eventos recientes,19.099,7.22,6.55,0.67,200,14691,
oficina x245,resumen de video,19.101,9.02,8.37,0.65,200,13773,
oficina x245,panel en vivo,19.102,4.34,3.01,1.34,200,42,
oficina x245,panel en vivo,19.11,10.81,6.05,4.76,200,42,
oficina x245,panel en vivo,19.114,7.08,5.86,1.21,200,42,
oficina x245,panel en vivo,19.117,3.97,3.4,0.57,200,42,
oficina x245,eventos recientes,19.12,3.84,2.77,1.07,200,14691,
oficina x245,resumen de video,19.122,8.47,6.06,2.41,200,13773,
oficina x245,eventos recientes,19.124,4.35,3.52,0.83,200,14691,
oficina x245,estado del sistema,19.13,5.1,4.32,0.77,200,318,
oficina x245,panel en vivo,19.13,7.12,6.14,0.98,200,42,
oficina x245,resumen de video,19.131,11.57,10.2,1.37,200,13773,
oficina x245,panel en vivo,19.131,10.38,9.25,1.13,200,42,
oficina x245,contactos recientes,19.136,4.47,2.76,1.71,200,1557,
oficina x245,resumen de video,19.138,5.73,4.7,1.04,200,13773,
oficina x245,estado del sistema,19.142,7.87,7.44,0.43,200,318,
oficina x245,panel en vivo,19.142,6.54,2.94,3.6,200,42,
oficina x245,panel en vivo,19.142,7.08,2.91,4.17,200,42,
oficina x245,eventos recientes,19.145,6.62,4.62,2.0,200,14691,
oficina x245,panel en vivo,19.15,2.68,1.74,0.95,200,42,
oficina x245,estado del sistema,19.151,2.79,2.48,0.32,200,318,
oficina x245,eventos recientes,19.157,10.24,8.22,2.03,200,14691,
oficina x245,panel en vivo,19.157,2.91,2.29,0.62,200,42,
oficina x245,panel en vivo,19.16,9.09,8.36,0.74,200,42,
oficina x245,panel en vivo,19.16,9.58,7.85,1.73,200,42,
oficina x245,resumen de video,19.161,7.74,7.63,0.11,200,13773,
oficina x245,panel en vivo,19.161,7.59,6.16,1.43,200,42,
oficina x245,panel en vivo,19.165,4.83,4.23,0.59,200,42,
oficina x245,panel en vivo,19.17,1.8,1.77,0.03,200,42,
oficina x245,panel en vivo,19.176,2.48,1.86,0.62,200,42,
oficina x245,eventos recientes,19.179,19.1,18.54,0.56,200,14691,
oficina x245,estado del sistema,19.179,29.22,27.49,1.72,200,318,
oficina x245,resumen de video,19.18,24.26,23.64,0.62,200,13773,
oficina x245,eventos recientes,19.183,22.95,22.44,0.51,200,14691,
oficina x245,resumen de video,19.186,33.1,32.4,0.7,200,13773,
oficina x245,panel en vivo,19.187,10.63,9.93,0.7,200,42,
oficina x245,resumen de video,19.187,31.39,29.99,1.4,200,13773,
oficina x245,eventos recientes,19.188,11.35,9.24,2.1,200,14691,
oficina x245,panel en vivo,19.189,19.8,18.46,1.35,200,42,
oficina x245,eventos recientes,19.189,20.33,18.36,1.97,200,14691,
oficina x245,resumen de video,19.191,22.91,22.58,0.34,200,13773,
oficina x245,panel en vivo,19.194,21.91,20.01,1.9,200,42,
oficina x245,panel en vivo,19.196,8.24,7.35,0.89,200,42,
oficina x245,panel en vivo,19.198,5.26,3.72,1.54,200,42,
oficina x245,panel en vivo,19.199,18.0,9.09,8.9,200,42,
oficina x245,resumen de video,19.199,20.36,19.83,0.52,200,13773,
oficina x245,estado del sistema,19.201,7.81,6.62,1.19,200,318,
oficina x245,eventos recientes,19.206,14.06,13.39,0.67,200,14691,
oficina x245,panel en vivo,19.206,10.92,9.36,1.55,200,42,
oficina x245,panel en vivo,19.207,15.63,14.6,1.03,200,42,
oficina x245,panel en vivo,19.211,6.02,5.85,0.17,200,42,
oficina x245,panel en vivo,19.214,9.97,9.42,0.55,200,42,
oficina x245,resumen de video,19.214,8.27,5.93,2.34,200,13773,
oficina x245,eventos recientes,19.215,11.79,10.92,0.87,200,14691,
oficina x245,eventos recientes,19.217,11.46,10.92,0.53,200,14691,
oficina x245,resumen de video,19.218,10.56,8.68,1.88,200,13773,
oficina x245,eventos recientes,19.219,10.42,9.16,1.26,200,14691,
oficina x245,panel en vivo,19.22,8.03,6.71,1.32,200,42,
oficina x245,estado del sistema,19.224,5.56,4.71,0.85,200,318,
oficina x245,resumen de video,19.226,5.65,4.38,1.28,200,13773,
oficina x245,eventos recientes,19.23,3.96,3.25,0.71,200,14691,
oficina x245,resumen de video,19.231,6.49,5.54,0.95,200,13773,
oficina x245,panel en vivo,19.232,6.03,4.96,1.07,200,42,
oficina x245,estado del sistema,19.232,8.01,6.22,1.79,200,318,
oficina x245,panel en vivo,19.232,8.31,5.84,2.47,200,42,
oficina x245,resumen de video,19.236,4.12,3.68,0.44,200,13773,
oficina x245,buscar contacto,19.239,9.3,8.7,0.6,200,561,
oficina x245,eventos recientes,19.24,5.14,4.04,1.1,200,14691,
oficina x245,panel en vivo,19.24,9.17,8.74,0.43,200,42,
oficina x245,eventos recientes,19.241,5.24,4.72,0.52,200,14691,
oficina x245,panel en vivo,19.242,9.37,2.92,6.45,200,42,
oficina x245,panel en vivo,19.243,4.39,3.78,0.61,200,42,
oficina x245,eventos recientes,19.246,2.95,2.71,0.24,200,14691,
oficina x245,panel en vivo,19.25,2.27,2.23,0.04,200,42,
oficina x245,panel en vivo,19.256,2.7,1.96,0.74,200,42,
oficina x245,eventos recientes,19.263,11.32,9.25,2.08,200,14691,
oficina x245,resumen de video,19.263,9.5,8.63,0.87,200,13773,
oficina x245,eventos recientes,19.264,15.77,12.37,3.4,200,14691,
oficina x245,resumen de video,19.265,9.12,8.26,0.86,200,13773,
oficina x245,panel en vivo,19.266,8.26,7.75,0.51,200,42,
oficina x245,panel en vivo,19.269,11.7,11.6,0.09,200,42,
oficina x245,panel en vivo,19.275,2.32,1.9,0.41,200,42,
oficina x245,eventos recientes,19.279,5.27,5.0,0.26,200,14691,
oficina x245,panel en vivo,19.282,8.35,7.36,0.98,200,42,
oficina x245,resumen de video,19.283,4.91,4.29,0.62,200,13773,
oficina x245,eventos recientes,19.284,6.49,5.58,0.91,200,14691,
oficina x245,estado del sistema,19.284,5.64,4.61,1.03,200,318,
oficina x245,resumen de video,19.285,5.48,4.41,1.07,200,13773,
oficina x245,eventos recientes,19.294,2.9,2.56,0.34,200,14691,
oficina x245,eventos recientes,19.296,3.22,2.34,0.88,200,14691,
oficina x245,estado del sistema,19.3,2.4,2.01,0.4,200,318,
oficina x245,resumen de video,19.308,4.91,4.17,0.74,200,13773,
oficina x245,eventos recientes,19.311,5.9,4.63,1.26,200,14691,
oficina x245,panel en vivo,19.312,11.59,9.58,2.01,200,42,
oficina x245,panel en vivo,19.313,10.61,8.74,1.87,200,42,
oficina x245,eventos recientes,19.313,4.6,3.55,1.05,200,14691,
oficina x245,eventos recientes,19.313,4.15,3.89,0.26,200,14691,
oficina x245,panel en vivo,19.315,10.75,8.82,1.93,200,42,
oficina x245,resumen de video,19.322,4.71,4.11,0.61,200,13773,
oficina x245,panel en vivo,19.324,4.05,3.59,0.46,200,42,
oficina x245,eventos recientes,19.324,4.4,2.69,1.71,200,14691,
oficina x245,resumen de video,19.331,20.81,20.11,0.7,200,13773,
oficina x245,eventos recientes,19.334,12.3,11.33,0.97,200,14691,
oficina x245,panel en vivo,19.335,11.38,11.22,0.16,200,42,
oficina x245,resumen de video,19.335,10.98,9.61,1.37,200,13773,
oficina x245,resumen de video,19.335,9.62,8.8,0.82,200,13773,
oficina x245,panel en vivo,19.337,17.44,16.94,0.49,200,42,
oficina x245,eventos recientes,19.338,15.83,15.21,0.62,200,14691,
oficina x245,eventos recientes,19.339,17.6,16.95,0.65,200,14691,
oficina x245,panel en vivo,19.339,15.03,14.77,0.27,200,42,
oficina x245,panel en vivo,19.34,15.61,12.06,3.55,200,42,
oficina x245,panel en vivo,19.34,24.27,23.42,0.85,200,42,
oficina x245,resumen de video,19.34,22.11,20.98,1.14,200,13773,
oficina x245,estado del sistema,19.342,5.63,2.92,2.71,200,318,
oficina x245,resumen de video,19.345,4.82,3.9,0.92,200,13773,
oficina x245,resumen de video,19.346,14.74,7.83,6.91,200,13773,
oficina x245,eventos recientes,19.347,17.63,8.08,9.54,200,14691,
oficina x245,estado del sistema,19.347,15.63,15.13,0.49,200,318,
oficina x245,panel en vivo,19.352,5.83,4.83,1.0,200,42,
oficina x245,panel en vivo,19.358,4.33,3.65,0.68,200,42,
oficina x245,panel en vivo,19.361,3.42,2.16,1.26,200,42,
oficina x245,resumen de video,19.362,9.35,8.29,1.07,200,13773,
oficina x245,estado del sistema,19.362,9.95,8.53,1.42,200,318,
oficina x245,panel en vivo,19.365,6.33,5.69,0.64,200,42,
oficina x245,panel en vivo,19.37,2.8,2.39,0.41,200,42,
oficina x245,estado del sistema,19.376,2.92,2.08,0.84,200,318,
oficina x245,panel en vivo,19.376,2.76,2.47,0.29,200,42,
oficina x245,resumen de video,19.378,4.22,3.32,0.9,200,13773,
oficina x245,panel en vivo,19.384,2.34,1.8,0.54,200,42,
oficina x245,panel en vivo,19.386,5.91,5.27,0.65,200,42,
oficina x245,eventos recientes,19.387,3.26,3.23,0.03,200,14691,
oficina x245,resumen de video,19.387,5.6,5.15,0.45,200,13773,
oficina x245,eventos recientes,19.389,4.06,3.19,0.87,200,14691,
oficina x245,panel en vivo,19.39,3.09,2.87,0.22,200,42,
oficina x245,panel en vivo,19.393,1.78,1.68,0.1,200,42,
oficina x245,eventos recientes,19.394,4.33,2.69,1.64,200,14691,
oficina x245,eventos recientes,19.394,4.84,3.98,0.86,200,14691,
oficina x245,estado del sistema,19.397,3.22,2.82,0.4,200,318,
oficina x245,eventos recientes,19.399,2.45,2.22,0.23,200,14691,
oficina x245,eventos recientes,19.4,3.89,2.87,1.02,200,14691,
oficina x245,panel en vivo,19.403,3.0,2.25,0.75,200,42,
oficina x245,panel en vivo,19.405,3.93,3.24,0.7,200,42,
oficina x245,panel en vivo,19.405,2.79,2.33,0.46,200,42,
oficina x245,panel en vivo,19.406,7.38,5.94,1.44,200,42,
oficina x245,panel en vivo,19.407,6.59,5.22,1.37,200,42,
oficina x245,buscar contacto,19.412,6.77,3.06,3.72,200,489,
oficina x245,estado del sistema,19.415,4.62,3.88,0.74,200,318,
oficina x245,eventos recientes,19.416,3.07,2.32,0.75,200,14691,
oficina x245,panel en vivo,19.416,4.5,2.75,1.75,200,42,
oficina x245,eventos recientes,19.42,2.85,2.2,0.65,200,14691,
oficina x245,panel en vivo,19.429,2.67,2.04,0.63,200,42,
oficina x245,panel en vivo,19.43,9.02,8.54,0.48,200,42,
oficina x245,resumen de video,19.432,7.49,7.02,0.48,200,13773,
oficina x245,panel en vivo,19.436,3.61,3.38,0.23,200,42,
oficina x245,eventos recientes,19.442,3.44,2.98,0.46,200,14691,
oficina x245,resumen de video,19.443,4.23,3.87,0.35,200,13773,
oficina x245,panel en vivo,19.444,7.4,6.36,1.04,200,42,
oficina x245,panel en vivo,19.444,7.89,6.55,1.35,200,42,
oficina x245,eventos recientes,19.445,11.14,9.53,1.6,200,14691,
oficina x245,eventos recientes,19.447,2.84,2.35,0.49,200,14691,
oficina x245,resumen de video,19.447,8.48,8.07,0.4,200,13773,
oficina x245,resumen de video,19.452,5.2,3.33,1.87,200,13773,
oficina x245,panel en vivo,19.457,5.29,4.74,0.55,200,42,
oficina x245,resumen de video,19.457,5.85,4.9,0.95,200,13773,
oficina x245,resumen de video,19.459,11.1,10.88,0.23,200,13773,
oficina x245,estado del sistema,19.464,4.25,3.86,0.39,200,318,
oficina x245,eventos recientes,19.464,13.51,9.28,4.23,200,14691,
oficina x245,eventos recientes,19.464,3.87,3.22,0.65,200,14691,
oficina x245,eventos recientes,19.465,12.43,7.65,4.78,200,14691,
oficina x245,eventos recientes,19.482,3.55,2.6,0.95,200,14691,
oficina x245,panel en vivo,19.486,2.36,1.97,0.39,200,42,
oficina x245,estado del sistema,19.486,3.35,2.39,0.96,200,318,
oficina x245,estado del sistema,19.493,7.72,5.56,2.16,200,318,
oficina x245,panel en vivo,19.493,4.34,3.56,0.77,200,42,
oficina x245,resumen de video,19.499,6.79,5.04,1.75,200,13773,
oficina x245,panel en vivo,19.501,6.35,6.3,0.05,200,42,
oficina x245,estado del sistema,19.503,6.15,5.35,0.8,200,318,
oficina x245,panel en vivo,19.503,5.15,4.2,0.94,200,42,
oficina x245,eventos recientes,19.503,4.48,3.71,0.77,200,14691,
oficina x245,eventos recientes,19.516,5.06,3.23,1.83,200,14691,
oficina x245,eventos recientes,19.516,4.21,3.32,0.89,200,14691,
oficina x245,resumen de video,19.528,7.06,6.73,0.33,200,13773,
oficina x245,panel en vivo,19.529,7.77,5.66,2.11,200,42,
oficina x245,eventos recientes,19.53,7.32,5.98,1.33,200,14691,
oficina x245,estado del sistema,19.532,8.09,5.55,2.54,200,318,
oficina x245,panel en vivo,19.533,15.2,13.8,1.4,200,42,
oficina x245,eventos recientes,19.535,10.62,9.49,1.14,200,14691,
oficina x245,panel en vivo,19.537,12.49,11.41,1.08,200,42,
oficina x245,eventos recientes,19.539,15.11,9.54,5.57,200,14691,
oficina x245,eventos recientes,19.539,15.1,9.31,5.79,200,14691,
oficina x245,panel en vivo,19.541,13.57,9.12,4.45,200,42,
oficina x245,panel en vivo,19.546,5.6,2.64,2.96,200,42,
oficina x245,eventos recientes,19.547,3.23,2.48,0.75,200,14691,
oficina x245,resumen de video,19.55,3.78,3.3,0.48,200,13773,
oficina x245,estado del sistema,19.554,2.97,2.05,0.91,200,318,
oficina x245,panel en vivo,19.564,5.13,3.97,1.16,200,42,
oficina x245,panel en vivo,19.565,2.17,1.91,0.26,200,42,
oficina x245,estado del sistema,19.566,3.11,1.94,1.17,200,318,
oficina x245,eventos recientes,19.569,4.96,2.27,2.69,200,14691,
oficina x245,resumen de video,19.572,8.41,4.24,4.16,200,13773,
oficina x245,estado del sistema,19.572,5.48,4.82,0.65,200,318,
oficina x245,resumen de video,19.577,31.97,25.55,6.42,200,13773,
oficina x245,panel en vivo,19.578,40.41,34.07,6.34,200,42,
oficina x245,resumen de video,19.579,41.12,32.22,8.9,200,13773,
oficina x245,resumen de video,19.58,13.46,12.77,0.69,200,13773,
oficina x245,panel en vivo,19.58,10.5,9.28,1.21,200,42,
oficina x245,resumen de video,19.582,8.64,6.55,2.09,200,13773,
oficina x245,eventos recientes,19.582,60.74,50.59,10.14,200,14691,
oficina x245,panel en vivo,19.584,6.86,6.58,0.29,200,42,
oficina x245,eventos recientes,19.586,26.15,16.89,9.26,200,14691,
oficina x245,abrir ficha,19.586,6.74,4.27,2.47,200,1045,
oficina x245,estado del sistema,19.586,6.02,4.95,1.07,200,318,
oficina x245,estado del sistema,19.589,41.29,35.18,6.11,200,318,
oficina x245,eventos recientes,19.592,5.22,4.28,0.94,200,14691,
oficina x245,estado del sistema,19.594,37.19,35.46,1.72,200,318,
oficina x245,panel en vivo,19.595,3.17,2.28,0.89,200,42,
oficina x245,panel en vivo,19.595,19.39,15.86,3.53,200,42,
oficina x245,resumen de video,19.595,33.85,26.67,7.19,200,13773,
oficina x245,eventos recientes,19.597,3.63,2.78,0.84,200,14691,
oficina x245,resumen de video,19.598,11.68,11.05,0.63,200,13773,
oficina x245,estado del sistema,19.6,10.16,8.48,1.68,200,318,
oficina x245,panel en vivo,19.601,2.8,2.59,0.21,200,42,
oficina x245,resumen de video,19.61,19.2,17.0,2.2,200,13773,
oficina x245,eventos recientes,19.616,5.37,4.86,0.51,200,14691,
oficina x245,panel en vivo,19.618,18.46,15.72,2.74,200,42,
oficina x245,panel en vivo,19.623,5.8,4.12,1.68,200,42,
oficina x245,eventos recientes,19.623,3.22,2.8,0.42,200,14691,
oficina x245,panel en vivo,19.625,17.77,13.12,4.64,200,42,
oficina x245,eventos recientes,19.625,7.94,7.83,0.12,200,14691,
oficina x245,resumen de video,19.628,13.6,13.48,0.13,200,13773,
oficina x245,panel en vivo,19.633,9.04,8.76,0.28,200,42,
oficina x245,panel en vivo,19.633,8.08,7.41,0.67,200,42,
oficina x245,panel en vivo,19.636,5.9,4.87,1.03,200,42,
oficina x245,eventos recientes,19.641,4.33,2.88,1.45,200,14691,
oficina x245,panel en vivo,19.645,3.15,2.49,0.66,200,42,
oficina x245,panel en vivo,19.646,2.6,2.5,0.1,200,42,
oficina x245,panel en vivo,19.651,11.29,6.35,4.95,200,42,
oficina x245,eventos recientes,19.655,9.01,7.98,1.03,200,14691,
oficina x245,eventos recientes,19.656,7.56,6.84,0.72,200,14691,
oficina x245,panel en vivo,19.658,6.45,5.94,0.52,200,42,
oficina x245,panel en vivo,19.66,4.15,2.27,1.88,200,42,
oficina x245,eventos recientes,19.667,2.95,2.61,0.34,200,14691,
oficina x245,panel en vivo,19.669,6.63,3.39,3.24,200,42,
oficina x245,resumen de video,19.671,5.43,4.83,0.61,200,13773,
oficina x245,panel en vivo,19.673,4.86,4.11,0.75,200,42,
oficina x245,eventos recientes,19.677,4.55,2.87,1.68,200,14691,
oficina x245,eventos recientes,19.678,4.71,4.06,0.65,200,14691,
oficina x245,eventos recientes,19.679,3.47,2.61,0.86,200,14691,
oficina x245,eventos recientes,19.685,11.88,11.03,0.85,200,14691,
oficina x245,eventos recientes,19.685,8.93,8.5,0.43,200,14691,
oficina x245,eventos recientes,19.686,8.75,8.35,0.4,200,14691,
oficina x245,panel en vivo,19.693,7.74,6.53,1.21,200,42,
oficina x245,resumen de video,19.694,8.65,7.77,0.88,200,13773,
oficina x245,panel en vivo,19.695,4.22,2.88,1.33,200,42,
oficina x245,estado del sistema,19.696,3.83,2.77,1.06,200,318,
oficina x245,resumen de video,19.696,8.69,4.68,4.01,200,13773,
oficina x245,panel en vivo,19.703,4.01,2.9,1.11,200,42,
oficina x245,eventos recientes,19.704,3.18,2.37,0.8,200,14691,
oficina x245,panel en vivo,19.705,7.1,5.48,1.61,200,42,
oficina x245,panel en vivo,19.706,6.45,4.57,1.88,200,42,
oficina x245,eventos recientes,19.708,3.17,2.9,0.27,200,14691,
oficina x245,panel en vivo,19.709,3.01,2.02,0.99,200,42,
oficina x245,panel en vivo,19.712,2.02,1.75,0.27,200,42,
oficina x245,panel en vivo,19.715,2.4,1.78,0.61,200,42,
oficina x245,resumen de video,19.718,4.25,3.38,0.87,200,13773,
oficina x245,resumen de video,19.72,6.46,5.36,1.1,200,13773,
oficina x245,estado del sistema,19.721,4.21,3.04,1.17,200,318,
oficina x245,eventos recientes,19.727,5.67,4.48,1.2,200,14691,
oficina x245,panel en vivo,19.73,12.19,11.45,0.74,200,42,
oficina x245,resumen de video,19.73,12.26,11.55,0.71,200,13773,
oficina x245,panel en vivo,19.731,10.82,10.29,0.52,200,42,
oficina x245,panel en vivo,19.731,10.07,9.12,0.95,200,42,
oficina x245,estado del sistema,19.732,10.2,9.66,0.55,200,318,
oficina x245,resumen de video,19.734,31.48,31.05,0.43,200,13773,
oficina x245,panel en vivo,19.735,21.07,14.3,6.77,200,42,
oficina x245,panel en vivo,19.74,34.14,29.57,4.57,200,42,
oficina x245,eventos recientes,19.741,3.79,3.36,0.42,200,14691,
oficina x245,estado del sistema,19.745,36.53,28.89,7.64,200,318,
oficina x245,panel en vivo,19.75,6.09,5.93,0.16,200,42,
oficina x245,resumen de video,19.754,17.76,15.59,2.17,200,13773,
oficina x245,panel en vivo,19.754,4.59,3.26,1.33,200,42,
oficina x245,eventos recientes,19.756,3.95,3.64,0.31,200,14691,
oficina x245,panel en vivo,19.758,6.04,5.11,0.93,200,42,
oficina x245,panel en vivo,19.761,21.74,13.29,8.45,200,42,
oficina x245,panel en vivo,19.764,22.3,13.28,9.03,200,42,
oficina x245,resumen de video,19.765,32.08,27.21,4.88,200,13773,
oficina x245,eventos recientes,19.766,4.03,2.91,1.12,200,14691,
oficina x245,estado del sistema,19.769,18.48,12.58,5.91,200,318,
oficina x245,eventos recientes,19.769,14.49,7.03,7.46,200,14691,
oficina x245,panel en vivo,19.78,20.91,16.47,4.44,200,42,
oficina x245,panel en vivo,19.783,11.76,11.15,0.61,200,42,
oficina x245,resumen de video,19.784,13.56,12.79,0.77,200,13773,
oficina x245,resumen de video,19.785,16.44,14.54,1.91,200,13773,
oficina x245,panel en vivo,19.787,11.46,11.26,0.2,200,42,
oficina x245,panel en vivo,19.788,12.77,12.53,0.23,200,42,
oficina x245,resumen de video,19.79,11.97,11.12,0.86,200,13773,
oficina x245,eventos recientes,19.795,7.55,6.42,1.13,200,14691,
oficina x245,panel en vivo,19.796,6.93,5.15,1.77,200,42,
oficina x245,resumen de video,19.797,11.84,9.2,2.64,200,13773,
oficina x245,eventos recientes,19.803,5.98,5.42,0.57,200,14691,
oficina x245,buscar contacto,19.803,7.75,5.23,2.52,200,233,
oficina x245,eventos recientes,19.805,3.4,3.19,0.2,200,14691,
oficina x245,estado del sistema,19.809,3.54,2.78,0.76,200,318,
oficina x245,resumen de video,19.811,5.45,4.75,0.7,200,13773,
oficina x245,resumen de video,19.813,6.28,4.9,1.38,200,13773,
oficina x245,panel en vivo,19.814,5.27,5.01,0.26,200,42,
oficina x245,panel en vivo,19.816,2.89,2.51,0.39,200,42,
oficina x245,panel en vivo,19.817,4.43,2.24,2.19,200,42,
oficina x245,resumen de video,19.82,6.85,6.24,0.61,200,13773,
oficina x245,panel en vivo,19.831,6.99,6.1,0.89,200,42,
oficina x245,eventos recientes,19.834,4.02,3.73,0.28,200,14691,
oficina x245,resumen de video,19.837,13.45,10.43,3.02,200,13773,
oficina x245,resumen de video,19.841,11.3,11.06,0.23,200,13773,
oficina x245,panel en vivo,19.841,7.73,6.68,1.05,200,42,
oficina x245,panel en vivo,19.841,8.62,7.83,0.79,200,42,
oficina x245,estado del sistema,19.843,9.73,7.96,1.77,200,318,
oficina x245,panel en vivo,19.845,7.51,6.25,1.26,200,42,
oficina x245,resumen de video,19.85,11.23,10.97,0.25,200,13773,
oficina x245,resumen de video,19.851,10.41,8.99,1.42,200,13773,
oficina x245,eventos recientes,19.851,10.47,8.93,1.54,200,14691,
oficina x245,buscar contacto,19.853,4.41,3.92,0.49,200,1630,
oficina x245,panel en vivo,19.863,3.14,2.66,0.48,200,42,
oficina x245,panel en vivo,19.863,3.11,2.48,0.63,200,42,
oficina x245,eventos recientes,19.867,5.86,5.13,0.74,200,14691,
oficina x245,panel en vivo,19.868,8.36,6.87,1.49,200,42,
oficina x245,panel en vivo,19.869,7.27,6.69,0.58,200,42,
oficina x245,eventos recientes,19.87,19.87,18.57,1.3,200,14691,
oficina x245,resumen de video,19.87,12.38,10.14,2.24,200,13773,
oficina x245,resumen de video,19.874,22.87,21.36,1.51,200,13773,
oficina x245,resumen de video,19.874,22.22,19.95,2.27,200,13773,
oficina x245,panel en vivo,19.879,15.23,14.21,1.01,200,42,
oficina x245,panel en vivo,19.88,13.27,12.84,0.42,200,42,
oficina x245,eventos recientes,19.882,14.78,13.05,1.74,200,14691,
oficina x245,panel en vivo,19.884,10.88,6.63,4.24,200,42,
oficina x245,eventos recientes,19.885,13.21,9.3,3.91,200,14691,
oficina x245,panel en vivo,19.898,3.07,2.07,1.0,200,42,
oficina x245,eventos recientes,19.898,9.49,8.37,1.12,200,14691,
oficina x245,estado del sistema,19.899,6.69,5.65,1.04,200,318,
oficina x245,eventos recientes,19.903,8.07,7.88,0.19,200,14691,
oficina x245,eventos recientes,19.904,7.45,6.63,0.82,200,14691,
oficina x245,panel en vivo,19.906,7.66,6.8,0.86,200,42,
oficina x245,eventos recientes,19.907,7.59,6.95,0.64,200,14691,
oficina x245,resumen de video,19.908,9.13,8.99,0.13,200,13773,
oficina x245,resumen de video,19.916,7.48,6.52,0.96,200,13773,
oficina x245,panel en vivo,19.918,3.47,3.38,0.09,200,42,
oficina x245,eventos recientes,19.918,6.97,6.43,0.55,200,14691,
oficina x245,panel en vivo,19.924,13.62,12.13,1.49,200,42,
oficina x245,panel en vivo,19.926,14.3,13.71,0.59,200,42,
oficina x245,resumen de video,19.927,10.96,10.19,0.78,200,13773,
oficina x245,eventos recientes,19.929,6.8,5.05,1.75,200,14691,
oficina x245,estado del sistema,19.932,10.52,6.66,3.86,200,318,
oficina x245,resumen de video,19.935,9.11,7.95,1.16,200,13773,
oficina x245,eventos recientes,19.941,8.76,8.08,0.68,200,14691,
oficina x245,eventos recientes,19.941,10.8,9.21,1.59,200,14691,
oficina x245,panel en vivo,19.942,6.47,6.35,0.13,200,42,
oficina x245,panel en vivo,19.945,2.81,2.25,0.56,200,42,
oficina x245,panel en vivo,19.948,5.17,2.77,2.4,200,42,
oficina x245,resumen de video,19.949,7.98,7.59,0.39,200,13773,
oficina x245,eventos recientes,19.95,5.84,3.82,2.02,200,14691,
oficina x245,panel en vivo,19.953,3.17,2.74,0.43,200,42,
oficina x245,eventos recientes,19.954,6.1,5.13,0.97,200,14691,
oficina x245,panel en vivo,19.956,3.13,1.8,1.33,200,42,
oficina x245,panel en vivo,19.958,3.77,3.67,0.09,200,42,
oficina x245,resumen de video,19.958,5.72,3.84,1.88,200,13773,
oficina x245,eventos recientes,19.959,5.8,5.56,0.24,200,14691,
oficina x245,estado del sistema,19.964,2.98,2.02,0.96,200,318,
oficina x245,estado del sistema,19.965,6.0,3.2,2.8,200,318,
oficina x245,eventos recientes,19.965,3.95,2.65,1.3,200,14691,
oficina x245,panel en vivo,19.968,3.11,1.83,1.28,200,42,
oficina x245,eventos recientes,19.976,3.82,3.4,0.42,200,14691,
oficina x245,panel en vivo,19.977,2.66,1.82,0.84,200,42,
oficina x245,resumen de video,19.981,10.14,7.13,3.01,200,13773,
oficina x245,panel en vivo,19.982,2.9,1.83,1.07,200,42,
oficina x245,panel en vivo,19.985,3.67,2.68,0.98,200,42,
oficina x245,eventos recientes,19.988,2.52,2.36,0.16,200,14691,
oficina x245,eventos recientes,19.999,2.99,2.5,0.48,200,14691,
oficina x245,panel en vivo,20.001,3.73,3.23,0.5,200,42,
oficina x245,panel en vivo,20.006,2.95,1.84,1.11,200,42,
oficina x245,panel en vivo,20.015,5.39,4.07,1.32,200,42,
oficina x245,panel en vivo,20.016,2.69,2.48,0.21,200,42,
oficina x245,estado del sistema,20.017,7.19,6.57,0.62,200,318,
oficina x245,estado del sistema,20.02,12.93,9.82,3.1,200,318,
oficina x245,eventos recientes,20.02,12.05,9.28,2.78,200,14691,
oficina x245,eventos recientes,20.021,9.75,5.17,4.57,200,14691,
oficina x245,panel en vivo,20.022,10.16,8.38,1.79,200,42,
oficina x245,eventos recientes,20.029,9.32,2.46,6.86,200,14691,
oficina x245,panel en vivo,20.039,2.14,1.95,0.2,200,42,
oficina x245,eventos recientes,20.042,3.07,2.29,0.77,200,14691,
oficina x245,panel en vivo,20.045,2.81,1.84,0.97,200,42,
oficina x245,resumen de video,20.05,6.03,5.5,0.53,200,13773,
oficina x245,panel en vivo,20.051,4.49,3.46,1.03,200,42,
oficina x245,eventos recientes,20.057,7.91,6.27,1.64,200,14691,
oficina x245,resumen de video,20.057,6.54,3.47,3.07,200,13773,
oficina x245,resumen de video,20.07,4.24,3.52,0.72,200,13773,
oficina x245,estado del sistema,20.072,3.54,2.1,1.44,200,318,
oficina x245,eventos recientes,20.076,5.12,3.23,1.89,200,14691,
oficina x245,eventos recientes,20.078,4.89,3.0,1.89,200,14691,
oficina x245,panel en vivo,20.088,2.23,1.88,0.35,200,42,
oficina x245,resumen de video,20.092,7.54,6.85,0.69,200,13773,
oficina x245,panel en vivo,20.092,8.98,8.31,0.67,200,42,
oficina x245,resumen de video,20.093,7.4,6.74,0.66,200,13773,
oficina x245,resumen de video,20.1,10.36,6.33,4.03,200,13773,
oficina x245,eventos recientes,20.104,4.98,4.28,0.7,200,14691,
oficina x245,resumen de video,20.109,4.62,3.93,0.69,200,13773,
oficina x245,panel en vivo,20.115,2.38,2.09,0.29,200,42,
oficina x245,panel en vivo,20.12,3.5,3.29,0.22,200,42,
oficina x245,panel en vivo,20.12,4.11,3.38,0.73,200,42,
oficina x245,eventos recientes,20.127,5.23,4.19,1.04,200,14691,
oficina x245,panel en vivo,20.128,4.38,3.25,1.13,200,42,
oficina x245,estado del sistema,20.128,12.11,10.25,1.86,200,318,
oficina x245,panel en vivo,20.133,4.57,3.56,1.01,200,42,
