escenario,operacion,t_rel_s,latencia_ms,servicio_ms,espera_cola_ms,estado,bytes,error
sostenido 15rps,resumen,0.067,65.24,60.15,5.09,200,229,
sostenido 15rps,resumen,0.077,56.85,55.83,1.02,200,229,
sostenido 15rps,resumen,0.376,68.93,68.23,0.7,200,229,
sostenido 15rps,listar libreta,0.41,34.34,33.44,0.9,200,64478,
sostenido 15rps,buscar por texto,0.414,85.53,85.02,0.51,200,32111,
sostenido 15rps,buscar por texto,0.42,84.47,83.74,0.73,200,32113,
sostenido 15rps,filtrar,0.446,82.65,81.7,0.95,200,32239,
sostenido 15rps,buscar por texto,0.447,85.1,84.97,0.13,200,32310,
sostenido 15rps,listar libreta,0.522,29.76,27.89,1.87,200,64659,
sostenido 15rps,abrir ficha,0.745,16.42,15.16,1.26,200,1275,
sostenido 15rps,etiquetas,0.747,19.89,19.07,0.81,200,237,
sostenido 15rps,resumen,0.798,62.05,61.27,0.78,200,229,
sostenido 15rps,buscar por texto,0.824,46.27,45.92,0.35,200,32181,
sostenido 15rps,etiquetas,0.831,23.32,22.92,0.4,200,237,
sostenido 15rps,abrir ficha,0.832,14.54,14.32,0.22,200,1293,
sostenido 15rps,etiquetas,0.852,23.7,22.95,0.75,200,237,
sostenido 15rps,listar libreta,0.938,30.54,29.39,1.15,200,64618,
sostenido 15rps,resumen,0.958,66.06,63.97,2.08,200,229,
sostenido 15rps,listar libreta,1.034,25.2,24.77,0.43,200,64650,
sostenido 15rps,resumen,1.09,66.26,65.73,0.54,200,229,
sostenido 15rps,buscar por texto,1.107,68.84,68.07,0.76,200,32331,
sostenido 15rps,resumen,1.113,64.38,63.32,1.07,200,229,
sostenido 15rps,listar libreta,1.127,48.54,48.12,0.42,200,64650,
sostenido 15rps,resumen,1.264,63.77,61.98,1.79,200,229,
sostenido 15rps,buscar por texto,1.28,33.12,32.5,0.63,200,32059,
sostenido 15rps,resumen,1.532,61.9,60.13,1.77,200,229,
sostenido 15rps,etiquetas,1.575,17.15,16.84,0.3,200,237,
sostenido 15rps,resumen,1.629,59.5,58.78,0.72,200,229,
sostenido 15rps,filtrar,1.632,29.21,28.88,0.33,200,32239,
sostenido 15rps,abrir ficha,1.689,9.94,8.86,1.08,200,1294,
sostenido 15rps,listar libreta,1.798,26.26,25.83,0.43,200,64650,
sostenido 15rps,abrir ficha,1.859,13.88,13.14,0.75,200,1298,
sostenido 15rps,resumen,1.865,61.41,61.17,0.24,200,229,
sostenido 15rps,resumen,1.962,58.37,57.27,1.1,200,229,
sostenido 15rps,listar libreta,2.013,26.83,26.08,0.75,200,64478,
sostenido 15rps,buscar por texto,2.043,32.47,32.14,0.33,200,32111,
sostenido 15rps,abrir ficha,2.078,9.33,8.68,0.65,200,1297,
sostenido 15rps,listar libreta,2.133,82.86,81.94,0.92,200,64650,
sostenido 15rps,abrir ficha,2.322,15.85,15.12,0.73,200,1279,
sostenido 15rps,etiquetas,2.328,18.46,17.91,0.56,200,237,
sostenido 15rps,etiquetas,2.335,15.71,14.9,0.81,200,237,
sostenido 15rps,listar libreta,2.349,22.56,22.08,0.48,200,64478,
sostenido 15rps,resumen,2.428,62.09,60.9,1.19,200,229,
sostenido 15rps,resumen,2.451,57.68,56.53,1.15,200,229,
sostenido 15rps,filtrar,2.58,25.94,24.6,1.34,200,31887,
sostenido 15rps,buscar por texto,2.621,32.65,32.02,0.63,200,32105,
sostenido 15rps,buscar por texto,2.701,32.75,32.46,0.29,200,32113,
sostenido 15rps,resumen,2.741,83.52,82.86,0.66,200,229,
sostenido 15rps,resumen,2.742,82.57,82.34,0.23,200,229,
sostenido 15rps,historial de la ficha,2.777,59.25,58.72,0.53,200,7327,
sostenido 15rps,resumen,2.802,82.34,61.1,21.24,200,229,
sostenido 15rps,listar libreta,2.921,31.47,30.32,1.15,200,64618,
sostenido 15rps,filtrar,2.939,26.95,26.62,0.34,200,32448,
sostenido 15rps,buscar por texto,2.942,38.95,37.99,0.96,200,32059,
sostenido 15rps,abrir ficha,2.975,12.95,11.75,1.2,200,1266,
sostenido 15rps,filtrar,3.027,26.15,25.96,0.19,200,32452,
sostenido 15rps,resumen,3.095,61.29,60.55,0.74,200,229,
sostenido 15rps,listar libreta,3.218,29.48,28.55,0.93,200,64478,
sostenido 15rps,buscar por texto,3.227,33.42,32.93,0.49,200,31997,
sostenido 15rps,abrir ficha,3.307,11.3,10.34,0.95,200,1290,
sostenido 15rps,buscar por texto,3.322,31.96,31.38,0.58,200,32098,
sostenido 15rps,abrir ficha,3.368,10.75,10.1,0.66,200,1266,
sostenido 15rps,filtrar,3.425,25.75,24.65,1.11,200,32264,
sostenido 15rps,abrir ficha,3.458,10.76,9.86,0.9,200,1266,
sostenido 15rps,buscar por texto,3.648,38.74,38.14,0.6,200,32181,
sostenido 15rps,resumen,3.677,61.25,60.67,0.58,200,229,
sostenido 15rps,buscar por texto,3.785,34.23,33.19,1.05,200,31997,
sostenido 15rps,abrir ficha,3.869,9.93,9.52,0.41,200,1276,
sostenido 15rps,buscar por texto,3.877,31.91,31.13,0.78,200,32105,
sostenido 15rps,buscar por texto,3.926,30.79,29.18,1.61,200,32139,
sostenido 15rps,listar libreta,3.971,32.36,31.55,0.81,200,64650,
sostenido 15rps,abrir ficha,3.977,14.82,13.74,1.08,200,1280,
sostenido 15rps,duplicados,4.066,3745.13,3744.67,0.45,200,1482549,
sostenido 15rps,filtrar,4.11,30.7,29.51,1.19,200,32264,
sostenido 15rps,resumen,4.154,61.07,60.51,0.57,200,229,
sostenido 15rps,listar libreta,4.163,45.11,44.44,0.67,200,64478,
sostenido 15rps,buscar por texto,4.183,131.81,131.57,0.24,200,32113,
sostenido 15rps,buscar por texto,4.495,306.28,305.82,0.46,200,32231,
sostenido 15rps,etiquetas,4.515,243.16,242.36,0.8,200,237,
sostenido 15rps,resumen,4.538,275.33,275.09,0.23,200,229,
sostenido 15rps,abrir ficha,4.617,159.89,159.58,0.31,200,1278,
sostenido 15rps,listar libreta,4.833,74.64,73.71,0.92,200,64618,
sostenido 15rps,resumen,4.88,224.8,224.19,0.61,200,229,
sostenido 15rps,resumen,4.887,219.69,219.05,0.64,200,229,
sostenido 15rps,historial de la ficha,5.015,110.77,109.97,0.8,200,3530,
sostenido 15rps,resumen,5.045,100.46,100.0,0.46,200,229,
sostenido 15rps,resumen,5.051,142.08,141.57,0.52,200,229,
sostenido 15rps,historial de la ficha,5.09,45.79,44.85,0.93,200,8016,
sostenido 15rps,filtrar,5.108,57.58,57.03,0.55,200,32264,
sostenido 15rps,listar libreta,5.147,71.83,70.74,1.09,200,64659,
sostenido 15rps,resumen,5.174,253.38,251.88,1.5,200,229,
sostenido 15rps,resumen,5.262,254.49,254.16,0.34,200,229,
sostenido 15rps,listar libreta,5.271,372.19,371.42,0.78,200,64478,
sostenido 15rps,listar libreta,5.281,379.8,377.97,1.83,200,64659,
sostenido 15rps,listar libreta,5.31,357.69,357.09,0.6,200,64618,
sostenido 15rps,listar libreta,5.349,256.25,255.8,0.44,200,64659,
sostenido 15rps,abrir ficha,5.458,64.79,63.65,1.15,200,1259,
sostenido 15rps,etiquetas,5.46,41.92,41.04,0.88,200,237,
sostenido 15rps,resumen,5.626,307.59,307.24,0.35,200,229,
sostenido 15rps,etiquetas,5.742,220.99,220.08,0.91,200,237,
sostenido 15rps,filtrar,5.817,179.2,178.48,0.72,200,32264,
sostenido 15rps,resumen,5.945,91.57,91.34,0.23,200,229,
sostenido 15rps,etiquetas,6.008,29.0,28.5,0.49,200,237,
sostenido 15rps,listar libreta,6.101,343.72,343.37,0.34,200,64478,
sostenido 15rps,resumen,6.116,280.19,279.51,0.68,200,229,
sostenido 15rps,buscar por texto,6.213,205.25,203.96,1.29,200,32059,
sostenido 15rps,listar libreta,6.216,220.51,220.03,0.48,200,64650,
sostenido 15rps,abrir ficha,6.218,122.57,121.92,0.65,200,1275,
sostenido 15rps,listar libreta,6.46,379.95,378.88,1.07,200,64618,
sostenido 15rps,resumen,6.545,352.56,351.77,0.78,200,229,
sostenido 15rps,buscar por texto,6.558,382.71,381.58,1.13,200,32331,
sostenido 15rps,buscar por texto,6.678,280.31,278.88,1.43,200,32105,
sostenido 15rps,historial de la ficha,6.714,181.31,180.49,0.82,200,3796,
sostenido 15rps,resumen,6.824,121.9,120.69,1.21,200,229,
sostenido 15rps,etiquetas,6.869,58.84,58.21,0.62,200,237,
sostenido 15rps,buscar por texto,6.887,98.53,97.43,1.1,200,32111,
sostenido 15rps,etiquetas,6.908,38.78,38.55,0.23,200,237,
sostenido 15rps,filtrar,6.987,50.51,50.23,0.28,200,32239,
sostenido 15rps,abrir ficha,7.114,18.45,17.81,0.64,200,1288,
sostenido 15rps,resumen,7.171,91.24,90.18,1.06,200,229,
sostenido 15rps,abrir ficha,7.292,535.01,534.19,0.82,200,1276,
sostenido 15rps,resumen,7.362,511.01,510.18,0.82,200,229,
sostenido 15rps,resumen,7.381,438.56,438.36,0.19,200,229,
sostenido 15rps,listar libreta,7.419,775.43,774.43,0.99,200,64478,
sostenido 15rps,listar libreta,7.477,737.65,736.69,0.96,200,64478,
sostenido 15rps,listar libreta,7.527,706.67,705.82,0.85,200,64650,
sostenido 15rps,buscar por texto,7.529,572.88,571.84,1.04,200,32262,
sostenido 15rps,listar libreta,7.602,624.79,623.21,1.58,200,64618,
sostenido 15rps,buscar por texto,7.644,483.47,482.76,0.71,200,32111,
sostenido 15rps,abrir ficha,7.782,100.17,98.99,1.18,200,1285,
sostenido 15rps,abrir ficha,7.854,62.18,61.18,1.0,200,1281,
sostenido 15rps,listar libreta,7.875,411.03,410.9,0.13,200,64618,
sostenido 15rps,resumen,7.913,88.92,88.54,0.38,200,229,
sostenido 15rps,buscar por texto,7.967,281.57,279.62,1.95,200,32147,
sostenido 15rps,buscar por texto,7.995,279.98,279.05,0.93,200,32181,
sostenido 15rps,resumen,8.18,115.8,114.95,0.85,200,229,
sostenido 15rps,abrir ficha,8.236,38.25,37.09,1.16,200,1269,
sostenido 15rps,listar libreta,8.365,27.01,26.71,0.3,200,64650,
sostenido 15rps,resumen,8.401,57.16,55.6,1.56,200,229,
sostenido 15rps,resumen,8.486,73.76,73.35,0.41,200,229,
sostenido 15rps,buscar por texto,8.505,49.57,48.27,1.3,200,32139,
sostenido 15rps,abrir ficha,8.517,10.44,9.65,0.78,200,1278,
sostenido 15rps,etiquetas,8.654,17.46,16.89,0.57,200,237,
sostenido 15rps,etiquetas,8.691,15.05,14.6,0.45,200,237,
sostenido 15rps,buscar por texto,8.733,33.58,32.99,0.59,200,32120,
sostenido 15rps,listar libreta,8.825,26.79,25.18,1.62,200,64618,
sostenido 15rps,listar libreta,9.117,33.16,32.14,1.02,200,64478,
sostenido 15rps,listar libreta,9.134,61.18,60.16,1.01,200,64650,
sostenido 15rps,filtrar,9.143,55.23,54.56,0.67,200,32264,
sostenido 15rps,abrir ficha,9.161,24.79,23.92,0.87,200,1290,
sostenido 15rps,buscar por texto,9.232,37.55,36.87,0.68,200,32168,
sostenido 15rps,resumen,9.259,65.11,64.9,0.2,200,229,
sostenido 15rps,abrir ficha,9.283,10.73,9.91,0.82,200,1300,
sostenido 15rps,resumen,9.387,59.97,59.75,0.21,200,229,
sostenido 15rps,resumen,9.472,60.39,59.02,1.38,200,229,
sostenido 15rps,etiquetas,9.524,16.86,16.51,0.36,200,237,
sostenido 15rps,resumen,9.538,56.9,55.86,1.04,200,229,
sostenido 15rps,listar libreta,9.708,27.27,26.35,0.92,200,64478,
sostenido 15rps,resumen,9.829,60.45,59.31,1.13,200,229,
sostenido 15rps,etiquetas,9.894,15.71,14.86,0.85,200,237,
sostenido 15rps,etiquetas,9.933,16.49,15.77,0.72,200,237,
sostenido 15rps,etiquetas,10.031,16.94,16.3,0.64,200,237,
sostenido 15rps,resumen,10.126,59.07,58.82,0.25,200,229,
sostenido 15rps,listar libreta,10.186,25.34,24.98,0.36,200,64659,
sostenido 15rps,listar libreta,10.23,25.26,24.22,1.05,200,64659,
sostenido 15rps,listar libreta,10.249,25.45,23.56,1.89,200,64659,
sostenido 15rps,resumen,10.504,58.8,58.08,0.72,200,229,
sostenido 15rps,abrir ficha,10.622,13.17,11.73,1.44,200,1300,
sostenido 15rps,resumen,10.695,59.57,58.98,0.59,200,229,
sostenido 15rps,abrir ficha,10.758,13.72,12.72,1.0,200,1276,
sostenido 15rps,listar libreta,10.767,31.96,30.94,1.01,200,64618,
sostenido 15rps,resumen,10.782,62.42,61.6,0.82,200,229,
sostenido 15rps,etiquetas,10.946,17.39,16.84,0.55,200,237,
sostenido 15rps,listar libreta,10.968,27.89,26.88,1.01,200,64650,
sostenido 15rps,resumen,11.101,57.91,57.42,0.49,200,229,
sostenido 15rps,listar libreta,11.146,27.97,27.09,0.88,200,64618,
sostenido 15rps,etiquetas,11.332,17.4,16.77,0.64,200,237,
sostenido 15rps,listar libreta,11.48,26.14,25.63,0.51,200,64650,
sostenido 15rps,etiquetas,11.521,15.8,14.83,0.98,200,237,
sostenido 15rps,buscar por texto,11.611,56.08,55.55,0.53,200,32093,
sostenido 15rps,listar libreta,11.621,33.98,32.11,1.87,200,64659,
sostenido 15rps,listar libreta,11.645,39.75,39.03,0.72,200,64618,
sostenido 15rps,buscar por texto,11.687,44.67,44.14,0.53,200,32139,
sostenido 15rps,listar libreta,11.695,32.59,31.88,0.71,200,64478,
sostenido 15rps,buscar por texto,11.758,32.15,30.99,1.16,200,32176,
sostenido 15rps,resumen,11.876,57.59,56.75,0.84,200,229,
sostenido 15rps,resumen,11.882,58.15,57.13,1.02,200,229,
sostenido 15rps,listar libreta,11.899,27.73,27.45,0.29,200,64659,
sostenido 15rps,abrir ficha,11.991,12.7,10.75,1.96,200,1276,
sostenido 15rps,listar libreta,12.248,27.15,26.54,0.61,200,64650,
sostenido 15rps,listar libreta,12.453,30.98,29.65,1.33,200,64659,
sostenido 15rps,resumen,12.462,63.54,63.19,0.35,200,229,
sostenido 15rps,abrir ficha,12.502,11.2,10.28,0.92,200,1285,
sostenido 15rps,etiquetas,12.518,15.13,14.18,0.95,200,237,
sostenido 15rps,abrir ficha,12.567,11.05,10.33,0.72,200,1287,
sostenido 15rps,buscar por texto,12.715,34.38,33.85,0.53,200,32081,
sostenido 15rps,resumen,12.786,59.39,58.78,0.6,200,229,
sostenido 15rps,resumen,12.938,59.06,58.34,0.72,200,229,
sostenido 15rps,abrir ficha,12.964,11.28,10.37,0.9,200,1279,
sostenido 15rps,abrir ficha,12.975,9.68,9.28,0.4,200,1286,
sostenido 15rps,listar libreta,13.13,27.74,26.09,1.65,200,64659,
sostenido 15rps,abrir ficha,13.173,10.2,9.23,0.97,200,1300,
sostenido 15rps,abrir ficha,13.253,14.43,13.3,1.12,200,1295,
sostenido 15rps,listar libreta,13.269,24.56,23.65,0.91,200,64618,
sostenido 15rps,listar libreta,13.308,22.21,21.47,0.74,200,64650,
sostenido 15rps,abrir ficha,13.397,12.9,11.06,1.84,200,1290,
sostenido 15rps,listar libreta,13.533,28.12,27.33,0.79,200,64478,
sostenido 15rps,abrir ficha,13.56,10.34,9.09,1.26,200,1271,
sostenido 15rps,etiquetas,13.591,15.75,14.63,1.12,200,237,
sostenido 15rps,resumen,13.696,80.41,79.16,1.25,200,229,
sostenido 15rps,resumen,13.725,71.37,70.6,0.78,200,229,
sostenido 15rps,buscar por texto,13.734,47.57,47.09,0.48,200,32114,
sostenido 15rps,listar libreta,13.809,26.33,25.34,0.99,200,64650,
sostenido 15rps,listar libreta,13.974,27.3,26.71,0.59,200,64659,
sostenido 15rps,buscar por texto,14.013,33.04,32.12,0.92,200,32098,
sostenido 15rps,buscar por texto,14.024,36.24,35.45,0.79,200,32181,
sostenido 15rps,filtrar,14.054,88.07,87.3,0.77,200,32452,
sostenido 15rps,buscar por texto,14.055,118.11,117.94,0.16,200,31997,
sostenido 15rps,listar libreta,14.071,152.78,151.73,1.05,200,64478,
sostenido 15rps,abrir ficha,14.085,46.43,44.53,1.9,200,1289,
sostenido 15rps,resumen,14.1,104.43,103.43,1.0,200,229,
sostenido 15rps,filtrar,14.129,76.09,75.04,1.04,200,32347,
sostenido 15rps,buscar por texto,14.142,87.23,86.63,0.6,200,31997,
sostenido 15rps,buscar por texto,14.247,32.93,31.54,1.39,200,32093,
sostenido 15rps,etiquetas,14.308,15.6,14.56,1.05,200,237,
sostenido 15rps,resumen,14.525,58.52,57.31,1.21,200,229,
sostenido 15rps,abrir ficha,14.548,11.53,11.03,0.5,200,1292,
sostenido 15rps,listar libreta,14.802,27.41,26.79,0.62,200,64659,
sostenido 15rps,buscar por texto,15.053,34.85,34.16,0.69,200,32111,
sostenido 15rps,listar libreta,15.105,25.45,23.85,1.61,200,64659,
sostenido 15rps,filtrar,15.127,22.9,22.51,0.39,200,32271,
sostenido 15rps,listar libreta,15.157,104.56,103.87,0.68,200,64618,
sostenido 15rps,abrir ficha,15.186,64.22,63.63,0.59,200,1276,
sostenido 15rps,listar libreta,15.213,63.74,62.33,1.4,200,64618,
sostenido 15rps,listar libreta,15.296,27.27,26.22,1.05,200,64650,
sostenido 15rps,etiquetas,15.299,16.65,15.77,0.87,200,237,
sostenido 15rps,listar libreta,15.49,27.23,25.98,1.25,200,64650,
sostenido 15rps,etiquetas,15.542,24.81,22.88,1.93,200,237,
sostenido 15rps,resumen,15.551,58.23,57.35,0.89,200,229,
sostenido 15rps,listar libreta,15.605,27.31,26.62,0.69,200,64650,
sostenido 15rps,abrir ficha,15.704,13.6,11.62,1.99,200,1293,
sostenido 15rps,listar libreta,15.733,46.95,46.13,0.83,200,64618,
sostenido 15rps,listar libreta,15.755,46.58,45.8,0.78,200,64618,
sostenido 15rps,listar libreta,15.986,26.82,26.4,0.42,200,64618,
sostenido 15rps,abrir ficha,16.168,13.04,11.82,1.22,200,1277,
sostenido 15rps,abrir ficha,16.25,12.03,11.52,0.51,200,1286,
sostenido 15rps,filtrar,16.27,29.12,28.13,0.99,200,32448,
sostenido 15rps,resumen,16.379,59.6,58.62,0.98,200,229,
sostenido 15rps,etiquetas,16.402,16.53,15.74,0.79,200,237,
sostenido 15rps,etiquetas,16.443,15.1,14.6,0.5,200,237,
sostenido 15rps,buscar por texto,16.527,33.02,32.73,0.29,200,32168,
sostenido 15rps,buscar por texto,16.714,34.71,33.97,0.73,200,32114,
sostenido 15rps,resumen,16.779,60.31,59.25,1.06,200,229,
sostenido 15rps,listar libreta,16.841,29.93,29.31,0.62,200,64650,
sostenido 15rps,buscar por texto,16.844,45.51,44.56,0.95,200,32147,
sostenido 15rps,filtrar,16.876,26.74,25.77,0.97,200,32184,
sostenido 15rps,resumen,16.876,62.75,61.93,0.82,200,229,
sostenido 15rps,buscar por texto,17.142,35.12,34.68,0.44,200,32098,
sostenido 15rps,buscar por texto,17.207,39.86,38.92,0.94,200,32139,
sostenido 15rps,listar libreta,17.209,27.36,27.19,0.17,200,64650,
sostenido 15rps,listar libreta,17.265,24.38,24.19,0.19,200,64618,
sostenido 15rps,etiquetas,17.392,17.54,15.71,1.83,200,237,
sostenido 15rps,historial de la ficha,17.45,12.58,11.7,0.88,200,11530,
sostenido 15rps,abrir ficha,17.516,10.29,9.62,0.67,200,1290,
sostenido 15rps,filtrar,17.571,29.48,29.23,0.25,200,32452,
sostenido 15rps,etiquetas,17.574,16.66,16.37,0.29,200,237,
sostenido 15rps,buscar por texto,17.599,33.04,32.58,0.46,200,32081,
sostenido 15rps,resumen,17.706,56.98,56.26,0.72,200,229,
sostenido 15rps,resumen,17.714,55.58,54.7,0.89,200,229,
sostenido 15rps,resumen,17.796,76.31,75.44,0.87,200,229,
sostenido 15rps,resumen,17.814,102.62,101.84,0.78,200,229,
sostenido 15rps,listar libreta,17.815,53.81,52.76,1.05,200,64659,
sostenido 15rps,listar libreta,17.828,77.84,77.28,0.57,200,64650,
sostenido 15rps,buscar por texto,17.831,82.3,81.56,0.74,200,32262,
sostenido 15rps,resumen,17.861,90.46,89.27,1.2,200,229,
sostenido 15rps,listar libreta,17.911,27.8,27.34,0.46,200,64618,
sostenido 15rps,listar libreta,18.168,26.37,25.94,0.43,200,64650,
sostenido 15rps,etiquetas,18.315,17.67,17.16,0.51,200,237,
sostenido 15rps,abrir ficha,18.436,13.34,11.5,1.84,200,1285,
sostenido 15rps,buscar por texto,18.52,88.82,87.53,1.29,200,32181,
sostenido 15rps,abrir ficha,18.712,13.27,11.9,1.37,200,1277,
sostenido 15rps,filtrar,18.919,27.4,26.14,1.26,200,32264,
sostenido 15rps,resumen,18.974,59.81,58.67,1.14,200,229,
sostenido 15rps,buscar por texto,19.113,36.3,35.75,0.54,200,32233,
sostenido 15rps,buscar por texto,19.126,36.22,35.42,0.8,200,32176,
sostenido 15rps,buscar por texto,19.181,36.38,35.58,0.79,200,32331,
sostenido 15rps,resumen,19.19,60.34,59.23,1.11,200,229,
sostenido 15rps,resumen,19.197,57.53,57.36,0.18,200,229,
sostenido 15rps,etiquetas,19.382,17.78,16.43,1.35,200,237,
sostenido 15rps,listar libreta,19.574,27.35,25.36,1.99,200,64618,
sostenido 15rps,resumen,19.622,57.17,56.65,0.52,200,229,
sostenido 15rps,buscar por texto,19.783,35.67,34.31,1.36,200,32059,
sostenido 15rps,abrir ficha,20.093,15.06,14.17,0.9,200,1300,
sostenido 15rps,listar libreta,20.13,29.16,28.81,0.34,200,64650,
sostenido 15rps,resumen,20.131,63.57,63.06,0.51,200,229,
sostenido 15rps,etiquetas,20.23,17.39,15.56,1.83,200,237,
sostenido 15rps,buscar por texto,20.415,35.25,34.78,0.47,200,32168,
sostenido 15rps,etiquetas,20.447,20.39,19.56,0.83,200,237,
sostenido 15rps,buscar por texto,20.456,37.6,36.67,0.93,200,32111,
sostenido 15rps,resumen,20.457,63.01,62.41,0.6,200,229,
sostenido 15rps,resumen,20.592,58.25,56.69,1.57,200,229,
sostenido 15rps,resumen,20.625,59.53,58.49,1.03,200,229,
sostenido 15rps,buscar por texto,20.748,33.95,32.96,0.99,200,32319,
sostenido 15rps,buscar por texto,20.791,32.51,30.97,1.54,200,32262,
sostenido 15rps,resumen,20.927,58.93,57.1,1.83,200,229,
sostenido 15rps,listar libreta,20.979,43.64,42.77,0.87,200,64659,
sostenido 15rps,filtrar,20.989,49.82,49.38,0.44,200,32264,
sostenido 15rps,resumen,20.99,70.45,69.46,0.99,200,229,
sostenido 15rps,etiquetas,21.001,25.85,25.33,0.52,200,237,
sostenido 15rps,resumen,21.013,75.26,74.39,0.86,200,229,
sostenido 15rps,listar libreta,21.054,33.16,32.61,0.56,200,64650,
sostenido 15rps,etiquetas,21.065,23.62,22.7,0.92,200,237,
sostenido 15rps,buscar por texto,21.182,32.91,32.6,0.31,200,32181,
sostenido 15rps,abrir ficha,21.309,12.22,11.33,0.89,200,1276,
sostenido 15rps,resumen,21.354,62.94,61.89,1.05,200,229,
sostenido 15rps,listar libreta,21.401,30.8,29.72,1.08,200,64650,
sostenido 15rps,resumen,21.516,58.24,57.92,0.32,200,229,
sostenido 15rps,buscar por texto,21.859,37.14,34.87,2.27,200,32176,
sostenido 15rps,filtrar,22.029,29.26,28.92,0.34,200,32302,
sostenido 15rps,historial de la ficha,22.097,16.82,16.64,0.18,200,8016,
sostenido 15rps,buscar por texto,22.101,38.15,37.5,0.65,200,32231,
sostenido 15rps,etiquetas,22.319,18.09,16.76,1.33,200,237,
sostenido 15rps,abrir ficha,22.357,11.05,10.46,0.59,200,1275,
sostenido 15rps,abrir ficha,22.515,11.57,10.95,0.62,200,1276,
sostenido 15rps,etiquetas,22.588,17.02,16.47,0.55,200,237,
sostenido 15rps,listar libreta,22.622,24.83,24.57,0.27,200,64618,
sostenido 15rps,buscar por texto,22.664,38.67,37.55,1.12,200,32120,
sostenido 15rps,historial de la ficha,22.675,14.76,13.04,1.72,200,2728,
sostenido 15rps,listar libreta,22.89,26.44,25.43,1.01,200,64618,
sostenido 15rps,resumen,22.943,62.43,60.94,1.49,200,229,
sostenido 15rps,buscar por texto,23.004,34.13,32.97,1.16,200,32113,
sostenido 15rps,buscar por texto,23.033,35.64,34.55,1.09,200,32147,
sostenido 15rps,resumen,23.081,57.4,56.07,1.33,200,229,
sostenido 15rps,buscar por texto,23.139,36.7,36.55,0.15,200,32113,
sostenido 15rps,buscar por texto,23.254,35.64,34.47,1.17,200,32331,
sostenido 15rps,etiquetas,23.306,17.84,17.15,0.7,200,237,
sostenido 15rps,resumen,23.319,63.19,62.55,0.64,200,229,
sostenido 15rps,etiquetas,23.324,18.41,17.36,1.04,200,237,
sostenido 15rps,duplicados,23.355,5029.15,5028.15,1.0,200,1482549,
sostenido 15rps,listar libreta,23.656,116.0,115.28,0.71,200,64650,
sostenido 15rps,resumen,23.726,309.77,308.63,1.14,200,229,
sostenido 15rps,resumen,23.798,291.05,289.59,1.46,200,229,
sostenido 15rps,abrir ficha,23.83,198.54,197.63,0.91,200,1280,
sostenido 15rps,resumen,23.893,193.56,192.75,0.81,200,229,
sostenido 15rps,listar libreta,23.93,169.58,167.96,1.63,200,64659,
sostenido 15rps,historial de la ficha,23.938,142.01,141.24,0.77,200,6827,
sostenido 15rps,buscar por texto,24.043,105.84,105.41,0.44,200,32081,
sostenido 15rps,resumen,24.092,105.47,104.59,0.87,200,229,
sostenido 15rps,buscar por texto,24.109,118.23,117.28,0.95,200,32098,
sostenido 15rps,resumen,24.109,111.55,110.49,1.07,200,229,
sostenido 15rps,listar libreta,24.36,68.62,68.07,0.54,200,64618,
sostenido 15rps,resumen,24.421,269.77,268.82,0.94,200,229,
sostenido 15rps,filtrar,24.475,382.15,381.32,0.82,200,32264,
sostenido 15rps,listar libreta,24.528,452.94,452.49,0.44,200,64618,
sostenido 15rps,etiquetas,24.532,166.85,166.62,0.23,200,237,
sostenido 15rps,filtrar,24.579,359.94,358.81,1.12,200,32184,
sostenido 15rps,listar libreta,24.631,403.9,403.0,0.9,200,64618,
sostenido 15rps,listar libreta,24.671,441.68,440.9,0.78,200,64659,
sostenido 15rps,abrir ficha,24.677,79.64,79.42,0.23,200,1293,
sostenido 15rps,resumen,24.691,106.27,105.95,0.32,200,229,
sostenido 15rps,resumen,24.746,117.85,117.51,0.33,200,229,
sostenido 15rps,buscar por texto,24.799,262.93,262.05,0.88,200,32262,
sostenido 15rps,listar libreta,24.877,302.96,302.57,0.38,200,64478,
sostenido 15rps,resumen,24.922,112.56,111.89,0.68,200,229,
sostenido 15rps,listar libreta,24.985,212.39,211.43,0.97,200,64659,
sostenido 15rps,buscar por texto,25.138,99.4,97.38,2.02,200,32059,
sostenido 15rps,listar libreta,25.244,300.67,299.99,0.68,200,64618,
sostenido 15rps,buscar por texto,25.293,201.13,200.52,0.6,200,32310,
sostenido 15rps,etiquetas,25.382,65.21,64.74,0.47,200,237,
sostenido 15rps,abrir ficha,25.425,29.37,28.6,0.77,200,1285,
sostenido 15rps,abrir ficha,25.441,30.94,30.25,0.7,200,1287,
sostenido 15rps,abrir ficha,25.513,23.99,23.67,0.31,200,1297,
sostenido 15rps,filtrar,25.625,258.53,257.9,0.62,200,32264,
sostenido 15rps,filtrar,25.704,206.59,206.32,0.28,200,32448,
sostenido 15rps,resumen,25.79,161.37,160.81,0.55,200,229,
sostenido 15rps,buscar por texto,25.8,122.31,121.82,0.49,200,32113,
sostenido 15rps,listar libreta,26.014,679.39,678.22,1.16,200,64659,
sostenido 15rps,listar libreta,26.188,495.63,494.6,1.03,200,64618,
sostenido 15rps,buscar por texto,26.2,303.65,302.39,1.26,200,32168,
sostenido 15rps,listar libreta,26.203,636.93,635.81,1.12,200,64478,
sostenido 15rps,listar libreta,26.409,347.43,345.59,1.84,200,64650,
sostenido 15rps,resumen,26.412,109.02,108.3,0.73,200,229,
sostenido 15rps,listar libreta,26.443,422.31,421.28,1.03,200,64659,
sostenido 15rps,listar libreta,26.462,389.84,389.07,0.77,200,64650,
sostenido 15rps,abrir ficha,26.53,84.25,83.03,1.22,200,1295,
sostenido 15rps,buscar por texto,26.537,295.38,294.3,1.08,200,32093,
sostenido 15rps,resumen,26.644,110.17,109.47,0.7,200,229,
sostenido 15rps,resumen,26.805,101.32,100.58,0.74,200,229,
sostenido 15rps,resumen,26.858,101.1,100.87,0.23,200,229,
sostenido 15rps,listar libreta,26.867,121.21,120.33,0.88,200,64478,
sostenido 15rps,etiquetas,26.897,45.52,44.73,0.79,200,237,
sostenido 15rps,buscar por texto,27.075,512.39,511.17,1.22,200,32093,
sostenido 15rps,abrir ficha,27.122,242.18,241.84,0.35,200,1273,
sostenido 15rps,etiquetas,27.137,194.27,192.82,1.45,200,237,
sostenido 15rps,listar libreta,27.174,467.94,466.12,1.82,200,64659,
sostenido 15rps,buscar por texto,27.199,416.84,415.67,1.17,200,31997,
sostenido 15rps,filtrar,27.263,394.07,393.23,0.85,200,32184,
sostenido 15rps,buscar por texto,27.298,373.91,373.6,0.32,200,32113,
sostenido 15rps,buscar por texto,27.366,314.59,314.31,0.29,200,31997,
sostenido 15rps,listar libreta,27.479,511.4,510.73,0.67,200,64618,
sostenido 15rps,listar libreta,27.544,331.82,330.82,1.01,200,64478,
sostenido 15rps,resumen,27.69,115.01,114.62,0.39,200,229,
sostenido 15rps,resumen,27.703,199.47,197.33,2.14,200,229,
sostenido 15rps,listar libreta,27.713,273.5,272.63,0.87,200,64478,
sostenido 15rps,resumen,27.724,266.42,265.44,0.98,200,229,
sostenido 15rps,listar libreta,27.727,348.44,348.06,0.39,200,64659,
sostenido 15rps,resumen,27.739,215.43,214.64,0.79,200,229,
sostenido 15rps,etiquetas,27.818,147.39,146.38,1.01,200,237,
sostenido 15rps,abrir ficha,27.84,201.53,200.76,0.78,200,1286,
sostenido 15rps,listar libreta,27.915,553.78,551.57,2.21,200,64478,
sostenido 15rps,resumen,27.966,163.9,162.84,1.06,200,229,
sostenido 15rps,etiquetas,27.97,78.63,77.94,0.69,200,237,
sostenido 15rps,buscar por texto,27.981,429.99,429.11,0.88,200,32139,
sostenido 15rps,resumen,28.109,271.56,271.16,0.4,200,229,
sostenido 15rps,resumen,28.203,286.83,286.09,0.74,200,229,
sostenido 15rps,resumen,28.253,228.78,228.45,0.33,200,229,
sostenido 15rps,listar libreta,28.275,254.63,254.23,0.4,200,64659,
sostenido 15rps,abrir ficha,28.322,163.6,163.34,0.26,200,1289,
sostenido 15rps,buscar por texto,28.336,213.28,212.85,0.43,200,32059,
sostenido 15rps,etiquetas,28.368,52.96,51.83,1.13,200,237,
sostenido 15rps,duplicados,28.379,4373.01,4372.03,0.98,200,1482549,
sostenido 15rps,abrir ficha,28.391,120.13,119.37,0.75,200,1268,
sostenido 15rps,resumen,28.467,98.73,97.8,0.93,200,229,
sostenido 15rps,resumen,28.496,76.86,76.17,0.69,200,229,
sostenido 15rps,etiquetas,28.522,28.37,28.05,0.32,200,237,
sostenido 15rps,resumen,28.635,175.52,174.18,1.34,200,229,
sostenido 15rps,abrir ficha,28.66,40.58,39.68,0.9,200,1287,
sostenido 15rps,listar libreta,28.714,136.2,135.08,1.12,200,64650,
sostenido 15rps,etiquetas,28.732,94.07,93.39,0.69,200,237,
sostenido 15rps,abrir ficha,29.013,180.77,180.22,0.55,200,1286,
sostenido 15rps,buscar por texto,29.027,210.64,210.35,0.29,200,32078,
sostenido 15rps,abrir ficha,29.055,149.47,148.73,0.73,200,1287,
sostenido 15rps,abrir ficha,29.106,102.67,102.09,0.58,200,1275,
sostenido 15rps,buscar por texto,29.265,94.5,93.39,1.11,200,32331,
sostenido 15rps,abrir ficha,29.279,29.04,28.09,0.95,200,1282,
sostenido 15rps,listar libreta,29.312,244.68,243.88,0.8,200,64650,
sostenido 15rps,abrir ficha,29.361,17.19,16.38,0.81,200,1273,
sostenido 15rps,resumen,29.4,232.24,231.79,0.45,200,229,
sostenido 15rps,resumen,29.436,213.04,212.25,0.79,200,229,
sostenido 15rps,buscar por texto,29.497,165.47,164.94,0.53,200,32319,
sostenido 15rps,resumen,29.5,149.03,148.12,0.91,200,229,
sostenido 15rps,abrir ficha,29.602,66.3,65.68,0.63,200,1269,
sostenido 15rps,filtrar,29.605,125.23,123.27,1.97,200,32239,
sostenido 15rps,historial de la ficha,29.681,53.03,51.07,1.96,200,5619,
sostenido 15rps,listar libreta,29.703,234.28,233.42,0.86,200,64650,
sostenido 15rps,filtrar,29.984,97.6,96.43,1.17,200,32347,
sostenido 15rps,etiquetas,29.996,46.97,46.78,0.19,200,237,
sostenido 15rps,abrir ficha,30.0,60.11,59.56,0.55,200,1276,
sostenido 15rps,etiquetas,30.002,53.45,52.8,0.65,200,237,
sostenido 15rps,abrir ficha,30.016,47.61,45.92,1.69,200,1276,
sostenido 15rps,abrir ficha,30.075,15.29,14.43,0.86,200,1291,
sostenido 15rps,filtrar,30.087,41.38,40.24,1.14,200,32184,
sostenido 15rps,filtrar,30.178,378.87,378.0,0.87,200,32452,
sostenido 15rps,buscar por texto,30.191,376.9,376.14,0.75,200,32120,
sostenido 15rps,abrir ficha,30.258,122.32,122.05,0.27,200,1298,
sostenido 15rps,etiquetas,30.312,45.05,43.54,1.52,200,237,
sostenido 15rps,buscar por texto,30.358,229.62,229.0,0.62,200,32233,
sostenido 15rps,abrir ficha,30.381,69.83,69.76,0.07,200,1269,
sostenido 15rps,filtrar,30.388,215.21,214.07,1.14,200,32184,
sostenido 15rps,abrir ficha,30.4,80.56,80.05,0.52,200,1276,
sostenido 15rps,resumen,30.412,133.48,132.78,0.7,200,229,
sostenido 15rps,resumen,30.468,111.86,110.07,1.79,200,229,
sostenido 15rps,etiquetas,30.483,36.93,36.22,0.7,200,237,
sostenido 15rps,listar libreta,30.517,137.66,137.45,0.22,200,64478,
sostenido 15rps,resumen,30.559,108.73,108.12,0.61,200,229,
sostenido 15rps,resumen,30.668,320.21,319.91,0.3,200,229,
sostenido 15rps,resumen,30.74,325.34,323.98,1.35,200,229,
sostenido 15rps,filtrar,30.893,232.86,232.07,0.79,200,32302,
sostenido 15rps,filtrar,30.925,220.33,219.47,0.86,200,32448,
sostenido 15rps,duplicados,31.056,9139.63,9138.54,1.09,200,1482549,
sostenido 15rps,listar libreta,31.059,430.2,429.3,0.9,200,64618,
sostenido 15rps,listar libreta,31.2,320.77,319.71,1.06,200,64618,
sostenido 15rps,abrir ficha,31.379,38.69,37.77,0.92,200,1269,
sostenido 15rps,etiquetas,31.406,37.92,36.09,1.83,200,237,
sostenido 15rps,resumen,31.479,99.57,99.09,0.49,200,229,
sostenido 15rps,listar libreta,31.593,68.45,68.1,0.34,200,64659,
sostenido 15rps,resumen,31.627,91.15,90.14,1.01,200,229,
sostenido 15rps,listar libreta,31.706,124.47,124.05,0.42,200,64650,
sostenido 15rps,resumen,31.729,132.56,132.01,0.55,200,229,
sostenido 15rps,listar libreta,31.736,150.7,149.64,1.07,200,64618,
sostenido 15rps,resumen,31.751,100.14,98.46,1.68,200,229,
sostenido 15rps,listar libreta,31.796,112.57,111.47,1.09,200,64650,
sostenido 15rps,listar libreta,32.066,80.36,79.66,0.7,200,64618,
sostenido 15rps,abrir ficha,32.079,22.52,21.94,0.57,200,1276,
sostenido 15rps,listar libreta,32.181,620.22,619.73,0.5,200,64618,
sostenido 15rps,abrir ficha,32.368,60.85,59.83,1.02,200,1286,
sostenido 15rps,listar libreta,32.469,1013.63,1013.21,0.42,200,64650,
sostenido 15rps,listar libreta,32.489,1054.47,1053.14,1.33,200,64478,
sostenido 15rps,buscar por texto,32.51,629.76,628.77,0.99,200,32114,
sostenido 15rps,buscar por texto,32.558,642.28,641.99,0.29,200,32139,
sostenido 15rps,buscar por texto,32.558,576.49,575.59,0.9,200,32147,
sostenido 15rps,resumen,32.634,260.62,260.16,0.46,200,229,
sostenido 15rps,listar libreta,32.661,986.59,984.41,2.18,200,64659,
sostenido 15rps,historial de la ficha,32.669,311.8,310.73,1.06,200,11718,
sostenido 15rps,abrir ficha,32.674,227.24,226.66,0.58,200,1293,
sostenido 15rps,listar libreta,32.72,622.3,621.66,0.64,200,64618,
sostenido 15rps,resumen,32.734,167.62,167.23,0.39,200,229,
sostenido 15rps,listar libreta,32.806,841.53,841.12,0.41,200,64650,
sostenido 15rps,resumen,32.825,132.04,130.98,1.06,200,229,
sostenido 15rps,resumen,33.032,117.38,116.12,1.26,200,229,
sostenido 15rps,listar libreta,33.068,630.48,629.54,0.94,200,64618,
sostenido 15rps,resumen,33.07,135.87,135.42,0.45,200,229,
sostenido 15rps,listar libreta,33.12,746.82,745.75,1.07,200,64650,
sostenido 15rps,buscar por texto,33.356,422.64,421.44,1.19,200,32081,
sostenido 15rps,resumen,33.428,123.73,123.35,0.38,200,229,
sostenido 15rps,buscar por texto,33.45,504.6,503.4,1.2,200,32111,
sostenido 15rps,listar libreta,33.511,540.92,540.52,0.39,200,64478,
sostenido 15rps,resumen,33.547,117.06,116.28,0.78,200,229,
sostenido 15rps,listar libreta,33.559,799.49,798.72,0.77,200,64478,
sostenido 15rps,listar libreta,33.563,828.34,827.26,1.08,200,64659,
sostenido 15rps,resumen,33.567,108.2,107.35,0.85,200,229,
sostenido 15rps,abrir ficha,33.586,130.83,129.95,0.88,200,1294,
sostenido 15rps,buscar por texto,33.685,399.26,398.74,0.52,200,31997,
sostenido 15rps,abrir ficha,33.714,82.1,81.35,0.75,200,1276,
sostenido 15rps,listar libreta,33.727,688.98,688.44,0.54,200,64478,
sostenido 15rps,listar libreta,33.741,735.77,733.79,1.98,200,64650,
sostenido 15rps,resumen,33.885,93.38,92.68,0.69,200,229,
sostenido 15rps,resumen,33.999,230.23,229.88,0.35,200,229,
sostenido 15rps,buscar por texto,34.034,463.81,463.22,0.59,200,32105,
sostenido 15rps,buscar por texto,34.165,381.07,380.74,0.33,200,32176,
sostenido 15rps,etiquetas,34.234,49.6,49.24,0.36,200,237,
sostenido 15rps,abrir ficha,34.271,58.95,58.75,0.21,200,1279,
sostenido 15rps,resumen,34.345,116.52,115.71,0.81,200,229,
sostenido 15rps,listar libreta,34.347,241.78,241.74,0.04,200,64618,
sostenido 15rps,filtrar,34.37,209.3,208.5,0.8,200,32271,
sostenido 15rps,abrir ficha,34.399,84.82,84.67,0.16,200,1271,
sostenido 15rps,buscar por texto,34.584,137.06,136.16,0.9,200,32105,
sostenido 15rps,resumen,34.638,201.56,200.64,0.92,200,229,
sostenido 15rps,resumen,34.661,179.18,178.96,0.21,200,229,
sostenido 15rps,etiquetas,34.807,34.14,31.96,2.17,200,237,
sostenido 15rps,buscar por texto,34.82,377.5,376.56,0.94,200,32233,
sostenido 15rps,abrir ficha,34.852,255.32,254.92,0.4,200,1290,
sostenido 15rps,listar libreta,34.901,330.94,329.89,1.05,200,64650,
sostenido 15rps,abrir ficha,34.935,186.92,185.93,0.99,200,1298,
sostenido 15rps,listar libreta,35.063,177.41,176.24,1.17,200,64650,
sostenido 15rps,listar libreta,35.325,531.46,530.8,0.66,200,64659,
sostenido 15rps,buscar por texto,35.411,346.73,345.96,0.77,200,32168,
sostenido 15rps,buscar por texto,35.435,385.58,384.91,0.67,200,32114,
sostenido 15rps,listar libreta,35.439,417.01,415.95,1.06,200,64659,
sostenido 15rps,listar libreta,35.447,467.75,467.46,0.29,200,64659,
sostenido 15rps,resumen,35.455,129.14,128.66,0.48,200,229,
sostenido 15rps,listar libreta,35.499,423.22,422.76,0.46,200,64659,
sostenido 15rps,etiquetas,35.584,44.72,44.7,0.02,200,237,
sostenido 15rps,abrir ficha,35.599,67.57,66.44,1.13,200,1291,
sostenido 15rps,etiquetas,35.621,40.08,39.27,0.81,200,237,
sostenido 15rps,filtrar,35.753,197.95,195.29,2.66,200,32347,
sostenido 15rps,resumen,35.754,121.77,119.62,2.15,200,229,
sostenido 15rps,resumen,35.831,297.25,296.35,0.91,200,229,
sostenido 15rps,buscar por texto,35.839,99.67,99.39,0.29,200,32098,
sostenido 15rps,etiquetas,35.892,50.56,49.88,0.68,200,237,
sostenido 15rps,listar libreta,35.965,399.11,398.63,0.48,200,64618,
sostenido 15rps,listar libreta,35.983,401.88,401.4,0.48,200,64650,
sostenido 15rps,listar libreta,36.066,307.11,306.77,0.34,200,64478,
sostenido 15rps,resumen,36.098,128.28,127.7,0.58,200,229,
sostenido 15rps,etiquetas,36.106,54.49,53.89,0.6,200,237,
sostenido 15rps,buscar por texto,36.127,202.08,201.43,0.65,200,32113,
sostenido 15rps,abrir ficha,36.14,55.87,55.04,0.83,200,1286,
sostenido 15rps,etiquetas,36.264,28.9,28.12,0.78,200,237,
sostenido 15rps,etiquetas,36.347,37.38,35.88,1.5,200,237,
sostenido 15rps,buscar por texto,36.359,86.04,85.18,0.87,200,32233,
sostenido 15rps,duplicados,36.461,6597.41,6596.73,0.67,200,1482549,
sostenido 15rps,resumen,36.48,266.22,265.4,0.82,200,229,
sostenido 15rps,listar libreta,36.644,101.24,100.02,1.22,200,64618,
sostenido 15rps,listar libreta,36.676,110.66,110.3,0.36,200,64478,
sostenido 15rps,etiquetas,36.751,36.29,35.31,0.98,200,237,
sostenido 15rps,listar libreta,36.751,79.12,78.15,0.97,200,64478,
sostenido 15rps,abrir ficha,36.872,24.56,23.79,0.77,200,1297,
sostenido 15rps,filtrar,36.874,41.8,41.22,0.58,200,32271,
sostenido 15rps,abrir ficha,36.983,226.89,225.67,1.22,200,1276,
sostenido 15rps,abrir ficha,36.996,228.71,227.57,1.15,200,1294,
sostenido 15rps,resumen,37.115,145.29,144.99,0.3,200,229,
sostenido 15rps,listar libreta,37.132,139.36,138.85,0.51,200,64650,
sostenido 15rps,resumen,37.26,83.47,82.49,0.98,200,229,
sostenido 15rps,filtrar,37.394,53.15,52.65,0.5,200,32161,
sostenido 15rps,resumen,37.469,304.52,304.25,0.27,200,229,
sostenido 15rps,listar libreta,37.724,507.52,506.97,0.55,200,64659,
sostenido 15rps,filtrar,37.738,330.91,328.89,2.02,200,32367,
sostenido 15rps,buscar por texto,37.785,343.3,342.72,0.57,200,32331,
sostenido 15rps,listar libreta,37.816,485.21,484.57,0.64,200,64618,
sostenido 15rps,abrir ficha,37.83,114.05,113.87,0.18,200,1283,
sostenido 15rps,resumen,37.92,108.74,107.75,0.99,200,229,
sostenido 15rps,listar libreta,37.936,389.69,389.17,0.52,200,64650,
sostenido 15rps,abrir ficha,38.06,58.53,57.87,0.66,200,1273,
sostenido 15rps,abrir ficha,38.129,46.89,46.05,0.84,200,1291,
sostenido 15rps,listar libreta,38.221,198.58,197.6,0.98,200,64650,
sostenido 15rps,resumen,38.285,100.85,100.11,0.74,200,229,
sostenido 15rps,filtrar,38.293,112.85,112.69,0.16,200,32161,
sostenido 15rps,etiquetas,38.384,35.39,34.14,1.26,200,237,
sostenido 15rps,resumen,38.384,86.7,84.92,1.79,200,229,
sostenido 15rps,buscar por texto,38.411,58.23,57.37,0.86,200,32319,
sostenido 15rps,resumen,38.527,380.9,379.81,1.09,200,229,
sostenido 15rps,listar libreta,38.537,383.14,382.03,1.11,200,64659,
sostenido 15rps,resumen,38.611,286.24,285.54,0.7,200,229,
sostenido 15rps,resumen,38.633,254.41,253.54,0.87,200,229,
sostenido 15rps,buscar por texto,38.933,255.06,253.79,1.27,200,32105,
sostenido 15rps,resumen,38.944,97.25,96.17,1.08,200,229,
sostenido 15rps,resumen,38.958,187.07,182.14,4.94,200,229,
sostenido 15rps,listar libreta,38.979,252.55,251.65,0.9,200,64618,
sostenido 15rps,buscar por texto,39.148,101.33,100.52,0.81,200,32059,
sostenido 15rps,listar libreta,39.299,501.46,500.74,0.72,200,64618,
sostenido 15rps,resumen,39.483,143.77,143.3,0.47,200,229,
sostenido 15rps,buscar por texto,39.487,161.23,160.14,1.09,200,32181,
sostenido 15rps,listar libreta,39.531,252.63,251.8,0.83,200,64650,
sostenido 15rps,filtrar,39.586,214.08,213.17,0.91,200,32239,
sostenido 15rps,listar libreta,39.646,198.67,198.32,0.35,200,64618,
sostenido 15rps,abrir ficha,39.702,68.33,67.57,0.76,200,1271,
sostenido 15rps,listar libreta,39.742,125.82,125.34,0.48,200,64478,
sostenido 15rps,buscar por texto,39.899,343.25,342.44,0.81,200,32114,
sostenido 15rps,buscar por texto,40.005,251.3,250.01,1.29,200,32168,
sostenido 15rps,abrir ficha,40.009,212.27,211.31,0.96,200,1276,
sostenido 15rps,etiquetas,40.038,164.72,164.21,0.51,200,237,
sostenido 15rps,abrir ficha,40.138,88.57,87.85,0.72,200,1263,
sostenido 15rps,listar libreta,40.282,290.92,289.38,1.54,200,64618,
sostenido 15rps,listar libreta,40.494,87.06,86.46,0.6,200,64659,
sostenido 15rps,etiquetas,40.643,172.23,171.98,0.25,200,237,
sostenido 15rps,abrir ficha,40.95,167.27,166.1,1.17,200,1290,
sostenido 15rps,resumen,41.02,196.92,196.65,0.27,200,229,
sostenido 15rps,resumen,41.145,289.35,288.45,0.91,200,229,
sostenido 15rps,abrir ficha,41.154,20.35,19.28,1.07,200,1273,
sostenido 15rps,historial de la ficha,41.309,146.86,146.53,0.33,200,1767,
sostenido 15rps,filtrar,41.583,469.69,468.88,0.8,200,32271,
sostenido 15rps,resumen,41.628,342.05,340.85,1.19,200,229,
sostenido 15rps,resumen,41.724,254.21,253.1,1.11,200,229,
sostenido 15rps,abrir ficha,41.794,143.58,143.13,0.45,200,1285,
sostenido 15rps,listar libreta,41.828,349.89,348.81,1.08,200,64659,
sostenido 15rps,listar libreta,41.86,286.72,285.67,1.05,200,64618,
sostenido 15rps,buscar por texto,41.956,229.0,227.84,1.16,200,32262,
sostenido 15rps,listar libreta,41.983,234.13,233.84,0.29,200,64659,
sostenido 15rps,buscar por texto,42.112,104.48,103.16,1.32,200,32147,
sostenido 15rps,listar libreta,42.295,313.47,312.33,1.15,200,64478,
sostenido 15rps,listar libreta,42.371,245.93,245.45,0.48,200,64659,
sostenido 15rps,abrir ficha,42.396,145.98,145.08,0.9,200,1276,
sostenido 15rps,etiquetas,42.424,108.27,107.46,0.81,200,237,
sostenido 15rps,abrir ficha,42.511,36.72,36.06,0.66,200,1286,
sostenido 15rps,resumen,42.562,95.88,95.51,0.37,200,229,
sostenido 15rps,etiquetas,42.622,18.22,17.51,0.71,200,237,
sostenido 15rps,buscar por texto,42.675,57.34,56.65,0.69,200,32181,
sostenido 15rps,listar libreta,43.005,72.51,71.29,1.22,200,64478,
sostenido 15rps,abrir ficha,43.128,11.99,10.98,1.01,200,1292,
sostenido 15rps,buscar por texto,43.331,35.14,34.01,1.13,200,31997,
sostenido 15rps,listar libreta,43.455,44.74,43.84,0.9,200,64618,
sostenido 15rps,filtrar,43.458,46.91,46.24,0.67,200,32271,
sostenido 15rps,abrir ficha,43.486,24.25,23.58,0.67,200,1293,
sostenido 15rps,listar libreta,43.577,96.5,94.33,2.17,200,64478,
sostenido 15rps,resumen,43.802,59.28,58.73,0.54,200,229,
sostenido 15rps,buscar por texto,43.862,33.39,32.33,1.06,200,32111,
sostenido 15rps,listar libreta,43.901,23.05,22.43,0.62,200,64618,
sostenido 15rps,buscar por texto,44.003,36.67,35.84,0.83,200,32113,
sostenido 15rps,resumen,44.007,60.36,59.54,0.82,200,229,
sostenido 15rps,etiquetas,44.07,15.45,14.62,0.83,200,237,
sostenido 15rps,listar libreta,44.1,33.21,32.22,0.99,200,64478,
sostenido 15rps,listar libreta,44.417,27.04,24.99,2.05,200,64618,
sostenido 15rps,buscar por texto,44.524,33.54,32.64,0.89,200,31997,
sostenido 15rps,resumen,44.579,64.2,63.6,0.61,200,229,
sostenido 15rps,buscar por texto,44.59,32.82,32.29,0.53,200,31997,
sostenido 15rps,abrir ficha,44.63,12.9,12.01,0.89,200,1275,
sostenido 15rps,etiquetas,44.675,17.64,16.99,0.65,200,237,
sostenido 15rps,filtrar,44.799,33.03,32.7,0.33,200,32367,
sostenido 15rps,abrir ficha,44.816,20.63,20.23,0.4,200,1287,
sostenido 15rps,listar libreta,44.839,35.09,34.37,0.72,200,64659,
sostenido 15rps,buscar por texto,44.947,34.3,33.23,1.06,200,32098,
sostenido 15rps,historial de la ficha,44.952,12.02,10.97,1.05,200,1116,
sostenido 15rps,resumen,45.154,57.62,56.75,0.87,200,229,
sostenido 15rps,etiquetas,45.202,15.89,15.4,0.49,200,237,
sostenido 15rps,listar libreta,45.298,25.77,25.08,0.69,200,64478,
sostenido 15rps,resumen,45.343,60.14,58.99,1.15,200,229,
sostenido 15rps,filtrar,45.363,23.27,22.16,1.1,200,32367,
sostenido 15rps,abrir ficha,45.412,19.01,17.77,1.25,200,1283,
sostenido 15rps,abrir ficha,45.414,18.6,18.45,0.15,200,1286,
sostenido 15rps,resumen,45.51,60.1,59.37,0.73,200,229,
sostenido 15rps,listar libreta,45.665,53.92,53.19,0.72,200,64650,
sostenido 15rps,listar libreta,45.668,60.52,59.89,0.63,200,64650,
sostenido 15rps,buscar por texto,45.676,61.12,60.29,0.83,200,32147,
sostenido 15rps,historial de la ficha,45.772,13.68,12.72,0.96,200,7327,
sostenido 15rps,resumen,45.818,58.11,57.6,0.51,200,229,
sostenido 15rps,resumen,45.825,64.58,63.97,0.61,200,229,
sostenido 15rps,historial de la ficha,45.863,13.71,12.5,1.21,200,3194,
sostenido 15rps,etiquetas,45.886,16.24,15.83,0.41,200,237,
sostenido 15rps,etiquetas,45.948,17.04,16.31,0.73,200,237,
sostenido 15rps,resumen,46.003,59.43,58.29,1.14,200,229,
sostenido 15rps,resumen,46.057,59.45,57.66,1.79,200,229,
sostenido 15rps,resumen,46.212,59.24,58.54,0.7,200,229,
sostenido 15rps,resumen,46.373,60.05,57.9,2.15,200,229,
sostenido 15rps,abrir ficha,46.465,12.16,10.95,1.21,200,1294,
sostenido 15rps,resumen,46.549,59.01,58.12,0.89,200,229,
sostenido 15rps,etiquetas,46.609,16.17,15.84,0.33,200,237,
sostenido 15rps,abrir ficha,46.652,12.73,12.38,0.35,200,1278,
sostenido 15rps,buscar por texto,46.666,38.43,37.54,0.9,200,32176,
sostenido 15rps,etiquetas,46.687,18.17,17.36,0.8,200,237,
sostenido 15rps,resumen,46.725,61.02,60.76,0.27,200,229,
sostenido 15rps,filtrar,46.751,29.44,28.63,0.82,200,32452,
sostenido 15rps,listar libreta,46.813,25.49,25.18,0.31,200,64478,
sostenido 15rps,abrir ficha,46.844,10.85,9.76,1.09,200,1293,
sostenido 15rps,resumen,46.952,115.73,114.61,1.13,200,229,
sostenido 15rps,listar libreta,46.989,87.41,86.72,0.69,200,64650,
sostenido 15rps,listar libreta,47.083,25.22,24.06,1.16,200,64659,
sostenido 15rps,abrir ficha,47.156,14.68,14.4,0.28,200,1263,
sostenido 15rps,listar libreta,47.16,31.19,30.73,0.46,200,64478,
sostenido 15rps,abrir ficha,47.212,14.14,13.1,1.04,200,1277,
sostenido 15rps,listar libreta,47.218,27.74,27.37,0.37,200,64659,
sostenido 15rps,buscar por texto,47.277,31.12,30.56,0.55,200,32139,
sostenido 15rps,buscar por texto,47.342,31.71,30.69,1.02,200,32081,
sostenido 15rps,resumen,47.583,58.06,57.13,0.93,200,229,
sostenido 15rps,resumen,47.652,56.79,56.02,0.77,200,229,
sostenido 15rps,filtrar,47.729,23.7,22.84,0.85,200,32271,
sostenido 15rps,resumen,47.734,58.12,57.44,0.69,200,229,
sostenido 15rps,listar libreta,47.793,25.2,24.6,0.61,200,64659,
sostenido 15rps,buscar por texto,47.856,36.83,36.59,0.23,200,32319,
sostenido 15rps,resumen,47.873,57.43,57.23,0.2,200,229,
sostenido 15rps,listar libreta,47.954,35.03,34.19,0.84,200,64478,
sostenido 15rps,abrir ficha,47.961,13.49,12.97,0.53,200,1273,
sostenido 15rps,listar libreta,48.012,26.26,25.24,1.03,200,64478,
sostenido 15rps,resumen,48.062,59.36,58.59,0.78,200,229,
sostenido 15rps,buscar por texto,48.081,36.21,34.41,1.8,200,32059,
sostenido 15rps,filtrar,48.183,24.24,23.51,0.74,200,32161,
sostenido 15rps,buscar por texto,48.204,33.51,32.57,0.94,200,32114,
sostenido 15rps,buscar por texto,48.247,32.43,31.66,0.76,200,32176,
sostenido 15rps,etiquetas,48.465,17.28,15.95,1.33,200,237,
sostenido 15rps,buscar por texto,48.492,57.67,57.12,0.54,200,32111,
sostenido 15rps,listar libreta,48.498,35.45,35.17,0.28,200,64650,
sostenido 15rps,listar libreta,48.509,52.99,52.4,0.59,200,64650,
sostenido 15rps,filtrar,48.582,27.76,27.03,0.73,200,32302,
sostenido 15rps,buscar por texto,48.677,34.63,33.84,0.79,200,31997,
sostenido 15rps,buscar por texto,48.746,36.29,35.25,1.05,200,32114,
sostenido 15rps,resumen,48.776,61.56,60.78,0.78,200,229,
sostenido 15rps,buscar por texto,48.84,32.84,32.45,0.39,200,32331,
sostenido 15rps,listar libreta,48.896,25.36,24.93,0.42,200,64659,
sostenido 15rps,resumen,48.952,60.93,59.99,0.94,200,229,
sostenido 15rps,abrir ficha,49.0,11.9,11.17,0.73,200,1279,
sostenido 15rps,listar libreta,49.034,26.53,25.65,0.88,200,64478,
sostenido 15rps,abrir ficha,49.094,12.06,11.55,0.51,200,1280,
sostenido 15rps,listar libreta,49.242,141.99,140.83,1.16,200,64618,
sostenido 15rps,listar libreta,49.246,114.05,112.96,1.1,200,64659,
sostenido 15rps,etiquetas,49.362,22.68,22.05,0.63,200,237,
sostenido 15rps,etiquetas,49.411,17.06,16.65,0.41,200,237,
sostenido 15rps,buscar por texto,49.451,37.81,37.0,0.81,200,32111,
sostenido 15rps,resumen,49.467,60.31,59.95,0.35,200,229,
sostenido 15rps,buscar por texto,49.489,33.3,32.38,0.92,200,32139,
sostenido 15rps,resumen,49.543,58.54,58.1,0.44,200,229,
sostenido 15rps,buscar por texto,49.564,35.74,34.75,1.0,200,32113,
sostenido 15rps,resumen,49.6,59.39,58.8,0.6,200,229,
sostenido 15rps,listar libreta,49.676,25.76,25.12,0.64,200,64618,
sostenido 15rps,listar libreta,49.753,30.67,28.87,1.81,200,64618,
sostenido 15rps,resumen,49.787,60.7,60.0,0.7,200,229,
sostenido 15rps,etiquetas,49.794,14.83,14.12,0.71,200,237,
sostenido 15rps,buscar por texto,49.831,30.98,30.05,0.93,200,32139,
sostenido 15rps,etiquetas,49.862,14.96,14.4,0.56,200,237,
sostenido 15rps,abrir ficha,49.874,10.77,9.67,1.1,200,1258,
sostenido 15rps,listar libreta,49.883,31.27,29.96,1.31,200,64659,
sostenido 15rps,listar libreta,49.89,39.94,39.47,0.47,200,64659,
sostenido 15rps,abrir ficha,49.958,10.91,10.1,0.8,200,1277,
sostenido 15rps,listar libreta,49.995,24.55,23.41,1.14,200,64659,
sostenido 15rps,listar libreta,50.052,38.04,37.58,0.47,200,64650,
sostenido 15rps,listar libreta,50.055,41.67,41.21,0.46,200,64650,
sostenido 15rps,listar libreta,50.114,26.86,25.65,1.21,200,64618,
sostenido 15rps,abrir ficha,50.135,13.18,12.55,0.63,200,1293,
sostenido 15rps,etiquetas,50.148,14.78,14.35,0.43,200,237,
sostenido 15rps,resumen,50.157,56.14,55.55,0.59,200,229,
sostenido 15rps,historial de la ficha,50.277,12.53,11.33,1.21,200,1159,
sostenido 15rps,listar libreta,50.324,25.05,24.43,0.62,200,64650,
sostenido 15rps,resumen,50.46,58.59,57.38,1.21,200,229,
sostenido 15rps,buscar por texto,50.466,33.89,33.63,0.27,200,32176,
sostenido 15rps,buscar por texto,50.554,35.84,33.73,2.11,200,32113,
sostenido 15rps,listar libreta,50.646,27.37,26.23,1.14,200,64618,
sostenido 15rps,buscar por texto,50.753,102.54,101.74,0.8,200,32147,
sostenido 15rps,listar libreta,50.77,112.49,111.92,0.57,200,64659,
sostenido 15rps,abrir ficha,50.807,56.2,54.39,1.81,200,1273,
sostenido 15rps,resumen,50.871,60.86,60.27,0.59,200,229,
sostenido 15rps,resumen,50.919,72.37,71.81,0.56,200,229,
sostenido 15rps,abrir ficha,50.966,12.56,12.29,0.27,200,1288,
sostenido 15rps,etiquetas,50.978,15.46,14.53,0.93,200,237,
sostenido 15rps,listar libreta,51.067,26.5,26.1,0.4,200,64659,
sostenido 15rps,listar libreta,51.1,25.07,24.47,0.61,200,64659,
sostenido 15rps,buscar por texto,51.168,33.49,32.96,0.53,200,32111,
sostenido 15rps,duplicados,51.358,3697.15,3695.91,1.24,200,1482549,
sostenido 15rps,filtrar,51.372,29.53,29.12,0.41,200,32347,
sostenido 15rps,buscar por texto,51.817,110.29,108.26,2.03,200,32168,
sostenido 15rps,buscar por texto,51.839,80.93,80.1,0.82,200,32233,
sostenido 15rps,resumen,51.858,220.48,219.65,0.83,200,229,
sostenido 15rps,resumen,52.006,149.09,148.43,0.67,200,229,
sostenido 15rps,listar libreta,52.07,81.03,80.38,0.65,200,64618,
sostenido 15rps,buscar por texto,52.249,154.64,153.42,1.23,200,32168,
sostenido 15rps,listar libreta,52.429,239.8,239.5,0.31,200,64650,
sostenido 15rps,buscar por texto,52.478,343.75,343.03,0.72,200,32098,
sostenido 15rps,buscar por texto,52.535,283.94,283.17,0.76,200,32147,
sostenido 15rps,etiquetas,52.593,64.87,64.42,0.46,200,237,
sostenido 15rps,abrir ficha,52.634,56.41,55.85,0.56,200,1286,
sostenido 15rps,listar libreta,52.639,269.22,268.74,0.48,200,64650,
sostenido 15rps,listar libreta,52.716,263.43,261.84,1.59,200,64618,
sostenido 15rps,filtrar,52.748,174.41,173.49,0.92,200,32448,
sostenido 15rps,resumen,52.781,122.13,121.17,0.96,200,229,
sostenido 15rps,buscar por texto,52.847,153.56,150.95,2.61,200,32233,
sostenido 15rps,abrir ficha,52.898,43.46,42.72,0.75,200,1291,
sostenido 15rps,abrir ficha,52.923,39.83,39.03,0.8,200,1276,
sostenido 15rps,abrir ficha,52.94,42.7,42.27,0.43,200,1273,
sostenido 15rps,buscar por texto,52.983,58.54,57.53,1.0,200,32310,
sostenido 15rps,buscar por texto,53.018,76.77,75.68,1.09,200,32231,
sostenido 15rps,listar libreta,53.045,78.25,77.65,0.61,200,64618,
sostenido 15rps,listar libreta,53.119,228.62,228.02,0.6,200,64618,
sostenido 15rps,abrir ficha,53.506,306.06,304.92,1.14,200,1278,
sostenido 15rps,listar libreta,53.518,446.61,446.14,0.47,200,64618,
sostenido 15rps,resumen,53.569,268.67,267.96,0.71,200,229,
sostenido 15rps,filtrar,53.573,296.34,295.71,0.63,200,31887,
sostenido 15rps,resumen,53.655,181.41,180.57,0.83,200,229,
sostenido 15rps,etiquetas,53.664,108.72,108.22,0.5,200,237,
sostenido 15rps,buscar por texto,53.698,216.87,216.1,0.77,200,32113,
sostenido 15rps,listar libreta,53.859,246.4,245.99,0.41,200,64650,
sostenido 15rps,abrir ficha,53.864,45.83,44.7,1.12,200,1287,
sostenido 15rps,listar libreta,53.884,241.78,240.64,1.14,200,64478,
sostenido 15rps,listar libreta,53.97,178.11,177.15,0.97,200,64650,
sostenido 15rps,buscar por texto,54.08,97.63,96.88,0.75,200,32093,
sostenido 15rps,listar libreta,54.123,96.26,94.06,2.2,200,64659,
sostenido 15rps,resumen,54.393,221.68,220.12,1.56,200,229,
sostenido 15rps,resumen,54.446,150.7,149.88,0.81,200,229,
sostenido 15rps,resumen,54.519,127.28,125.5,1.78,200,229,
sostenido 15rps,listar libreta,54.562,143.85,143.25,0.6,200,64618,
sostenido 15rps,listar libreta,54.567,139.32,139.13,0.19,200,64659,
sostenido 15rps,abrir ficha,54.588,41.43,41.1,0.33,200,1286,
sostenido 15rps,abrir ficha,54.652,37.71,36.57,1.14,200,1278,
sostenido 15rps,resumen,54.663,89.96,88.66,1.29,200,229,
sostenido 15rps,buscar por texto,54.694,94.68,94.04,0.64,200,32114,
sostenido 15rps,resumen,54.695,111.41,110.87,0.54,200,229,
sostenido 15rps,buscar por texto,55.014,98.43,96.97,1.45,200,32093,
sostenido 15rps,resumen,55.041,90.39,89.69,0.71,200,229,
sostenido 15rps,listar libreta,55.057,38.97,38.55,0.42,200,64650,
sostenido 15rps,abrir ficha,55.157,13.37,13.02,0.35,200,1286,
sostenido 15rps,abrir ficha,55.168,11.57,10.56,1.02,200,1258,
sostenido 15rps,listar libreta,55.189,29.48,29.01,0.47,200,64659,
sostenido 15rps,buscar por texto,55.361,49.5,47.59,1.91,200,32081,
sostenido 15rps,etiquetas,55.461,24.62,23.79,0.83,200,237,
sostenido 15rps,filtrar,55.567,27.74,27.14,0.61,200,32347,
sostenido 15rps,filtrar,55.672,32.36,31.4,0.96,200,32184,
sostenido 15rps,resumen,55.713,73.96,72.7,1.25,200,229,
sostenido 15rps,listar libreta,55.86,29.95,29.38,0.58,200,64478,
sostenido 15rps,abrir ficha,55.982,19.48,18.68,0.8,200,1290,
sostenido 15rps,buscar por texto,55.991,39.16,38.89,0.27,200,32319,
sostenido 15rps,resumen,56.157,63.3,62.09,1.21,200,229,
sostenido 15rps,abrir ficha,56.205,19.0,17.92,1.08,200,1279,
sostenido 15rps,buscar por texto,56.206,38.58,37.03,1.54,200,32262,
sostenido 15rps,resumen,56.304,64.23,63.61,0.62,200,229,
sostenido 15rps,abrir ficha,56.306,14.37,13.95,0.42,200,1292,
sostenido 15rps,buscar por texto,56.332,35.05,34.49,0.56,200,32139,
sostenido 15rps,resumen,56.406,69.07,68.4,0.68,200,229,
sostenido 15rps,buscar por texto,56.417,34.12,33.24,0.88,200,32331,
sostenido 15rps,buscar por texto,56.533,40.76,38.89,1.86,200,31997,
sostenido 15rps,buscar por texto,56.556,41.81,41.25,0.56,200,32059,
sostenido 15rps,etiquetas,56.58,20.41,20.16,0.26,200,237,
sostenido 15rps,resumen,56.603,69.48,69.31,0.17,200,229,
sostenido 15rps,listar libreta,56.677,29.28,28.57,0.71,200,64618,
sostenido 15rps,historial de la ficha,56.851,13.0,12.43,0.57,200,3935,
sostenido 15rps,duplicados,56.867,3511.78,3511.24,0.54,200,1482549,
sostenido 15rps,etiquetas,56.966,129.84,129.17,0.66,200,237,
sostenido 15rps,listar libreta,56.975,176.94,176.32,0.63,200,64650,
sostenido 15rps,abrir ficha,56.976,122.87,122.32,0.55,200,1274,
sostenido 15rps,filtrar,57.005,139.82,139.33,0.49,200,32239,
sostenido 15rps,historial de la ficha,57.014,104.12,103.72,0.4,200,7340,
sostenido 15rps,listar libreta,57.157,55.42,55.06,0.37,200,64659,
sostenido 15rps,listar libreta,57.159,46.83,45.78,1.05,200,64650,
sostenido 15rps,listar libreta,57.23,222.52,220.73,1.8,200,64618,
sostenido 15rps,filtrar,57.252,185.16,184.87,0.29,200,32367,
sostenido 15rps,buscar por texto,57.319,147.4,146.69,0.72,200,32310,
sostenido 15rps,listar libreta,57.489,41.87,41.45,0.41,200,64618,
sostenido 15rps,filtrar,57.812,186.84,185.67,1.17,200,31887,
sostenido 15rps,resumen,57.855,159.97,159.64,0.33,200,229,
sostenido 15rps,listar libreta,57.965,86.36,85.58,0.79,200,64618,
sostenido 15rps,listar libreta,58.006,64.41,63.84,0.57,200,64618,
sostenido 15rps,resumen,58.079,246.15,245.24,0.92,200,229,
sostenido 15rps,resumen,58.169,171.5,170.9,0.61,200,229,
sostenido 15rps,abrir ficha,58.231,61.49,60.78,0.71,200,1280,
sostenido 15rps,abrir ficha,58.26,33.06,31.87,1.19,200,1280,
sostenido 15rps,listar libreta,58.283,67.87,67.21,0.66,200,64478,
sostenido 15rps,listar libreta,58.561,84.6,84.15,0.45,200,64478,
sostenido 15rps,resumen,58.754,267.16,266.5,0.67,200,229,
sostenido 15rps,filtrar,58.8,194.85,193.68,1.18,200,32184,
sostenido 15rps,abrir ficha,58.811,160.48,159.56,0.92,200,1279,
sostenido 15rps,listar libreta,58.97,144.05,143.27,0.78,200,64650,
sostenido 15rps,resumen,58.994,125.33,124.86,0.47,200,229,
sostenido 15rps,buscar por texto,59.013,184.63,182.93,1.7,200,32233,
sostenido 15rps,resumen,59.027,155.56,154.83,0.73,200,229,
sostenido 15rps,listar libreta,59.206,283.41,281.66,1.76,200,64618,
sostenido 15rps,listar libreta,59.454,94.02,92.92,1.1,200,64618,
sostenido 15rps,listar libreta,59.493,103.65,102.87,0.78,200,64478,
sostenido 15rps,resumen,59.586,105.9,105.43,0.47,200,229,
sostenido 15rps,buscar por texto,59.702,76.67,75.72,0.94,200,32168,
sostenido 15rps,abrir ficha,59.716,26.84,24.83,2.01,200,1276,
sostenido 15rps,resumen,59.787,434.66,434.36,0.3,200,229,
sostenido 15rps,filtrar,59.862,563.23,562.09,1.13,200,32264,
sostenido 15rps,resumen,59.878,446.8,446.04,0.76,200,229,
sostenido 15rps,resumen,59.925,465.92,465.52,0.4,200,229,
sostenido 15rps,filtrar,59.953,469.45,468.09,1.36,200,32239,
sostenido 15rps,abrir ficha,59.959,431.59,430.98,0.61,200,1276,
sostenido 15rps,resumen,60.047,350.91,349.93,0.98,200,229,
sostenido 15rps,resumen,60.222,229.22,228.38,0.85,200,229,
sostenido 15rps,listar libreta,60.322,125.03,124.61,0.42,200,64478,
sostenido 15rps,etiquetas,60.574,18.75,17.68,1.07,200,237,
sostenido 15rps,buscar por texto,60.74,36.27,35.7,0.56,200,32078,
sostenido 15rps,listar libreta,60.912,29.04,28.23,0.8,200,64659,
sostenido 15rps,buscar por texto,60.949,39.01,37.15,1.86,200,32081,
sostenido 15rps,listar libreta,60.975,36.62,35.54,1.09,200,64650,
sostenido 15rps,listar libreta,60.995,35.98,35.46,0.52,200,64659,
sostenido 15rps,listar libreta,61.037,24.44,23.65,0.79,200,64618,
sostenido 15rps,buscar por texto,61.085,32.81,31.83,0.98,200,32139,
sostenido 15rps,buscar por texto,61.098,33.68,33.13,0.55,200,32105,
sostenido 15rps,abrir ficha,61.215,13.01,11.9,1.11,200,1276,
sostenido 15rps,buscar por texto,61.307,43.85,43.46,0.39,200,32319,
sostenido 15rps,buscar por texto,61.312,47.4,46.4,1.0,200,32168,
sostenido 15rps,abrir ficha,61.313,19.24,18.25,0.98,200,1290,
sostenido 15rps,buscar por texto,61.394,35.38,34.34,1.04,200,32181,
sostenido 15rps,resumen,61.402,59.17,58.81,0.35,200,229,
sostenido 15rps,resumen,61.443,62.56,61.97,0.6,200,229,
sostenido 15rps,etiquetas,61.449,21.71,21.5,0.21,200,237,
sostenido 15rps,resumen,61.462,59.82,58.69,1.13,200,229,
sostenido 15rps,listar libreta,61.501,34.03,32.96,1.06,200,64478,
sostenido 15rps,buscar por texto,61.504,44.98,43.35,1.64,200,32233,
sostenido 15rps,resumen,61.706,59.61,58.93,0.68,200,229,
sostenido 15rps,resumen,61.87,58.1,57.8,0.3,200,229,
sostenido 15rps,listar libreta,61.969,30.42,29.87,0.55,200,64478,
sostenido 15rps,historial de la ficha,61.984,21.28,20.09,1.19,200,6827,
sostenido 15rps,etiquetas,62.37,18.3,17.04,1.26,200,237,
sostenido 15rps,buscar por texto,62.516,43.39,42.42,0.97,200,32231,
sostenido 15rps,listar libreta,62.539,34.88,34.33,0.55,200,64650,
sostenido 15rps,resumen,62.726,58.31,57.82,0.49,200,229,
sostenido 15rps,listar libreta,63.052,27.73,26.11,1.62,200,64618,
sostenido 15rps,resumen,63.084,59.37,58.55,0.82,200,229,
sostenido 15rps,resumen,63.14,61.19,59.98,1.21,200,229,
sostenido 15rps,abrir ficha,63.189,12.92,12.37,0.55,200,1266,
sostenido 15rps,abrir ficha,63.23,10.32,9.72,0.59,200,1287,
sostenido 15rps,listar libreta,63.241,33.08,32.55,0.54,200,64618,
sostenido 15rps,resumen,63.246,70.09,69.78,0.31,200,229,
sostenido 15rps,listar libreta,63.261,32.74,32.32,0.43,200,64650,
sostenido 15rps,resumen,63.322,82.49,81.82,0.67,200,229,
sostenido 15rps,resumen,63.331,79.18,78.77,0.41,200,229,
sostenido 15rps,listar libreta,63.342,46.61,45.43,1.17,200,64650,
sostenido 15rps,resumen,63.346,73.64,73.37,0.27,200,229,
sostenido 15rps,resumen,63.391,67.29,66.56,0.73,200,229,
sostenido 15rps,etiquetas,63.461,15.87,14.93,0.93,200,237,
sostenido 15rps,filtrar,63.614,27.66,26.99,0.67,200,32161,
sostenido 15rps,etiquetas,63.645,16.22,15.24,0.98,200,237,
sostenido 15rps,abrir ficha,63.725,12.17,11.41,0.76,200,1276,
sostenido 15rps,listar libreta,63.941,26.59,26.18,0.41,200,64478,
sostenido 15rps,listar libreta,64.017,32.89,32.38,0.51,200,64478,
sostenido 15rps,resumen,64.019,68.98,68.15,0.83,200,229,
sostenido 15rps,buscar por texto,64.092,56.03,54.91,1.12,200,32114,
sostenido 15rps,buscar por texto,64.096,56.83,56.43,0.4,200,32233,
sostenido 15rps,listar libreta,64.099,30.17,29.82,0.35,200,64478,
sostenido 15rps,buscar por texto,64.191,33.29,32.23,1.06,200,32120,
sostenido 15rps,resumen,64.298,59.56,58.65,0.9,200,229,
sostenido 15rps,historial de la ficha,64.359,11.72,11.19,0.53,200,6827,
sostenido 15rps,abrir ficha,64.373,13.05,12.46,0.59,200,1280,
sostenido 15rps,etiquetas,64.374,22.13,21.17,0.96,200,237,
sostenido 15rps,resumen,64.391,59.57,59.33,0.24,200,229,
sostenido 15rps,historial de la ficha,64.395,10.98,10.2,0.78,200,3796,
sostenido 15rps,filtrar,64.407,32.53,31.72,0.8,200,31887,
sostenido 15rps,etiquetas,64.429,16.41,15.85,0.55,200,237,
sostenido 15rps,listar libreta,64.462,24.61,24.05,0.56,200,64478,
sostenido 15rps,filtrar,64.522,29.74,28.1,1.64,200,32452,
sostenido 15rps,listar libreta,64.566,24.42,23.95,0.48,200,64618,
sostenido 15rps,resumen,64.693,60.66,58.69,1.97,200,229,
sostenido 15rps,resumen,64.741,61.84,61.3,0.54,200,229,
sostenido 15rps,abrir ficha,64.769,11.49,10.4,1.09,200,1293,
sostenido 15rps,listar libreta,64.784,86.25,85.48,0.77,200,64650,
sostenido 15rps,listar libreta,64.785,85.5,85.17,0.33,200,64659,
sostenido 15rps,resumen,64.8,98.87,98.05,0.82,200,229,
sostenido 15rps,listar libreta,64.813,73.88,73.29,0.59,200,64478,
sostenido 15rps,buscar por texto,64.917,35.33,34.61,0.71,200,32139,
sostenido 15rps,resumen,64.969,58.48,57.78,0.7,200,229,
sostenido 15rps,etiquetas,65.06,16.25,15.43,0.82,200,237,
sostenido 15rps,resumen,65.117,58.79,57.77,1.02,200,229,
sostenido 15rps,filtrar,65.288,29.5,28.81,0.69,200,32448,
sostenido 15rps,resumen,65.332,56.99,56.77,0.22,200,229,
sostenido 15rps,listar libreta,65.449,27.2,26.08,1.11,200,64659,
sostenido 15rps,filtrar,65.876,24.84,24.0,0.84,200,32347,
sostenido 15rps,filtrar,65.995,24.38,23.6,0.77,200,32161,
sostenido 15rps,listar libreta,66.059,25.84,25.09,0.75,200,64650,
sostenido 15rps,buscar por texto,66.12,34.02,33.52,0.5,200,32105,
sostenido 15rps,resumen,66.168,57.71,57.46,0.25,200,229,
sostenido 15rps,historial de la ficha,66.191,12.67,11.86,0.81,200,3796,
sostenido 15rps,etiquetas,66.212,18.82,18.36,0.46,200,237,
sostenido 15rps,listar libreta,66.227,26.7,26.14,0.56,200,64659,
sostenido 15rps,resumen,66.421,72.82,72.27,0.55,200,229,
sostenido 15rps,listar libreta,66.617,37.1,36.73,0.38,200,64650,
sostenido 15rps,resumen,66.674,77.95,77.33,0.62,200,229,
sostenido 15rps,resumen,66.797,62.46,62.09,0.37,200,229,
sostenido 15rps,resumen,66.849,59.66,58.63,1.03,200,229,
sostenido 15rps,buscar por texto,66.874,33.96,33.71,0.25,200,32181,
sostenido 15rps,resumen,67.035,60.4,59.89,0.51,200,229,
sostenido 15rps,buscar por texto,67.209,35.17,33.93,1.24,200,32147,
sostenido 15rps,resumen,67.308,59.81,58.85,0.95,200,229,
sostenido 15rps,listar libreta,67.336,27.75,25.95,1.8,200,64618,
sostenido 15rps,listar libreta,67.395,26.51,25.34,1.17,200,64478,
sostenido 15rps,filtrar,67.435,24.33,23.32,1.01,200,32161,
sostenido 15rps,abrir ficha,67.5,12.9,11.89,1.01,200,1287,
sostenido 15rps,abrir ficha,67.546,24.56,23.5,1.06,200,1286,
sostenido 15rps,historial de la ficha,67.548,28.94,28.6,0.34,200,1508,
sostenido 15rps,listar libreta,67.555,42.04,40.93,1.11,200,64618,
sostenido 15rps,resumen,67.617,63.61,62.94,0.67,200,229,
sostenido 15rps,buscar por texto,67.657,37.09,36.18,0.91,200,32114,
sostenido 15rps,resumen,67.717,60.08,59.07,1.01,200,229,
sostenido 15rps,buscar por texto,67.81,36.91,35.57,1.33,200,32139,
sostenido 15rps,resumen,67.858,61.63,60.6,1.03,200,229,
sostenido 15rps,abrir ficha,67.864,12.69,11.84,0.85,200,1290,
sostenido 15rps,historial de la ficha,67.89,12.57,12.03,0.53,200,2728,
sostenido 15rps,listar libreta,67.948,28.04,27.59,0.45,200,64659,
sostenido 15rps,resumen,68.091,64.56,63.34,1.22,200,229,
sostenido 15rps,listar libreta,68.133,31.98,31.06,0.93,200,64650,
sostenido 15rps,listar libreta,68.157,29.14,28.77,0.37,200,64618,
sostenido 15rps,listar libreta,68.184,27.03,26.57,0.45,200,64618,
sostenido 15rps,resumen,68.195,62.59,61.57,1.02,200,229,
sostenido 15rps,etiquetas,68.249,16.73,15.67,1.07,200,237,
sostenido 15rps,filtrar,68.281,24.49,24.11,0.38,200,32367,
sostenido 15rps,listar libreta,68.387,26.78,25.49,1.29,200,64650,
sostenido 15rps,listar libreta,68.585,26.8,25.91,0.89,200,64478,
sostenido 15rps,buscar por texto,68.606,36.89,36.16,0.72,200,32081,
sostenido 15rps,listar libreta,68.672,39.33,38.78,0.55,200,64650,
sostenido 15rps,listar libreta,68.677,50.69,50.14,0.55,200,64478,
sostenido 15rps,buscar por texto,68.693,45.74,45.52,0.22,200,32319,
sostenido 15rps,resumen,68.754,59.24,58.96,0.28,200,229,
sostenido 15rps,listar libreta,69.116,29.51,28.01,1.5,200,64478,
sostenido 15rps,listar libreta,69.142,29.46,29.01,0.46,200,64659,
sostenido 15rps,etiquetas,69.169,20.11,19.18,0.93,200,237,
sostenido 15rps,listar libreta,69.267,30.5,30.03,0.47,200,64478,
sostenido 15rps,resumen,69.395,60.94,60.6,0.33,200,229,
sostenido 15rps,buscar por texto,69.424,36.35,35.15,1.2,200,32111,
sostenido 15rps,resumen,69.488,60.36,60.03,0.33,200,229,
sostenido 15rps,abrir ficha,69.625,11.95,11.45,0.51,200,1280,
sostenido 15rps,abrir ficha,70.01,13.84,12.53,1.31,200,1268,
sostenido 15rps,resumen,70.046,75.16,74.27,0.89,200,229,
sostenido 15rps,listar libreta,70.047,36.08,35.35,0.74,200,64478,
sostenido 15rps,resumen,70.064,90.44,89.89,0.55,200,229,
sostenido 15rps,listar libreta,70.073,47.49,46.5,1.0,200,64650,
sostenido 15rps,resumen,70.153,61.79,60.65,1.14,200,229,
sostenido 15rps,filtrar,70.191,39.76,37.84,1.92,200,32239,
sostenido 15rps,resumen,70.235,128.25,127.53,0.71,200,229,
sostenido 15rps,resumen,70.261,152.71,152.43,0.28,200,229,
sostenido 15rps,listar libreta,70.279,96.25,95.2,1.05,200,64478,
sostenido 15rps,buscar por texto,70.521,43.8,42.87,0.93,200,32105,
sostenido 15rps,listar libreta,70.545,39.04,38.22,0.82,200,64650,
sostenido 15rps,listar libreta,70.619,33.74,31.91,1.83,200,64659,
sostenido 15rps,listar libreta,70.788,26.67,25.99,0.68,200,64650,
sostenido 15rps,filtrar,70.821,26.49,26.21,0.27,200,32347,
sostenido 15rps,abrir ficha,70.857,11.14,10.75,0.38,200,1273,
sostenido 15rps,listar libreta,70.877,27.62,27.46,0.16,200,64618,
sostenido 15rps,listar libreta,70.944,36.2,35.09,1.11,200,64650,
sostenido 15rps,abrir ficha,70.954,13.82,13.39,0.43,200,1286,
sostenido 15rps,listar libreta,71.064,26.11,25.82,0.29,200,64618,
sostenido 15rps,listar libreta,71.13,27.04,25.86,1.18,200,64478,
sostenido 15rps,listar libreta,71.23,30.75,29.5,1.25,200,64478,
sostenido 15rps,buscar por texto,71.249,41.35,40.99,0.36,200,32319,
sostenido 15rps,filtrar,71.343,24.41,23.87,0.54,200,32161,
sostenido 15rps,resumen,71.418,61.11,60.86,0.25,200,229,
sostenido 15rps,buscar por texto,71.444,43.31,41.06,2.25,200,32331,
sostenido 15rps,resumen,71.448,67.87,66.99,0.88,200,229,
sostenido 15rps,buscar por texto,71.475,40.58,40.1,0.49,200,32113,
sostenido 15rps,resumen,71.503,61.55,61.15,0.4,200,229,
sostenido 15rps,buscar por texto,71.676,34.81,33.55,1.26,200,32081,
sostenido 15rps,etiquetas,71.735,15.92,15.66,0.26,200,237,
sostenido 15rps,etiquetas,71.79,16.74,16.21,0.52,200,237,
sostenido 15rps,listar libreta,71.809,26.26,25.17,1.08,200,64650,
sostenido 15rps,resumen,71.859,60.43,59.32,1.11,200,229,
sostenido 15rps,etiquetas,71.964,18.47,17.99,0.48,200,237,
sostenido 15rps,buscar por texto,72.146,36.96,35.77,1.2,200,32078,
sostenido 15rps,listar libreta,72.192,82.79,81.51,1.28,200,64618,
sostenido 15rps,listar libreta,72.325,26.7,25.78,0.93,200,64478,
sostenido 15rps,listar libreta,72.377,27.43,25.64,1.8,200,64478,
sostenido 15rps,listar libreta,72.587,28.02,26.67,1.35,200,64478,
sostenido 15rps,buscar por texto,72.636,34.54,33.38,1.16,200,32231,
sostenido 15rps,buscar por texto,72.696,35.27,33.66,1.61,200,32176,
sostenido 15rps,resumen,72.791,63.58,62.45,1.13,200,229,
sostenido 15rps,resumen,72.928,61.7,60.55,1.15,200,229,
sostenido 15rps,filtrar,72.987,24.95,23.33,1.63,200,32184,
sostenido 15rps,abrir ficha,73.023,9.6,9.4,0.2,200,1280,
sostenido 15rps,listar libreta,73.066,36.13,35.12,1.01,200,64650,
sostenido 15rps,listar libreta,73.074,43.64,43.05,0.59,200,64618,
sostenido 15rps,listar libreta,73.309,25.77,25.19,0.58,200,64478,
sostenido 15rps,resumen,73.373,59.19,58.89,0.3,200,229,
sostenido 15rps,resumen,73.392,59.47,57.78,1.68,200,229,
sostenido 15rps,abrir ficha,73.491,16.17,15.2,0.96,200,1276,
sostenido 15rps,listar libreta,73.495,30.57,29.93,0.64,200,64618,
sostenido 15rps,buscar por texto,73.565,34.74,33.79,0.94,200,32147,
sostenido 15rps,etiquetas,73.686,18.06,16.47,1.59,200,237,
sostenido 15rps,listar libreta,73.81,26.21,25.57,0.64,200,64650,
sostenido 15rps,abrir ficha,73.859,11.44,10.58,0.86,200,1300,
sostenido 15rps,filtrar,73.963,25.3,24.77,0.52,200,32347,
sostenido 15rps,resumen,74.001,61.13,59.76,1.37,200,229,
sostenido 15rps,etiquetas,74.003,18.22,18.07,0.16,200,237,
sostenido 15rps,listar libreta,74.163,26.81,25.73,1.08,200,64659,
sostenido 15rps,abrir ficha,74.275,11.57,10.69,0.87,200,1273,
sostenido 15rps,etiquetas,74.341,23.41,22.38,1.03,200,237,
sostenido 15rps,abrir ficha,74.349,14.47,13.78,0.69,200,1294,
sostenido 15rps,listar libreta,74.357,28.98,28.51,0.47,200,64478,
sostenido 15rps,buscar por texto,74.379,34.66,33.83,0.84,200,31997,
sostenido 15rps,abrir ficha,74.384,11.42,10.87,0.55,200,1300,
sostenido 15rps,resumen,74.432,62.74,61.45,1.29,200,229,
sostenido 15rps,abrir ficha,74.62,12.57,11.26,1.31,200,1276,
sostenido 15rps,listar libreta,74.793,42.14,41.06,1.07,200,64650,
sostenido 15rps,listar libreta,74.802,53.91,53.7,0.21,200,64618,
sostenido 15rps,filtrar,74.831,99.67,98.82,0.85,200,32367,
sostenido 15rps,resumen,74.869,102.85,102.08,0.78,200,229,
sostenido 15rps,buscar por texto,74.95,35.8,35.04,0.75,200,32319,
sostenido 15rps,listar libreta,75.027,27.84,26.87,0.97,200,64659,
sostenido 15rps,resumen,75.19,59.96,59.01,0.94,200,229,
sostenido 15rps,resumen,75.321,62.82,60.64,2.18,200,229,
sostenido 15rps,buscar por texto,75.336,35.04,34.54,0.49,200,32147,
sostenido 15rps,listar libreta,75.388,24.79,24.43,0.36,200,64618,
sostenido 15rps,listar libreta,75.441,26.47,25.42,1.05,200,64659,
sostenido 15rps,resumen,75.477,62.78,61.66,1.12,200,229,
sostenido 15rps,resumen,75.513,62.25,61.25,1.01,200,229,
sostenido 15rps,listar libreta,75.595,27.45,26.15,1.3,200,64478,
sostenido 15rps,abrir ficha,75.679,12.79,11.76,1.03,200,1263,
sostenido 15rps,filtrar,75.735,24.6,23.78,0.82,200,32161,
sostenido 15rps,abrir ficha,75.785,13.14,11.62,1.53,200,1286,
sostenido 15rps,resumen,75.858,60.8,59.7,1.1,200,229,
sostenido 15rps,resumen,75.911,66.44,65.36,1.08,200,229,
sostenido 15rps,listar libreta,75.929,30.66,29.77,0.89,200,64659,
sostenido 15rps,resumen,75.932,63.12,62.12,1.0,200,229,
sostenido 15rps,abrir ficha,76.105,11.69,10.99,0.7,200,1273,
sostenido 15rps,resumen,76.15,59.97,59.77,0.2,200,229,
sostenido 15rps,abrir ficha,76.166,11.7,11.42,0.27,200,1294,
sostenido 15rps,listar libreta,76.264,27.68,26.7,0.98,200,64650,
sostenido 15rps,listar libreta,76.304,39.76,37.82,1.95,200,64618,
sostenido 15rps,resumen,76.341,60.0,59.67,0.33,200,229,
sostenido 15rps,filtrar,76.461,26.14,25.43,0.71,200,32271,
sostenido 15rps,resumen,76.591,66.69,64.88,1.81,200,229,
sostenido 15rps,listar libreta,76.63,36.77,35.2,1.57,200,64659,
sostenido 15rps,etiquetas,76.632,25.63,25.42,0.21,200,237,
sostenido 15rps,listar libreta,76.664,26.48,25.61,0.87,200,64478,
sostenido 15rps,buscar por texto,76.753,36.56,35.59,0.98,200,32114,
sostenido 15rps,historial de la ficha,76.937,14.2,12.98,1.22,200,3530,
sostenido 15rps,buscar por texto,76.999,35.51,34.24,1.28,200,32081,
sostenido 15rps,abrir ficha,77.047,12.27,10.47,1.81,200,1289,
sostenido 15rps,listar libreta,77.055,25.57,24.49,1.08,200,64659,
sostenido 15rps,historial de la ficha,77.122,20.4,19.57,0.83,200,3796,
sostenido 15rps,listar libreta,77.128,41.56,40.39,1.17,200,64618,
sostenido 15rps,resumen,77.151,66.93,64.8,2.13,200,229,
sostenido 15rps,listar libreta,77.215,84.62,83.4,1.22,200,64659,
sostenido 15rps,listar libreta,77.586,28.26,26.56,1.7,200,64650,
sostenido 15rps,resumen,77.69,60.79,59.93,0.86,200,229,
sostenido 15rps,abrir ficha,77.766,12.03,11.68,0.35,200,1280,
sostenido 15rps,buscar por texto,77.787,37.4,36.33,1.07,200,32120,
sostenido 15rps,etiquetas,77.8,24.7,23.59,1.11,200,237,
sostenido 15rps,resumen,77.868,87.87,87.4,0.47,200,229,
sostenido 15rps,abrir ficha,77.941,14.26,12.44,1.83,200,1293,
sostenido 15rps,abrir ficha,78.003,17.23,16.87,0.37,200,1293,
sostenido 15rps,abrir ficha,78.006,23.83,23.63,0.2,200,1271,
sostenido 15rps,abrir ficha,78.013,22.97,22.56,0.42,200,1292,
sostenido 15rps,listar libreta,78.097,26.14,25.83,0.31,200,64618,
sostenido 15rps,filtrar,78.138,25.93,25.44,0.49,200,31887,
sostenido 15rps,resumen,78.154,73.22,72.29,0.93,200,229,
sostenido 15rps,resumen,78.155,96.35,95.52,0.83,200,229,
sostenido 15rps,historial de la ficha,78.175,14.97,14.46,0.52,200,1159,
sostenido 15rps,listar libreta,78.177,37.34,37.29,0.05,200,64478,
sostenido 15rps,listar libreta,78.275,25.16,24.8,0.36,200,64478,
sostenido 15rps,abrir ficha,78.313,11.14,9.08,2.06,200,1293,
sostenido 15rps,listar libreta,78.347,24.22,23.56,0.66,200,64650,
sostenido 15rps,listar libreta,78.375,22.87,22.32,0.55,200,64650,
sostenido 15rps,buscar por texto,78.448,34.02,33.06,0.95,200,32181,
sostenido 15rps,listar libreta,78.586,28.9,26.99,1.91,200,64650,
sostenido 15rps,listar libreta,78.625,23.77,22.88,0.89,200,64650,
sostenido 15rps,resumen,78.666,59.43,57.65,1.78,200,229,
sostenido 15rps,listar libreta,78.915,29.75,28.92,0.83,200,64618,
sostenido 15rps,buscar por texto,78.916,48.94,47.98,0.97,200,31997,
sostenido 15rps,resumen,79.004,61.43,60.81,0.63,200,229,
sostenido 15rps,filtrar,79.282,31.33,30.08,1.25,200,32367,
sostenido 15rps,listar libreta,79.296,34.61,33.82,0.79,200,64659,
sostenido 15rps,listar libreta,79.38,24.32,24.11,0.21,200,64618,
sostenido 15rps,listar libreta,79.534,89.99,89.52,0.47,200,64618,
sostenido 15rps,listar libreta,79.566,75.29,74.1,1.19,200,64478,
sostenido 15rps,listar libreta,79.725,25.93,24.9,1.02,200,64650,
sostenido 15rps,listar libreta,79.83,32.16,31.08,1.08,200,64478,
sostenido 15rps,resumen,79.899,59.94,58.8,1.14,200,229,
sostenido 15rps,resumen,80.036,76.49,76.06,0.43,200,229,
sostenido 15rps,listar libreta,80.074,36.0,34.62,1.38,200,64478,
sostenido 15rps,listar libreta,80.083,50.42,49.59,0.83,200,64659,
sostenido 15rps,etiquetas,80.102,23.9,22.28,1.63,200,237,
sostenido 15rps,etiquetas,80.119,16.16,15.43,0.74,200,237,
sostenido 15rps,resumen,80.179,57.19,56.67,0.52,200,229,
sostenido 15rps,historial de la ficha,80.353,15.04,12.72,2.32,200,8016,
sostenido 15rps,listar libreta,80.39,47.55,46.78,0.77,200,64650,
sostenido 15rps,listar libreta,80.397,62.13,61.56,0.57,200,64618,
sostenido 15rps,filtrar,80.398,57.49,57.36,0.13,200,32271,
sostenido 15rps,abrir ficha,80.483,10.82,9.82,1.01,200,1286,
sostenido 15rps,etiquetas,80.552,17.78,16.14,1.64,200,237,
sostenido 15rps,resumen,80.575,57.78,57.28,0.5,200,229,
sostenido 15rps,abrir ficha,80.707,10.9,10.58,0.33,200,1276,
sostenido 15rps,resumen,80.729,59.45,58.9,0.55,200,229,
sostenido 15rps,etiquetas,80.817,18.39,17.44,0.95,200,237,
sostenido 15rps,listar libreta,80.831,34.69,34.05,0.64,200,64659,
sostenido 15rps,abrir ficha,80.84,12.13,11.1,1.03,200,1273,
sostenido 15rps,resumen,80.88,57.39,57.02,0.37,200,229,
sostenido 15rps,listar libreta,80.946,38.63,38.23,0.4,200,64478,
sostenido 15rps,filtrar,80.947,41.54,40.66,0.88,200,32161,
sostenido 15rps,listar libreta,80.985,24.29,24.08,0.21,200,64659,
sostenido 15rps,abrir ficha,81.047,11.53,10.92,0.62,200,1259,
sostenido 15rps,listar libreta,81.059,35.08,34.08,1.0,200,64478,
sostenido 15rps,resumen,81.072,73.69,72.8,0.89,200,229,
sostenido 15rps,listar libreta,81.075,36.72,35.73,0.99,200,64618,
sostenido 15rps,buscar por texto,81.139,102.95,102.79,0.16,200,32098,
sostenido 15rps,listar libreta,81.153,100.86,100.61,0.25,200,64618,
sostenido 15rps,listar libreta,81.183,88.57,87.53,1.03,200,64618,
sostenido 15rps,listar libreta,81.36,25.58,24.82,0.76,200,64478,
sostenido 15rps,historial de la ficha,81.435,11.98,11.08,0.9,200,1767,
sostenido 15rps,buscar por texto,81.643,34.11,33.76,0.35,200,32111,
sostenido 15rps,resumen,81.709,66.41,65.32,1.09,200,229,
sostenido 15rps,resumen,81.727,62.09,61.06,1.03,200,229,
sostenido 15rps,listar libreta,81.748,26.83,26.5,0.33,200,64618,
sostenido 15rps,buscar por texto,81.834,34.83,33.8,1.03,200,32262,
sostenido 15rps,listar libreta,81.96,26.12,25.66,0.45,200,64478,
sostenido 15rps,abrir ficha,82.073,12.16,11.02,1.14,200,1274,
sostenido 15rps,listar libreta,82.164,27.22,25.98,1.24,200,64659,
sostenido 15rps,resumen,82.185,61.83,61.48,0.35,200,229,
sostenido 15rps,resumen,82.195,64.13,63.77,0.37,200,229,
sostenido 15rps,etiquetas,82.195,16.99,16.17,0.82,200,237,
sostenido 15rps,listar libreta,82.216,25.09,24.74,0.35,200,64650,
sostenido 15rps,etiquetas,82.315,16.66,16.12,0.55,200,237,
sostenido 15rps,listar libreta,82.367,26.82,24.92,1.9,200,64650,
sostenido 15rps,etiquetas,82.48,18.24,16.17,2.07,200,237,
sostenido 15rps,buscar por texto,82.507,41.84,40.79,1.05,200,32147,
sostenido 15rps,resumen,82.523,63.28,62.41,0.88,200,229,
sostenido 15rps,buscar por texto,82.533,36.32,35.13,1.2,200,32111,
sostenido 15rps,resumen,82.598,62.03,59.89,2.15,200,229,
sostenido 15rps,listar libreta,82.631,27.87,27.11,0.76,200,64659,
sostenido 15rps,buscar por texto,82.954,37.56,36.55,1.01,200,32078,
sostenido 15rps,abrir ficha,83.111,12.81,11.26,1.55,200,1281,
sostenido 15rps,resumen,83.332,62.0,61.39,0.62,200,229,
sostenido 15rps,buscar por texto,83.374,36.39,35.8,0.59,200,32147,
sostenido 15rps,buscar por texto,83.442,35.12,34.69,0.43,200,32331,
sostenido 15rps,listar libreta,83.568,28.13,27.12,1.01,200,64659,
sostenido 15rps,etiquetas,83.625,17.23,16.61,0.62,200,237,
sostenido 15rps,abrir ficha,83.654,10.56,10.25,0.32,200,1294,
sostenido 15rps,resumen,83.686,57.53,57.34,0.19,200,229,
sostenido 15rps,resumen,83.721,57.39,57.09,0.3,200,229,
sostenido 15rps,resumen,83.832,61.16,59.96,1.2,200,229,
sostenido 15rps,abrir ficha,83.943,12.1,11.23,0.87,200,1276,
sostenido 15rps,resumen,84.044,60.75,60.02,0.73,200,229,
sostenido 15rps,listar libreta,84.146,81.14,80.32,0.82,200,64659,
sostenido 15rps,resumen,84.252,58.84,58.52,0.32,200,229,
sostenido 15rps,buscar por texto,84.461,34.24,33.14,1.1,200,32139,
sostenido 15rps,historial de la ficha,84.465,17.34,16.39,0.95,200,8016,
sostenido 15rps,buscar por texto,84.499,42.85,42.25,0.6,200,31997,
sostenido 15rps,resumen,84.518,91.79,91.46,0.34,200,229,
sostenido 15rps,filtrar,84.524,32.21,31.45,0.77,200,32239,
sostenido 15rps,abrir ficha,84.64,11.8,11.27,0.53,200,1258,
sostenido 15rps,buscar por texto,84.663,33.84,32.81,1.03,200,32168,
sostenido 15rps,filtrar,84.737,28.86,28.35,0.51,200,32239,
sostenido 15rps,abrir ficha,84.771,10.61,10.37,0.24,200,1269,
sostenido 15rps,buscar por texto,84.787,68.24,67.43,0.81,200,32319,
sostenido 15rps,listar libreta,84.794,54.09,53.6,0.49,200,64659,
sostenido 15rps,listar libreta,84.804,77.75,76.59,1.16,200,64478,
sostenido 15rps,filtrar,84.832,67.59,65.85,1.74,200,32347,
sostenido 15rps,listar libreta,84.848,61.94,61.41,0.53,200,64650,
sostenido 15rps,abrir ficha,84.914,9.85,9.17,0.68,200,1289,
sostenido 15rps,listar libreta,85.0,27.68,26.77,0.91,200,64659,
sostenido 15rps,resumen,85.04,60.41,60.16,0.24,200,229,
sostenido 15rps,listar libreta,85.065,33.42,32.44,0.98,200,64478,
sostenido 15rps,etiquetas,85.09,23.44,20.52,2.93,200,237,
sostenido 15rps,buscar por texto,85.148,35.18,34.99,0.18,200,32120,
sostenido 15rps,filtrar,85.197,25.12,24.09,1.03,200,32161,
sostenido 15rps,abrir ficha,85.473,12.92,11.82,1.09,200,1271,
sostenido 15rps,abrir ficha,85.501,12.13,11.62,0.51,200,1290,
sostenido 15rps,resumen,85.527,62.88,62.13,0.76,200,229,
sostenido 15rps,buscar por texto,85.538,42.96,42.13,0.82,200,32147,
sostenido 15rps,abrir ficha,85.551,12.24,11.7,0.54,200,1276,
sostenido 15rps,resumen,85.57,60.69,59.61,1.08,200,229,
sostenido 15rps,resumen,85.604,55.39,54.93,0.46,200,229,
sostenido 15rps,listar libreta,85.628,25.79,24.9,0.89,200,64659,
sostenido 15rps,buscar por texto,85.688,33.0,31.95,1.05,200,32059,
sostenido 15rps,listar libreta,85.724,30.98,29.92,1.06,200,64659,
sostenido 15rps,buscar por texto,85.734,48.78,48.45,0.33,200,32098,
sostenido 15rps,buscar por texto,85.743,118.32,117.9,0.42,200,32120,
sostenido 15rps,listar libreta,85.763,113.49,112.98,0.51,200,64650,
sostenido 15rps,resumen,85.764,129.08,128.87,0.21,200,229,
sostenido 15rps,resumen,85.874,58.49,57.54,0.95,200,229,
sostenido 15rps,buscar por texto,85.925,31.44,31.09,0.35,200,32310,
sostenido 15rps,abrir ficha,86.137,15.17,14.17,1.0,200,1279,
sostenido 15rps,etiquetas,86.137,19.72,18.24,1.48,200,237,
sostenido 15rps,buscar por texto,86.269,34.53,33.4,1.14,200,32147,
sostenido 15rps,historial de la ficha,86.314,12.17,11.08,1.08,200,7340,
sostenido 15rps,abrir ficha,86.367,10.25,9.78,0.47,200,1269,
sostenido 15rps,resumen,86.517,58.18,57.13,1.05,200,229,
sostenido 15rps,resumen,86.582,59.11,57.89,1.22,200,229,
sostenido 15rps,resumen,86.603,72.55,71.37,1.18,200,229,
sostenido 15rps,buscar por texto,86.656,41.83,41.29,0.54,200,32147,
sostenido 15rps,listar libreta,86.677,36.23,35.96,0.26,200,64659,
sostenido 15rps,listar libreta,86.727,37.25,36.72,0.53,200,64618,
sostenido 15rps,filtrar,86.739,63.51,63.15,0.37,200,32264,
sostenido 15rps,buscar por texto,86.739,70.85,70.0,0.85,200,32331,
sostenido 15rps,listar libreta,86.744,72.36,71.41,0.95,200,64650,
sostenido 15rps,listar libreta,86.894,25.53,24.61,0.92,200,64650,
sostenido 15rps,buscar por texto,86.939,33.65,33.34,0.31,200,32331,
sostenido 15rps,resumen,87.007,63.02,62.41,0.61,200,229,
sostenido 15rps,buscar por texto,87.09,32.52,31.72,0.8,200,31997,
sostenido 15rps,listar libreta,87.18,25.83,24.84,1.0,200,64659,
sostenido 15rps,listar libreta,87.228,27.84,27.2,0.64,200,64659,
sostenido 15rps,buscar por texto,87.241,33.3,32.53,0.77,200,32113,
sostenido 15rps,listar libreta,87.296,24.84,24.47,0.36,200,64618,
sostenido 15rps,listar libreta,87.321,23.76,22.69,1.07,200,64478,
sostenido 15rps,buscar por texto,87.357,38.57,36.59,1.98,200,32262,
sostenido 15rps,buscar por texto,87.381,34.74,33.99,0.74,200,32262,
sostenido 15rps,filtrar,87.535,29.25,27.71,1.54,200,31887,
sostenido 15rps,resumen,87.552,120.1,119.11,0.99,200,229,
sostenido 15rps,listar libreta,87.586,85.13,84.82,0.31,200,64478,
sostenido 15rps,buscar por texto,87.744,37.72,36.82,0.9,200,32139,
sostenido 15rps,filtrar,87.763,30.75,30.27,0.47,200,32448,
sostenido 15rps,buscar por texto,87.818,34.27,33.43,0.85,200,32078,
sostenido 15rps,listar libreta,87.858,23.3,22.92,0.39,200,64659,
sostenido 15rps,abrir ficha,87.904,11.83,11.04,0.79,200,1298,
sostenido 15rps,listar libreta,87.913,24.91,24.73,0.18,200,64618,
sostenido 15rps,resumen,88.003,58.28,57.61,0.67,200,229,
sostenido 15rps,filtrar,88.123,30.35,30.04,0.32,200,32161,
sostenido 15rps,historial de la ficha,88.129,12.91,12.23,0.68,200,3935,
sostenido 15rps,buscar por texto,88.214,34.0,33.63,0.37,200,32231,
sostenido 15rps,listar libreta,88.241,30.79,29.09,1.69,200,64618,
sostenido 15rps,buscar por texto,88.242,41.25,40.31,0.94,200,31997,
sostenido 15rps,listar libreta,88.402,27.44,25.33,2.11,200,64659,
sostenido 15rps,abrir ficha,88.466,11.08,10.33,0.75,200,1291,
sostenido 15rps,resumen,88.54,59.29,58.66,0.64,200,229,
sostenido 15rps,buscar por texto,88.631,34.44,33.79,0.65,200,32113,
sostenido 15rps,listar libreta,88.682,24.21,23.16,1.05,200,64659,
sostenido 15rps,resumen,88.714,58.67,58.07,0.6,200,229,
sostenido 15rps,filtrar,88.76,24.53,23.74,0.79,200,32264,
sostenido 15rps,buscar por texto,88.794,32.96,31.54,1.42,200,32081,
sostenido 15rps,abrir ficha,89.07,14.37,13.17,1.19,200,1287,
sostenido 15rps,etiquetas,89.072,17.34,17.01,0.33,200,237,
sostenido 15rps,listar libreta,89.086,32.78,31.66,1.12,200,64618,
sostenido 15rps,filtrar,89.087,41.08,40.28,0.8,200,32302,
sostenido 15rps,listar libreta,89.159,24.58,24.27,0.3,200,64659,
sostenido 15rps,resumen,89.224,57.62,57.32,0.31,200,229,
sostenido 15rps,etiquetas,89.228,15.12,14.41,0.71,200,237,
sostenido 15rps,resumen,89.265,57.97,56.82,1.14,200,229,
sostenido 15rps,resumen,89.301,58.84,58.57,0.27,200,229,
sostenido 15rps,abrir ficha,89.356,11.49,10.95,0.55,200,1290,
sostenido 15rps,resumen,89.585,58.34,57.78,0.56,200,229,
sostenido 15rps,resumen,89.731,58.86,57.85,1.01,200,229,
sostenido 15rps,listar libreta,89.86,27.2,25.45,1.75,200,64659,
sostenido 15rps,listar libreta,89.916,40.03,39.38,0.64,200,64618,
sostenido 15rps,abrir ficha,89.92,20.27,19.4,0.88,200,1268,
sostenido 15rps,buscar por texto,89.921,47.45,46.54,0.91,200,32319,
sostenido 15rps,buscar por texto,90.015,36.69,36.12,0.56,200,32120,
sostenido 15rps,resumen,90.022,61.4,60.33,1.07,200,229,
sostenido 15rps,buscar por texto,90.061,36.11,34.96,1.15,200,32114,
sostenido 15rps,resumen,90.137,60.92,59.8,1.12,200,229,
sostenido 15rps,listar libreta,90.178,27.54,27.31,0.23,200,64478,
sostenido 15rps,resumen,90.383,59.24,57.98,1.27,200,229,
sostenido 15rps,abrir ficha,90.474,11.65,10.75,0.91,200,1276,
sostenido 15rps,resumen,90.654,58.29,57.08,1.21,200,229,
sostenido 15rps,buscar por texto,90.783,38.01,36.65,1.36,200,32168,
sostenido 15rps,buscar por texto,90.816,38.52,38.02,0.5,200,32059,
sostenido 15rps,abrir ficha,90.845,15.1,14.86,0.24,200,1291,
sostenido 15rps,listar libreta,90.863,23.38,22.44,0.94,200,64618,
sostenido 15rps,etiquetas,90.965,16.68,16.32,0.36,200,237,
sostenido 15rps,resumen,91.064,63.93,62.94,0.99,200,229,
sostenido 15rps,listar libreta,91.081,25.73,24.64,1.1,200,64618,
sostenido 15rps,resumen,91.12,57.78,57.04,0.74,200,229,
sostenido 15rps,filtrar,91.591,83.86,82.25,1.61,200,32347,
sostenido 15rps,resumen,91.601,110.48,109.76,0.72,200,229,
sostenido 15rps,historial de la ficha,91.844,13.55,11.38,2.17,200,3194,
sostenido 15rps,listar libreta,91.864,23.16,22.43,0.73,200,64618,
sostenido 15rps,filtrar,91.897,22.13,21.76,0.37,200,32271,
sostenido 15rps,listar libreta,91.988,27.0,25.91,1.09,200,64618,
sostenido 15rps,abrir ficha,92.021,10.13,9.96,0.17,200,1286,
sostenido 15rps,buscar por texto,92.106,34.64,33.67,0.97,200,32120,
sostenido 15rps,buscar por texto,92.159,32.86,31.72,1.14,200,32113,
sostenido 15rps,listar libreta,92.231,24.19,23.61,0.58,200,64618,
sostenido 15rps,listar libreta,92.31,26.29,25.72,0.57,200,64659,
sostenido 15rps,resumen,92.408,61.74,59.7,2.04,200,229,
sostenido 15rps,buscar por texto,92.504,36.36,34.14,2.22,200,32081,
sostenido 15rps,etiquetas,92.561,16.13,15.71,0.42,200,237,
sostenido 15rps,listar libreta,92.725,30.34,29.31,1.04,200,64618,
sostenido 15rps,resumen,92.729,61.69,61.42,0.27,200,229,
sostenido 15rps,listar libreta,92.79,25.88,25.3,0.58,200,64478,
sostenido 15rps,buscar por texto,92.82,36.15,35.27,0.88,200,32176,
sostenido 15rps,listar libreta,93.007,26.34,25.41,0.93,200,64478,
sostenido 15rps,buscar por texto,93.076,42.32,41.99,0.32,200,31997,
sostenido 15rps,abrir ficha,93.099,20.03,19.34,0.69,200,1268,
sostenido 15rps,abrir ficha,93.113,14.07,13.84,0.23,200,1274,
sostenido 15rps,listar libreta,93.124,23.92,23.44,0.48,200,64478,
sostenido 15rps,abrir ficha,93.212,11.42,10.6,0.82,200,1287,
sostenido 15rps,resumen,93.38,58.79,57.86,0.94,200,229,
sostenido 15rps,filtrar,93.442,24.14,23.04,1.1,200,32347,
sostenido 15rps,resumen,93.523,57.16,56.6,0.56,200,229,
sostenido 15rps,resumen,93.56,59.67,58.51,1.15,200,229,
sostenido 15rps,listar libreta,93.627,24.37,24.04,0.33,200,64618,
sostenido 15rps,buscar por texto,93.657,34.39,33.3,1.09,200,32319,
sostenido 15rps,listar libreta,93.703,23.33,23.14,0.19,200,64618,
sostenido 15rps,abrir ficha,93.782,15.42,14.61,0.81,200,1280,
sostenido 15rps,listar libreta,93.788,27.92,27.33,0.59,200,64659,
sostenido 15rps,abrir ficha,93.869,11.26,11.08,0.18,200,1285,
sostenido 15rps,buscar por texto,93.879,36.34,35.71,0.63,200,32233,
sostenido 15rps,filtrar,93.903,30.57,29.71,0.86,200,32452,
sostenido 15rps,listar libreta,93.964,90.91,89.72,1.19,200,64659,
sostenido 15rps,abrir ficha,94.028,35.87,35.23,0.63,200,1285,
sostenido 15rps,listar libreta,94.055,29.63,28.62,1.0,200,64478,
sostenido 15rps,filtrar,94.071,26.85,26.28,0.57,200,32452,
sostenido 15rps,listar libreta,94.15,26.01,24.88,1.13,200,64650,
sostenido 15rps,listar libreta,94.33,25.74,24.56,1.18,200,64618,
sostenido 15rps,abrir ficha,94.384,10.15,9.95,0.2,200,1279,
sostenido 15rps,buscar por texto,94.467,33.97,33.28,0.68,200,32114,
sostenido 15rps,etiquetas,94.546,16.64,16.03,0.62,200,237,
sostenido 15rps,buscar por texto,94.751,44.18,42.95,1.23,200,32319,
sostenido 15rps,abrir ficha,94.773,14.58,13.77,0.81,200,1268,
sostenido 15rps,listar libreta,94.798,49.66,49.03,0.63,200,64478,
sostenido 15rps,abrir ficha,94.809,18.42,17.48,0.94,200,1279,
sostenido 15rps,abrir ficha,94.822,18.19,17.54,0.66,200,1266,
sostenido 15rps,listar libreta,94.833,33.08,32.54,0.54,200,64659,
sostenido 15rps,resumen,94.99,61.26,60.3,0.96,200,229,
sostenido 15rps,filtrar,95.003,23.96,22.97,0.99,200,32347,
sostenido 15rps,filtrar,95.085,35.18,34.07,1.11,200,32239,
sostenido 15rps,abrir ficha,95.161,22.48,21.61,0.86,200,1274,
sostenido 15rps,buscar por texto,95.163,52.9,52.48,0.42,200,32231,
sostenido 15rps,resumen,95.164,79.4,79.29,0.11,200,229,
sostenido 15rps,listar libreta,95.247,41.17,40.81,0.36,200,64478,
sostenido 15rps,filtrar,95.248,49.6,49.19,0.41,200,32302,
sostenido 15rps,resumen,95.308,62.21,61.8,0.41,200,229,
sostenido 15rps,historial de la ficha,95.364,14.42,14.05,0.37,200,1159,
sostenido 15rps,listar libreta,95.392,27.34,26.39,0.95,200,64659,
sostenido 15rps,listar libreta,95.523,28.79,27.07,1.72,200,64650,
sostenido 15rps,etiquetas,95.571,17.24,16.73,0.51,200,237,
sostenido 15rps,resumen,95.68,60.2,59.9,0.31,200,229,
sostenido 15rps,listar libreta,95.746,25.21,25.02,0.19,200,64478,
sostenido 15rps,resumen,95.864,63.32,62.4,0.92,200,229,
sostenido 15rps,abrir ficha,95.875,11.91,10.98,0.92,200,1290,
sostenido 15rps,resumen,95.89,58.71,58.27,0.45,200,229,
sostenido 15rps,buscar por texto,96.272,88.19,87.47,0.72,200,32168,
sostenido 15rps,listar libreta,96.287,142.2,140.48,1.72,200,64650,
sostenido 15rps,buscar por texto,96.287,155.6,153.22,2.38,200,32081,
sostenido 15rps,abrir ficha,96.309,32.23,31.48,0.75,200,1279,
sostenido 15rps,buscar por texto,96.356,95.28,94.29,0.99,200,32331,
sostenido 15rps,resumen,96.513,59.94,59.22,0.72,200,229,
sostenido 15rps,filtrar,96.553,26.51,25.64,0.86,200,32161,
sostenido 15rps,etiquetas,96.602,16.78,16.49,0.29,200,237,
sostenido 15rps,abrir ficha,96.662,17.81,16.7,1.1,200,1280,
sostenido 15rps,historial de la ficha,96.669,15.2,14.63,0.56,200,3796,
sostenido 15rps,abrir ficha,96.699,9.64,8.85,0.8,200,1292,
sostenido 15rps,buscar por texto,96.719,33.39,32.31,1.08,200,32331,
sostenido 15rps,resumen,96.755,59.17,58.24,0.92,200,229,
sostenido 15rps,buscar por texto,96.841,34.47,33.75,0.72,200,32114,
sostenido 15rps,resumen,96.986,59.94,59.26,0.68,200,229,
sostenido 15rps,etiquetas,97.066,18.46,17.3,1.16,200,237,
sostenido 15rps,buscar por texto,97.077,34.54,32.56,1.98,200,32105,
sostenido 15rps,resumen,97.184,57.13,56.0,1.13,200,229,
sostenido 15rps,etiquetas,97.2,15.45,15.07,0.38,200,237,
sostenido 15rps,etiquetas,97.253,14.97,14.41,0.56,200,237,
sostenido 15rps,listar libreta,97.301,25.16,24.65,0.52,200,64618,
sostenido 15rps,resumen,97.365,63.36,62.47,0.88,200,229,
sostenido 15rps,resumen,97.367,60.99,60.55,0.44,200,229,
sostenido 15rps,listar libreta,97.416,28.73,27.55,1.18,200,64659,
sostenido 15rps,listar libreta,97.743,26.25,25.01,1.24,200,64659,
sostenido 15rps,resumen,97.795,63.88,62.2,1.67,200,229,
sostenido 15rps,listar libreta,97.849,32.84,31.08,1.75,200,64618,
sostenido 15rps,resumen,97.868,65.14,63.85,1.29,200,229,
sostenido 15rps,filtrar,97.902,24.3,23.69,0.6,200,32264,
sostenido 15rps,filtrar,98.008,33.8,33.14,0.66,200,32271,
sostenido 15rps,abrir ficha,98.02,12.93,12.57,0.36,200,1293,
sostenido 15rps,etiquetas,98.093,16.5,15.89,0.61,200,237,
sostenido 15rps,listar libreta,98.095,26.64,25.67,0.97,200,64618,
sostenido 15rps,resumen,98.16,59.84,59.21,0.63,200,229,
sostenido 15rps,resumen,98.267,58.03,57.14,0.89,200,229,
sostenido 15rps,listar libreta,98.353,30.8,30.38,0.42,200,64659,
sostenido 15rps,buscar por texto,98.387,30.58,29.88,0.71,200,31997,
sostenido 15rps,resumen,98.441,58.06,57.01,1.05,200,229,
sostenido 15rps,etiquetas,98.482,18.86,18.53,0.33,200,237,
sostenido 15rps,listar libreta,98.484,30.34,29.48,0.87,200,64478,
sostenido 15rps,resumen,98.537,67.95,67.45,0.5,200,229,
sostenido 15rps,listar libreta,98.55,40.22,38.28,1.94,200,64650,
sostenido 15rps,filtrar,98.559,46.27,45.4,0.87,200,32271,
sostenido 15rps,resumen,98.581,67.16,66.63,0.53,200,229,
sostenido 15rps,abrir ficha,98.655,10.68,9.68,1.0,200,1280,
sostenido 15rps,listar libreta,98.699,50.26,49.52,0.73,200,64650,
sostenido 15rps,resumen,98.709,74.07,73.34,0.73,200,229,
sostenido 15rps,buscar por texto,98.716,46.74,46.6,0.15,200,32176,
sostenido 15rps,abrir ficha,98.718,28.84,28.28,0.56,200,1275,
sostenido 15rps,filtrar,98.815,24.34,23.98,0.36,200,32161,
sostenido 15rps,resumen,98.863,62.33,61.56,0.78,200,229,
sostenido 15rps,listar libreta,98.914,35.41,34.52,0.88,200,64659,
sostenido 15rps,resumen,98.956,142.46,141.43,1.02,200,229,
sostenido 15rps,listar libreta,98.965,105.83,104.64,1.2,200,64650,
sostenido 15rps,resumen,99.044,76.81,76.44,0.37,200,229,
sostenido 15rps,listar libreta,99.226,27.06,26.03,1.02,200,64650,
sostenido 15rps,buscar por texto,99.269,34.41,34.2,0.21,200,32059,
sostenido 15rps,buscar por texto,99.277,37.23,36.28,0.95,200,32310,
sostenido 15rps,buscar por texto,99.343,34.37,33.57,0.8,200,32139,
sostenido 15rps,abrir ficha,99.345,13.71,13.24,0.48,200,1274,
sostenido 15rps,etiquetas,99.391,17.8,16.63,1.17,200,237,
sostenido 15rps,listar libreta,99.403,40.87,39.92,0.96,200,64478,
sostenido 15rps,listar libreta,99.407,44.28,43.52,0.77,200,64618,
sostenido 15rps,buscar por texto,99.527,35.86,34.76,1.1,200,32181,
sostenido 15rps,resumen,99.534,60.5,59.93,0.57,200,229,
sostenido 15rps,historial de la ficha,99.581,12.37,11.17,1.2,200,3530,
sostenido 15rps,resumen,99.774,61.69,60.97,0.73,200,229,
sostenido 15rps,filtrar,99.845,25.25,24.28,0.96,200,32184,
sostenido 15rps,listar libreta,99.917,27.52,26.99,0.52,200,64478,
sostenido 15rps,historial de la ficha,99.969,13.77,11.74,2.03,200,8016,
sostenido 15rps,resumen,100.032,60.45,59.74,0.71,200,229,
sostenido 15rps,buscar por texto,100.082,43.94,43.46,0.49,200,32139,
sostenido 15rps,listar libreta,100.084,38.49,37.5,1.0,200,64659,
sostenido 15rps,listar libreta,100.147,25.21,24.8,0.41,200,64478,
sostenido 15rps,listar libreta,100.219,25.88,25.17,0.71,200,64618,
sostenido 15rps,buscar por texto,100.274,33.32,32.95,0.37,200,32147,
sostenido 15rps,etiquetas,100.311,15.14,14.81,0.33,200,237,
sostenido 15rps,buscar por texto,100.319,31.72,31.01,0.71,200,32059,
sostenido 15rps,listar libreta,100.357,23.82,23.04,0.78,200,64650,
sostenido 15rps,listar libreta,100.382,24.4,23.39,1.01,200,64478,
sostenido 15rps,resumen,100.405,58.99,58.69,0.3,200,229,
sostenido 15rps,buscar por texto,100.48,34.97,34.63,0.34,200,32233,
sostenido 15rps,listar libreta,100.541,25.58,24.53,1.05,200,64618,
sostenido 15rps,resumen,100.693,58.74,57.65,1.09,200,229,
sostenido 15rps,buscar por texto,100.743,33.39,32.33,1.06,200,32262,
sostenido 15rps,buscar por texto,100.788,32.12,31.39,0.73,200,32331,
sostenido 15rps,resumen,100.869,57.61,56.98,0.63,200,229,
sostenido 15rps,buscar por texto,100.927,32.34,31.95,0.38,200,32111,
sostenido 15rps,listar libreta,101.005,79.36,78.5,0.87,200,64618,
sostenido 15rps,buscar por texto,101.313,36.8,36.14,0.66,200,32081,
sostenido 15rps,resumen,101.322,66.54,65.97,0.57,200,229,
sostenido 15rps,resumen,101.324,64.79,64.01,0.77,200,229,
sostenido 15rps,buscar por texto,101.372,35.94,35.26,0.67,200,32120,
sostenido 15rps,resumen,101.387,60.46,59.31,1.16,200,229,
sostenido 15rps,etiquetas,101.488,16.69,15.89,0.8,200,237,
sostenido 15rps,listar libreta,101.632,25.23,24.8,0.43,200,64618,
sostenido 15rps,resumen,101.813,58.93,57.92,1.01,200,229,
sostenido 15rps,resumen,101.876,57.11,56.66,0.45,200,229,
sostenido 15rps,etiquetas,101.897,17.1,16.02,1.07,200,237,
sostenido 15rps,listar libreta,101.967,26.16,24.99,1.17,200,64659,
sostenido 15rps,listar libreta,102.057,31.3,30.47,0.83,200,64478,
sostenido 15rps,resumen,102.064,61.03,60.86,0.18,200,229,
sostenido 15rps,buscar por texto,102.122,44.83,43.91,0.92,200,32114,
sostenido 15rps,abrir ficha,102.141,16.09,15.15,0.94,200,1276,
sostenido 15rps,abrir ficha,102.19,10.85,9.91,0.94,200,1285,
sostenido 15rps,resumen,102.217,60.41,59.45,0.95,200,229,
sostenido 15rps,listar libreta,102.273,26.43,26.09,0.34,200,64478,
sostenido 15rps,abrir ficha,102.402,12.45,10.9,1.55,200,1273,
sostenido 15rps,resumen,102.423,63.65,62.23,1.41,200,229,
sostenido 15rps,listar libreta,102.447,25.33,24.47,0.86,200,64650,
sostenido 15rps,listar libreta,102.576,25.58,24.53,1.05,200,64618,
sostenido 15rps,etiquetas,102.632,15.81,15.14,0.66,200,237,
sostenido 15rps,listar libreta,102.649,25.69,24.61,1.08,200,64650,
sostenido 15rps,listar libreta,102.67,25.28,24.8,0.48,200,64478,
sostenido 15rps,abrir ficha,102.793,11.66,10.87,0.79,200,1292,
sostenido 15rps,buscar por texto,102.814,41.5,40.51,0.99,200,32105,
sostenido 15rps,listar libreta,102.815,28.5,27.4,1.1,200,64478,
sostenido 15rps,filtrar,102.927,25.47,23.77,1.7,200,32264,
sostenido 15rps,abrir ficha,103.037,13.66,13.36,0.3,200,1294,
sostenido 15rps,filtrar,103.043,31.2,30.46,0.74,200,32184,
sostenido 15rps,listar libreta,103.059,32.56,30.68,1.88,200,64650,
sostenido 15rps,buscar por texto,103.292,34.15,32.93,1.22,200,32231,
sostenido 15rps,listar libreta,103.649,26.57,25.12,1.45,200,64478,
sostenido 15rps,resumen,103.693,64.41,62.38,2.03,200,229,
sostenido 15rps,filtrar,103.696,29.21,28.17,1.04,200,32161,
sostenido 15rps,listar libreta,103.735,27.91,27.63,0.28,200,64659,
sostenido 15rps,abrir ficha,103.85,16.0,15.49,0.51,200,1286,
sostenido 15rps,abrir ficha,103.854,17.0,16.58,0.43,200,1286,
sostenido 15rps,resumen,103.869,57.65,56.81,0.84,200,229,
sostenido 15rps,abrir ficha,103.955,11.81,10.92,0.89,200,1295,
sostenido 15rps,abrir ficha,104.008,11.44,10.74,0.7,200,1287,
sostenido 15rps,resumen,104.145,58.62,58.06,0.55,200,229,
sostenido 15rps,listar libreta,104.313,25.36,24.86,0.51,200,64478,
sostenido 15rps,etiquetas,104.361,70.56,69.56,1.0,200,237,
sostenido 15rps,listar libreta,104.362,87.04,86.02,1.02,200,64650,
sostenido 15rps,resumen,104.385,104.38,103.71,0.67,200,229,
sostenido 15rps,resumen,104.51,57.79,57.46,0.33,200,229,
sostenido 15rps,historial de la ficha,104.773,12.82,11.19,1.63,200,1159,
sostenido 15rps,buscar por texto,104.822,35.12,33.84,1.28,200,32114,
sostenido 15rps,resumen,104.828,60.66,59.86,0.8,200,229,
sostenido 15rps,listar libreta,104.894,24.85,23.9,0.96,200,64478,
sostenido 15rps,listar libreta,104.939,24.98,24.13,0.85,200,64650,
sostenido 15rps,abrir ficha,104.966,9.72,9.34,0.38,200,1298,
sostenido 15rps,listar libreta,105.06,25.76,25.02,0.74,200,64650,
sostenido 15rps,filtrar,105.091,27.16,26.17,0.99,200,32302,
sostenido 15rps,abrir ficha,105.34,12.06,10.92,1.14,200,1276,
sostenido 15rps,filtrar,105.449,24.79,24.43,0.37,200,31887,
sostenido 15rps,resumen,105.48,58.88,57.88,0.99,200,229,
sostenido 15rps,listar libreta,105.542,26.46,26.12,0.35,200,64618,
sostenido 15rps,buscar por texto,105.565,33.87,32.74,1.13,200,32181,
sostenido 15rps,abrir ficha,105.624,12.15,11.55,0.6,200,1292,
sostenido 15rps,listar libreta,105.632,26.23,25.13,1.11,200,64659,
sostenido 15rps,etiquetas,105.671,15.9,14.62,1.28,200,237,
sostenido 15rps,resumen,105.718,61.15,60.2,0.95,200,229,
sostenido 15rps,abrir ficha,105.734,11.8,10.73,1.07,200,1279,
sostenido 15rps,abrir ficha,105.773,11.84,11.19,0.65,200,1300,
sostenido 15rps,listar libreta,105.839,26.31,25.34,0.97,200,64618,
sostenido 15rps,buscar por texto,105.91,35.65,34.66,0.99,200,32081,
sostenido 15rps,buscar por texto,105.917,39.35,38.75,0.6,200,32168,
sostenido 15rps,listar libreta,106.387,29.72,28.54,1.17,200,64650,
sostenido 15rps,resumen,106.404,67.72,67.41,0.31,200,229,
sostenido 15rps,buscar por texto,106.436,35.42,34.8,0.63,200,32262,
sostenido 15rps,listar libreta,106.574,26.76,24.62,2.14,200,64650,
sostenido 15rps,listar libreta,106.69,26.35,25.19,1.16,200,64650,
sostenido 15rps,resumen,106.849,67.09,65.88,1.21,200,229,
sostenido 15rps,listar libreta,106.851,28.13,27.17,0.97,200,64650,
sostenido 15rps,buscar por texto,106.882,33.84,33.44,0.4,200,32059,
sostenido 15rps,resumen,106.953,117.42,116.41,1.0,200,229,
sostenido 15rps,buscar por texto,106.983,107.42,106.48,0.95,200,32262,
sostenido 15rps,listar libreta,106.99,89.08,88.55,0.53,200,64478,
sostenido 15rps,listar libreta,107.159,25.92,24.94,0.98,200,64478,
sostenido 15rps,resumen,107.2,59.06,58.33,0.73,200,229,
sostenido 15rps,resumen,107.202,80.26,79.42,0.85,200,229,
sostenido 15rps,listar libreta,107.298,37.66,36.51,1.15,200,64618,
sostenido 15rps,abrir ficha,107.359,13.36,12.26,1.1,200,1259,
sostenido 15rps,historial de la ficha,107.487,13.3,12.21,1.08,200,5619,
sostenido 15rps,resumen,107.518,64.99,63.88,1.11,200,229,
sostenido 15rps,listar libreta,107.534,23.98,23.62,0.36,200,64478,
sostenido 15rps,buscar por texto,107.658,35.09,34.21,0.88,200,32147,
sostenido 15rps,abrir ficha,107.762,10.8,9.99,0.8,200,1280,
sostenido 15rps,etiquetas,107.844,16.95,15.29,1.66,200,237,
sostenido 15rps,resumen,108.092,59.05,58.46,0.59,200,229,
sostenido 15rps,buscar por texto,108.142,32.71,32.14,0.57,200,32113,
sostenido 15rps,filtrar,108.423,27.57,26.46,1.11,200,31887,
sostenido 15rps,resumen,108.425,60.92,60.74,0.18,200,229,
sostenido 15rps,buscar por texto,108.745,33.98,33.5,0.48,200,32059,
sostenido 15rps,buscar por texto,108.892,35.32,34.66,0.67,200,32113,
sostenido 15rps,listar libreta,108.976,25.94,25.46,0.47,200,64478,
sostenido 15rps,listar libreta,109.007,25.69,24.65,1.04,200,64478,
sostenido 15rps,etiquetas,109.025,19.73,19.38,0.35,200,237,
sostenido 15rps,resumen,109.175,61.98,61.3,0.69,200,229,
sostenido 15rps,etiquetas,109.196,19.5,18.98,0.52,200,237,
sostenido 15rps,filtrar,109.197,27.44,27.26,0.18,200,32367,
sostenido 15rps,filtrar,109.228,28.45,27.8,0.65,200,32264,
sostenido 15rps,listar libreta,109.24,44.13,43.11,1.02,200,64478,
sostenido 15rps,abrir ficha,109.261,15.27,14.99,0.28,200,1280,
sostenido 15rps,filtrar,109.275,47.09,45.85,1.24,200,32452,
sostenido 15rps,abrir ficha,109.294,18.23,17.19,1.05,200,1276,
sostenido 15rps,buscar por texto,109.297,37.33,36.91,0.42,200,32176,
sostenido 15rps,listar libreta,109.394,27.01,25.94,1.07,200,64650,
sostenido 15rps,resumen,109.413,63.52,63.17,0.35,200,229,
sostenido 15rps,listar libreta,109.443,26.05,25.04,1.01,200,64478,
sostenido 15rps,resumen,109.464,59.48,58.79,0.7,200,229,
sostenido 15rps,etiquetas,109.563,20.74,20.07,0.66,200,237,
sostenido 15rps,listar libreta,109.688,110.75,109.82,0.93,200,64659,
sostenido 15rps,listar libreta,109.69,117.29,116.81,0.47,200,64659,
sostenido 15rps,buscar por texto,109.713,107.37,106.66,0.71,200,32139,
sostenido 15rps,resumen,109.756,87.52,87.26,0.26,200,229,
sostenido 15rps,abrir ficha,109.903,11.98,11.07,0.91,200,1280,
sostenido 15rps,abrir ficha,109.972,12.19,11.24,0.95,200,1298,
sostenido 15rps,abrir ficha,109.993,11.33,9.91,1.42,200,1266,
sostenido 15rps,resumen,110.092,63.56,63.11,0.45,200,229,
sostenido 15rps,abrir ficha,110.11,11.35,11.11,0.24,200,1282,
sostenido 15rps,abrir ficha,110.28,12.08,11.38,0.7,200,1293,
sostenido 15rps,listar libreta,110.302,25.82,25.15,0.67,200,64618,
sostenido 15rps,buscar por texto,110.363,35.11,34.69,0.42,200,32098,
sostenido 15rps,resumen,110.516,60.27,58.93,1.34,200,229,
sostenido 15rps,listar libreta,110.596,25.89,24.93,0.96,200,64478,
sostenido 15rps,abrir ficha,110.758,12.02,11.3,0.73,200,1283,
sostenido 15rps,listar libreta,110.808,26.06,25.17,0.89,200,64618,
sostenido 15rps,listar libreta,110.856,28.86,27.9,0.96,200,64659,
sostenido 15rps,filtrar,110.868,29.2,28.03,1.17,200,31887,
sostenido 15rps,filtrar,110.961,30.36,29.71,0.65,200,32448,
sostenido 15rps,buscar por texto,111.006,34.12,33.62,0.5,200,32059,
sostenido 15rps,abrir ficha,111.237,11.41,10.82,0.59,200,1289,
sostenido 15rps,abrir ficha,111.25,9.4,8.52,0.88,200,1291,
sostenido 15rps,buscar por texto,111.282,32.53,32.17,0.36,200,32078,
sostenido 15rps,listar libreta,111.473,26.06,25.59,0.47,200,64478,
sostenido 15rps,buscar por texto,111.603,53.59,52.28,1.31,200,32098,
sostenido 15rps,etiquetas,111.648,21.16,20.55,0.61,200,237,
sostenido 15rps,resumen,112.001,66.98,65.61,1.37,200,229,
sostenido 15rps,resumen,112.029,86.98,85.0,1.98,200,229,
sostenido 15rps,etiquetas,112.045,25.21,23.18,2.03,200,237,
sostenido 15rps,buscar por texto,112.051,33.21,32.32,0.89,200,32059,
sostenido 15rps,historial de la ficha,112.18,16.14,15.62,0.52,200,3935,
sostenido 15rps,resumen,112.231,59.46,57.9,1.55,200,229,
sostenido 15rps,resumen,112.408,60.23,58.41,1.82,200,229,
sostenido 15rps,resumen,112.441,61.52,61.23,0.29,200,229,
sostenido 15rps,listar libreta,112.477,25.3,25.08,0.21,200,64650,
sostenido 15rps,resumen,112.719,63.76,62.84,0.92,200,229,
sostenido 15rps,listar libreta,112.736,25.09,24.82,0.27,200,64618,
sostenido 15rps,etiquetas,112.828,17.62,17.1,0.53,200,237,
sostenido 15rps,resumen,112.83,59.73,58.95,0.78,200,229,
sostenido 15rps,listar libreta,112.872,26.18,25.79,0.39,200,64618,
sostenido 15rps,listar libreta,112.924,31.4,29.91,1.49,200,64618,
sostenido 15rps,buscar por texto,112.931,42.42,42.18,0.24,200,32233,
sostenido 15rps,resumen,112.951,61.23,60.05,1.17,200,229,
sostenido 15rps,listar libreta,113.105,26.52,25.61,0.9,200,64659,
sostenido 15rps,listar libreta,113.156,25.38,25.06,0.32,200,64659,
sostenido 15rps,abrir ficha,113.351,12.22,11.1,1.11,200,1291,
sostenido 15rps,resumen,113.411,60.14,59.54,0.6,200,229,
sostenido 15rps,buscar por texto,113.67,35.13,34.42,0.71,200,32331,
sostenido 15rps,listar libreta,113.731,26.55,25.01,1.53,200,64618,
sostenido 15rps,resumen,113.922,61.91,60.64,1.27,200,229,
sostenido 15rps,etiquetas,113.963,17.82,17.46,0.37,200,237,
sostenido 15rps,listar libreta,114.144,98.16,96.99,1.17,200,64659,
sostenido 15rps,etiquetas,114.147,86.41,85.8,0.61,200,237,
sostenido 15rps,resumen,114.15,145.91,145.53,0.38,200,229,
sostenido 15rps,resumen,114.436,83.43,82.64,0.78,200,229,
sostenido 15rps,historial de la ficha,114.531,12.61,12.11,0.5,200,11530,
sostenido 15rps,listar libreta,114.598,41.27,40.89,0.38,200,64618,
sostenido 15rps,listar libreta,114.622,33.94,32.77,1.17,200,64478,
sostenido 15rps,resumen,114.672,57.54,56.71,0.83,200,229,
sostenido 15rps,buscar por texto,114.74,34.03,32.9,1.13,200,32113,
sostenido 15rps,resumen,114.798,58.96,58.24,0.72,200,229,
sostenido 15rps,etiquetas,114.815,16.33,15.87,0.46,200,237,
sostenido 15rps,resumen,114.849,60.66,58.92,1.74,200,229,
sostenido 15rps,etiquetas,114.858,15.17,14.52,0.65,200,237,
sostenido 15rps,resumen,114.952,61.81,60.8,1.01,200,229,
sostenido 15rps,resumen,114.953,65.04,64.12,0.92,200,229,
sostenido 15rps,abrir ficha,115.012,20.69,20.18,0.51,200,1298,
sostenido 15rps,abrir ficha,115.014,19.71,18.89,0.82,200,1279,
sostenido 15rps,listar libreta,115.051,27.79,27.64,0.15,200,64650,
sostenido 15rps,buscar por texto,115.052,39.15,38.63,0.52,200,32331,
sostenido 15rps,abrir ficha,115.138,11.6,10.83,0.77,200,1271,
sostenido 15rps,resumen,115.229,60.91,59.67,1.24,200,229,
sostenido 15rps,etiquetas,115.238,15.85,14.67,1.17,200,237,
sostenido 15rps,filtrar,115.319,26.6,25.55,1.05,200,32271,
sostenido 15rps,etiquetas,115.321,19.6,18.6,1.0,200,237,
sostenido 15rps,buscar por texto,115.395,34.64,33.63,1.01,200,32114,
sostenido 15rps,resumen,115.499,59.62,58.45,1.17,200,229,
sostenido 15rps,etiquetas,115.596,17.03,16.08,0.95,200,237,
sostenido 15rps,abrir ficha,115.836,12.0,10.92,1.08,200,1285,
sostenido 15rps,resumen,115.896,57.86,56.74,1.12,200,229,
sostenido 15rps,filtrar,115.952,27.35,26.75,0.6,200,32161,
sostenido 15rps,resumen,115.964,59.78,58.85,0.93,200,229,
sostenido 15rps,buscar por texto,116.069,44.73,43.85,0.88,200,32176,
sostenido 15rps,listar libreta,116.076,25.23,25.09,0.14,200,64618,
sostenido 15rps,resumen,116.141,57.44,56.45,0.99,200,229,
sostenido 15rps,buscar por texto,116.187,33.86,33.22,0.64,200,32176,
sostenido 15rps,buscar por texto,116.201,31.07,30.51,0.56,200,31997,
sostenido 15rps,listar libreta,116.245,24.04,22.77,1.27,200,64478,
sostenido 15rps,duplicados,116.314,3680.32,3679.09,1.24,200,1482549,
sostenido 15rps,filtrar,116.379,34.66,34.32,0.34,200,32302,
sostenido 15rps,buscar por texto,116.623,39.03,38.38,0.65,200,32147,
sostenido 15rps,abrir ficha,116.629,13.25,12.52,0.73,200,1268,
sostenido 15rps,resumen,116.666,354.56,353.9,0.66,200,229,
sostenido 15rps,buscar por texto,116.696,440.58,439.83,0.75,200,32098,
sostenido 15rps,resumen,116.754,350.04,349.24,0.8,200,229,
sostenido 15rps,resumen,116.808,298.11,296.99,1.13,200,229,
sostenido 15rps,resumen,116.839,289.17,288.82,0.35,200,229,
sostenido 15rps,abrir ficha,116.859,267.72,266.89,0.83,200,1269,
sostenido 15rps,listar libreta,116.861,310.78,310.67,0.11,200,64618,
sostenido 15rps,resumen,116.904,236.27,235.98,0.28,200,229,
sostenido 15rps,etiquetas,116.978,122.71,121.22,1.49,200,237,
sostenido 15rps,listar libreta,116.978,212.93,211.27,1.66,200,64618,
sostenido 15rps,listar libreta,117.182,63.85,62.97,0.88,200,64478,
sostenido 15rps,listar libreta,117.266,211.21,210.21,1.01,200,64659,
sostenido 15rps,resumen,117.354,114.81,114.48,0.34,200,229,
sostenido 15rps,buscar por texto,117.375,91.81,90.96,0.85,200,32098,
sostenido 15rps,listar libreta,117.576,175.56,174.76,0.8,200,64650,
sostenido 15rps,listar libreta,117.588,193.83,193.3,0.53,200,64478,
sostenido 15rps,buscar por texto,117.611,162.67,161.68,0.98,200,32114,
sostenido 15rps,resumen,117.724,106.76,106.4,0.37,200,229,
sostenido 15rps,listar libreta,117.787,62.16,61.99,0.16,200,64478,
sostenido 15rps,listar libreta,117.859,55.31,54.36,0.95,200,64659,
sostenido 15rps,listar libreta,118.111,81.64,81.13,0.5,200,64618,
sostenido 15rps,listar libreta,118.126,65.95,64.38,1.56,200,64650,
sostenido 15rps,etiquetas,118.138,27.21,26.58,0.63,200,237,
sostenido 15rps,listar libreta,118.238,243.64,242.45,1.19,200,64659,
sostenido 15rps,etiquetas,118.578,53.04,52.69,0.36,200,237,
sostenido 15rps,abrir ficha,118.753,107.58,107.04,0.54,200,1292,
sostenido 15rps,filtrar,118.773,191.59,190.41,1.18,200,31887,
sostenido 15rps,listar libreta,118.809,298.92,298.01,0.9,200,64618,
sostenido 15rps,etiquetas,118.839,24.98,24.77,0.21,200,237,
sostenido 15rps,listar libreta,118.861,273.76,273.71,0.04,200,64659,
sostenido 15rps,buscar por texto,118.864,199.76,198.74,1.02,200,32114,
sostenido 15rps,filtrar,118.96,205.86,205.47,0.39,200,32302,
sostenido 15rps,resumen,118.962,105.74,104.99,0.75,200,229,
sostenido 15rps,abrir ficha,118.966,53.49,53.28,0.22,200,1279,
sostenido 15rps,listar libreta,118.988,207.9,207.63,0.27,200,64659,
sostenido 15rps,filtrar,119.147,70.98,69.34,1.63,200,32239,
sostenido 15rps,etiquetas,119.244,24.88,23.37,1.51,200,237,
sostenido 15rps,buscar por texto,119.324,68.24,67.8,0.44,200,32114,
sostenido 15rps,resumen,119.481,480.83,479.6,1.23,200,229,
sostenido 15rps,buscar por texto,119.501,704.48,702.59,1.88,200,32231,
sostenido 15rps,buscar por texto,119.59,488.99,488.6,0.39,200,32114,
sostenido 15rps,abrir ficha,119.665,352.44,351.54,0.9,200,1294,
sostenido 15rps,listar libreta,119.715,557.57,556.73,0.85,200,64478,
sostenido 15rps,listar libreta,119.727,539.54,538.58,0.97,200,64618,
sostenido 15rps,listar libreta,119.728,539.06,538.11,0.95,200,64650,
sostenido 15rps,buscar por texto,119.735,456.79,455.75,1.03,200,32081,
sostenido 15rps,resumen,119.736,345.77,345.15,0.62,200,229,
sostenido 15rps,abrir ficha,119.75,308.68,307.59,1.09,200,1283,
sostenido 15rps,filtrar,119.863,352.82,351.8,1.02,200,32448,
